Country Name,Country Code,Year,Value,Log_Value
AFGHANISTAN,AFG,2000,21.982129603363745,3.134716940161798
AFGHANISTAN,AFG,2001,21.75772059993253,3.1249044548549954
AFGHANISTAN,AFG,2002,22.065007670157353,3.138316649555029
AFGHANISTAN,AFG,2003,22.231987281983724,3.145530091206962
AFGHANISTAN,AFG,2004,22.376700867841695,3.1517398369271947
AFGHANISTAN,AFG,2005,22.548340239281895,3.1590553398165966
AFGHANISTAN,AFG,2006,22.66513329422313,3.16400279588928
AFGHANISTAN,AFG,2007,23.000316297158438,3.178067009309371
AFGHANISTAN,AFG,2008,23.036721337150283,3.1795827167199167
AFGHANISTAN,AFG,2009,23.24226410154041,3.1880975603681705
AFGHANISTAN,AFG,2010,23.486855977862714,3.198136482888573
AFGHANISTAN,AFG,2011,23.602750669320255,3.2028582525134204
AFGHANISTAN,AFG,2012,23.71435383139184,3.207384201622152
AFGHANISTAN,AFG,2013,23.726292281118745,3.207867142315596
AFGHANISTAN,AFG,2014,23.743550642826197,3.2085648749699787
AFGHANISTAN,AFG,2015,23.674744277951145,3.205780221656973
AFGHANISTAN,AFG,2016,23.620092958248385,3.203562896470072
AFGHANISTAN,AFG,2017,23.654643918923274,3.204965277021532
AFGHANISTAN,AFG,2018,23.616590048027458,3.2034206078343255
AFGHANISTAN,AFG,2019,23.657093157947497,3.2050646139815107
AFGHANISTAN,AFG,2020,23.71679213172489,3.207482856034771
AFGHANISTAN,AFG,2021,23.381179928592292,3.1938115202812005
AFGHANISTAN,AFG,2022,23.397563316131063,3.1944832632194164
AFRICA EASTERN AND SOUTHERN,AFE,1960,23.778066806706605,3.209958858900527
AFRICA EASTERN AND SOUTHERN,AFE,1961,23.828187497670868,3.211979600386548
AFRICA EASTERN AND SOUTHERN,AFE,1962,23.888845187664767,3.2144197186645243
AFRICA EASTERN AND SOUTHERN,AFE,1963,23.972840653898302,3.2177888604923375
AFRICA EASTERN AND SOUTHERN,AFE,1964,24.057237974121588,3.2211627268781364
AFRICA EASTERN AND SOUTHERN,AFE,1965,24.13688277759888,3.2243362009474494
AFRICA EASTERN AND SOUTHERN,AFE,1966,24.221261849922087,3.22768736298545
AFRICA EASTERN AND SOUTHERN,AFE,1967,24.304943008216856,3.230999752468953
AFRICA EASTERN AND SOUTHERN,AFE,1968,24.38039310827575,3.2339769510660434
AFRICA EASTERN AND SOUTHERN,AFE,1969,24.48363642498336,3.2380365373569653
AFRICA EASTERN AND SOUTHERN,AFE,1970,24.500666987442585,3.238704608192606
AFRICA EASTERN AND SOUTHERN,AFE,1971,24.58679150749608,3.242076261595602
AFRICA EASTERN AND SOUTHERN,AFE,1972,24.667320540923747,3.2452186084814816
AFRICA EASTERN AND SOUTHERN,AFE,1973,24.92213433306118,3.2550972111905634
AFRICA EASTERN AND SOUTHERN,AFE,1974,25.125806272238155,3.2629235719039906
AFRICA EASTERN AND SOUTHERN,AFE,1975,25.187834584208044,3.265294974086009
AFRICA EASTERN AND SOUTHERN,AFE,1976,25.203901245763213,3.2659083021922193
AFRICA EASTERN AND SOUTHERN,AFE,1977,25.317052831441682,3.2702171256982075
AFRICA EASTERN AND SOUTHERN,AFE,1978,25.431014345093146,3.27453810643039
AFRICA EASTERN AND SOUTHERN,AFE,1979,25.589114055279918,3.280501885981529
AFRICA EASTERN AND SOUTHERN,AFE,1980,25.848212453869994,3.290199243463781
AFRICA EASTERN AND SOUTHERN,AFE,1981,25.90364446466279,3.2922617593886665
AFRICA EASTERN AND SOUTHERN,AFE,1982,25.854954469214768,3.290450327925517
AFRICA EASTERN AND SOUTHERN,AFE,1983,25.91565493522409,3.2927080851823725
AFRICA EASTERN AND SOUTHERN,AFE,1984,25.83650644751313,3.289763141467461
AFRICA EASTERN AND SOUTHERN,AFE,1985,25.68785383810846,3.284208549471758
AFRICA EASTERN AND SOUTHERN,AFE,1986,25.7653520635057,3.287108217635377
AFRICA EASTERN AND SOUTHERN,AFE,1987,25.9480037135161,3.2939092209014356
AFRICA EASTERN AND SOUTHERN,AFE,1988,26.031991901289064,3.297021049814765
AFRICA EASTERN AND SOUTHERN,AFE,1989,26.091452012734994,3.299218254244761
AFRICA EASTERN AND SOUTHERN,AFE,1990,26.249562420736,3.3050374630256805
AFRICA EASTERN AND SOUTHERN,AFE,1991,26.33472321203231,3.30815780652406
AFRICA EASTERN AND SOUTHERN,AFE,1992,26.20154017843412,3.3032735959059982
AFRICA EASTERN AND SOUTHERN,AFE,1993,26.205034909709653,3.303402063146389
AFRICA EASTERN AND SOUTHERN,AFE,1994,26.218648918233608,3.3039023603644515
AFRICA EASTERN AND SOUTHERN,AFE,1995,26.3343226616408,3.3081431528792007
AFRICA EASTERN AND SOUTHERN,AFE,1996,26.330975430827806,3.308020690149316
AFRICA EASTERN AND SOUTHERN,AFE,1997,26.38763256315296,3.3100915451893034
AFRICA EASTERN AND SOUTHERN,AFE,1998,26.317358579642185,3.307522345535011
AFRICA EASTERN AND SOUTHERN,AFE,1999,26.304614320584122,3.3070557106402005
AFRICA EASTERN AND SOUTHERN,AFE,2000,26.383450424273438,3.309938831798969
AFRICA EASTERN AND SOUTHERN,AFE,2001,26.287756463504902,3.30643812040285
AFRICA EASTERN AND SOUTHERN,AFE,2002,26.31356242216778,3.3073833708514107
AFRICA EASTERN AND SOUTHERN,AFE,2003,26.59739953516149,3.31772154854362
AFRICA EASTERN AND SOUTHERN,AFE,2004,26.816149560138076,3.3256167714576454
AFRICA EASTERN AND SOUTHERN,AFE,2005,26.970652919033885,3.3311558504892806
AFRICA EASTERN AND SOUTHERN,AFE,2006,27.08670893972351,3.3352964729750356
AFRICA EASTERN AND SOUTHERN,AFE,2007,27.22395277570624,3.340171006626632
AFRICA EASTERN AND SOUTHERN,AFE,2008,27.29345122417734,3.3426303723647055
AFRICA EASTERN AND SOUTHERN,AFE,2009,27.296226928745092,3.3427284716881362
AFRICA EASTERN AND SOUTHERN,AFE,2010,27.46780742600847,3.3487738848366706
AFRICA EASTERN AND SOUTHERN,AFE,2011,27.574915363181688,3.3525292477580866
AFRICA EASTERN AND SOUTHERN,AFE,2012,27.582540276372807,3.3527960515600066
AFRICA EASTERN AND SOUTHERN,AFE,2013,27.59367980347215,3.3531857075122447
AFRICA EASTERN AND SOUTHERN,AFE,2014,27.610501687469437,3.353773842296931
AFRICA EASTERN AND SOUTHERN,AFE,2015,27.524877711767736,3.350776608684357
AFRICA EASTERN AND SOUTHERN,AFE,2016,27.44448664845867,3.3479543508771177
AFRICA EASTERN AND SOUTHERN,AFE,2017,27.569257919461457,3.3523312417877937
AFRICA EASTERN AND SOUTHERN,AFE,2018,27.643660244029057,3.3549321357431454
AFRICA EASTERN AND SOUTHERN,AFE,2019,27.637527199873254,3.3547179975783163
AFRICA EASTERN AND SOUTHERN,AFE,2020,27.55745432121784,3.351917999087536
AFRICA EASTERN AND SOUTHERN,AFE,2021,27.714233101895914,3.357392926729802
AFRICA EASTERN AND SOUTHERN,AFE,2022,27.799887670459075,3.360371486803012
AFRICA EASTERN AND SOUTHERN,AFE,2023,27.843033379694628,3.361868486486824
AFRICA WESTERN AND CENTRAL,AFW,1960,23.19846959997109,3.1862893914923123
AFRICA WESTERN AND CENTRAL,AFW,1961,23.263738236324937,3.1889829821779445
AFRICA WESTERN AND CENTRAL,AFW,1962,23.33383765783895,3.191867877930122
AFRICA WESTERN AND CENTRAL,AFW,1963,23.39326624698598,3.1943071207272853
AFRICA WESTERN AND CENTRAL,AFW,1964,23.481318649106818,3.197910322578466
AFRICA WESTERN AND CENTRAL,AFW,1965,23.552617617676837,3.200818472494558
AFRICA WESTERN AND CENTRAL,AFW,1966,23.616302889884096,3.2034089425379664
AFRICA WESTERN AND CENTRAL,AFW,1967,23.526369704558704,3.1997488532113287
AFRICA WESTERN AND CENTRAL,AFW,1968,23.557813375688124,3.201030067380841
AFRICA WESTERN AND CENTRAL,AFW,1969,23.683438714325945,3.2061325213543137
AFRICA WESTERN AND CENTRAL,AFW,1970,24.007821071674968,3.2191886188100733
AFRICA WESTERN AND CENTRAL,AFW,1971,23.92222935089287,3.2157601502266204
AFRICA WESTERN AND CENTRAL,AFW,1972,24.107449819441374,3.223164607655116
AFRICA WESTERN AND CENTRAL,AFW,1973,24.331549815925307,3.2320506471369357
AFRICA WESTERN AND CENTRAL,AFW,1974,24.629033186673393,3.2437258177243176
AFRICA WESTERN AND CENTRAL,AFW,1975,24.77123215057843,3.249258836892552
AFRICA WESTERN AND CENTRAL,AFW,1976,24.948438641707423,3.2561114398521163
AFRICA WESTERN AND CENTRAL,AFW,1977,24.997020716022394,3.257981943610501
AFRICA WESTERN AND CENTRAL,AFW,1978,25.089913569384617,3.2615487863560517
AFRICA WESTERN AND CENTRAL,AFW,1979,25.294695552871723,3.269367228836677
AFRICA WESTERN AND CENTRAL,AFW,1980,25.51492455246237,3.2777077651187945
AFRICA WESTERN AND CENTRAL,AFW,1981,26.102753084102904,3.299635312545054
AFRICA WESTERN AND CENTRAL,AFW,1982,26.00096172014571,3.295872484634634
AFRICA WESTERN AND CENTRAL,AFW,1983,25.74201983660178,3.2862361049692455
AFRICA WESTERN AND CENTRAL,AFW,1984,25.60012711352448,3.2809159944801634
AFRICA WESTERN AND CENTRAL,AFW,1985,25.649090354701297,3.282755016997462
AFRICA WESTERN AND CENTRAL,AFW,1986,25.416785685409902,3.273999629520515
AFRICA WESTERN AND CENTRAL,AFW,1987,25.444393162622937,3.2750441571048308
AFRICA WESTERN AND CENTRAL,AFW,1988,25.43484038755511,3.274682851748062
AFRICA WESTERN AND CENTRAL,AFW,1989,25.367025493286416,3.272114195113518
AFRICA WESTERN AND CENTRAL,AFW,1990,25.541216625050886,3.278698869038424
AFRICA WESTERN AND CENTRAL,AFW,1991,25.59035403794978,3.280548519869176
AFRICA WESTERN AND CENTRAL,AFW,1992,25.548369533194506,3.2789683346230896
AFRICA WESTERN AND CENTRAL,AFW,1993,25.588740845697615,3.2804878497033454
AFRICA WESTERN AND CENTRAL,AFW,1994,25.62688662644527,3.281921480728406
AFRICA WESTERN AND CENTRAL,AFW,1995,26.056839265768776,3.2979398112555818
AFRICA WESTERN AND CENTRAL,AFW,1996,26.293901254650397,3.3066632799684745
AFRICA WESTERN AND CENTRAL,AFW,1997,26.342732336109492,3.308450765443021
AFRICA WESTERN AND CENTRAL,AFW,1998,26.414140144309023,3.311058943939882
AFRICA WESTERN AND CENTRAL,AFW,1999,25.661103517356867,3.283205706142872
AFRICA WESTERN AND CENTRAL,AFW,2000,25.680078910288056,3.2839171787000225
AFRICA WESTERN AND CENTRAL,AFW,2001,25.730240176840788,3.2857955154019223
AFRICA WESTERN AND CENTRAL,AFW,2002,25.908931936941908,3.2924582737594585
AFRICA WESTERN AND CENTRAL,AFW,2003,26.055897930555254,3.2979050196238
AFRICA WESTERN AND CENTRAL,AFW,2004,26.268836330538345,3.3057445237995395
AFRICA WESTERN AND CENTRAL,AFW,2005,26.46758007245591,3.3130064027595214
AFRICA WESTERN AND CENTRAL,AFW,2006,26.707425733656898,3.3217004542943918
AFRICA WESTERN AND CENTRAL,AFW,2007,26.8667720856389,3.3274350143928633
AFRICA WESTERN AND CENTRAL,AFW,2008,27.065278030687683,3.3345331550148827
AFRICA WESTERN AND CENTRAL,AFW,2009,26.954834446306926,3.3305901523114367
AFRICA WESTERN AND CENTRAL,AFW,2010,27.118022643788038,3.3364107459702885
AFRICA WESTERN AND CENTRAL,AFW,2011,27.24863755440551,3.3410452282667977
AFRICA WESTERN AND CENTRAL,AFW,2012,27.3269381441151,3.3438132297846495
AFRICA WESTERN AND CENTRAL,AFW,2013,27.449691797426517,3.348137327382783
AFRICA WESTERN AND CENTRAL,AFW,2014,27.519626250412678,3.3505924906359863
AFRICA WESTERN AND CENTRAL,AFW,2015,27.368834348610672,3.3452911605113904
AFRICA WESTERN AND CENTRAL,AFW,2016,27.263113443075525,3.341557542563599
AFRICA WESTERN AND CENTRAL,AFW,2017,27.253779199739864,3.3412272256270494
AFRICA WESTERN AND CENTRAL,AFW,2018,27.36730239878774,3.345237157898201
AFRICA WESTERN AND CENTRAL,AFW,2019,27.437355818462088,3.347703626578302
AFRICA WESTERN AND CENTRAL,AFW,2020,27.391680496225106,3.3460961619780134
AFRICA WESTERN AND CENTRAL,AFW,2021,27.46377697785078,3.3486322956570747
AFRICA WESTERN AND CENTRAL,AFW,2022,27.49993336981823,3.349901749370757
AFRICA WESTERN AND CENTRAL,AFW,2023,27.403601130632474,3.3465159375030553
ALBANIA,ALB,1984,21.34241011424547,3.106486671181306
ALBANIA,ALB,1985,21.363565946395923,3.1074331143906413
ALBANIA,ALB,1986,21.463929156164117,3.1119108741776422
ALBANIA,ALB,1987,21.456016469905627,3.1115585724893813
ALBANIA,ALB,1988,21.44170849711637,3.110921213991412
ALBANIA,ALB,1989,21.535568444336352,3.1150948807783774
ALBANIA,ALB,1990,21.430588937671608,3.110425604882539
ALBANIA,ALB,1991,20.818175052536944,3.082743340451516
ALBANIA,ALB,1992,20.295823474735304,3.0585109724906445
ALBANIA,ALB,1993,20.893274794215948,3.0861795026394776
ALBANIA,ALB,1994,21.355043264868357,3.107051945039399
ALBANIA,ALB,1995,21.59571537669883,3.1177603032028913
ALBANIA,ALB,1996,21.886304395269722,3.1305386703082396
ALBANIA,ALB,1997,21.537972900375102,3.1152015711323764
ALBANIA,ALB,1998,21.657775409602014,3.1205030782123044
ALBANIA,ALB,1999,21.890197506217074,3.1307087624207877
ALBANIA,ALB,2000,21.97040021116644,3.13420643976065
ALBANIA,ALB,2001,22.089893263916167,3.1393950007448996
ALBANIA,ALB,2002,22.192997501159283,3.143850401265282
ALBANIA,ALB,2003,22.448083233422647,3.1547887531047243
ALBANIA,ALB,2004,22.695217622955866,3.1652732397182017
ALBANIA,ALB,2005,22.80919593833745,3.170071890014126
ALBANIA,ALB,2006,22.90887600569553,3.1742497709840585
ALBANIA,ALB,2007,23.091388157162754,3.1818544387591525
ALBANIA,ALB,2008,23.2790465904361,3.189613698140091
ALBANIA,ALB,2009,23.21184951398097,3.186842162661578
ALBANIA,ALB,2010,23.202064421744733,3.1864379362078994
ALBANIA,ALB,2011,23.27977663704129,3.189643766686103
ALBANIA,ALB,2012,23.23447633679004,3.1877762613391125
ALBANIA,ALB,2013,23.270851819477734,3.189276116752505
ALBANIA,ALB,2014,23.30561278381182,3.1907073024327044
ALBANIA,ALB,2015,23.15572529115878,3.1845214240991044
ALBANIA,ALB,2016,23.196538391574382,3.186209581260725
ALBANIA,ALB,2017,23.28973144522132,3.1900536867661073
ALBANIA,ALB,2018,23.441690306433365,3.1962902933862103
ALBANIA,ALB,2019,23.45775191902779,3.1969472175735243
ALBANIA,ALB,2020,23.442106557444934,3.196307323610468
ALBANIA,ALB,2021,23.60977264212687,3.2031436259257866
ALBANIA,ALB,2022,23.663293990103746,3.2053160650567145
ALBANIA,ALB,2023,23.857789053817122,3.2131711462392447
ALGERIA,DZA,1960,21.725226044673814,3.1234755869744157
ALGERIA,DZA,1961,21.61310870962123,3.1185297695242173
ALGERIA,DZA,1962,21.41713502875292,3.10982562307154
ALGERIA,DZA,1963,21.717621451476465,3.123140898736889
ALGERIA,DZA,1964,21.791183988572932,3.126373794017516
ALGERIA,DZA,1965,21.866304594398848,3.129664411874179
ALGERIA,DZA,1966,21.835077031374517,3.1282978200218796
ALGERIA,DZA,1967,21.938436819862403,3.132813967263595
ALGERIA,DZA,1968,22.071896499098063,3.13861527509638
ALGERIA,DZA,1969,22.17189001558356,3.142939906787051
ALGERIA,DZA,1970,22.305029710550258,3.1486692046812292
ALGERIA,DZA,1971,22.34802243566295,3.1505122882654852
ALGERIA,DZA,1972,22.635285856461138,3.162740758797029
ALGERIA,DZA,1973,22.88749177808879,3.1733549653732935
ALGERIA,DZA,1974,23.30423023748524,3.1906504190427976
ALGERIA,DZA,1975,23.467834562167237,3.1973593799616467
ALGERIA,DZA,1976,23.59842473791509,3.202682405843884
ALGERIA,DZA,1977,23.76645947243906,3.2094902971702353
ALGERIA,DZA,1978,23.995283915733502,3.218687163702142
ALGERIA,DZA,1979,24.227131318756285,3.2279200549897746
ALGERIA,DZA,1980,24.469135766280655,3.237467356977937
ALGERIA,DZA,1981,24.51534676303073,3.2392801049793642
ALGERIA,DZA,1982,24.5345214835662,3.240031320294733
ALGERIA,DZA,1983,24.611024219091227,3.243022892347748
ALGERIA,DZA,1984,24.706651804447294,3.246749783487513
ALGERIA,DZA,1985,24.782637043491828,3.2497012825625955
ALGERIA,DZA,1986,24.877324926933916,3.2533670997977153
ALGERIA,DZA,1987,24.924157486204393,3.2551752554661806
ALGERIA,DZA,1988,24.8023173351176,3.2504643070846746
ALGERIA,DZA,1989,24.74207333200925,3.24812674795319
ALGERIA,DZA,1990,24.851182295629847,3.252356336683393
ALGERIA,DZA,1991,24.545707105090685,3.2404692831626503
ALGERIA,DZA,1992,24.594532123786195,3.2423787397575543
ALGERIA,DZA,1993,24.634199938787187,3.243927395027046
ALGERIA,DZA,1994,24.473785322560275,3.2376498968163743
ALGERIA,DZA,1995,24.45530754515822,3.236924269196781
ALGERIA,DZA,1996,24.572169137715004,3.2415046170588546
ALGERIA,DZA,1997,24.5981602696452,3.2425204844361577
ALGERIA,DZA,1998,24.598371340071008,3.2425287299332326
ALGERIA,DZA,1999,24.60772588484965,3.242894098332297
ALGERIA,DZA,2000,24.726780806978912,3.247532504085275
ALGERIA,DZA,2001,24.807785642645104,3.250676215499208
ALGERIA,DZA,2002,24.84256482148647,3.252022931786136
ALGERIA,DZA,2003,25.020309910521988,3.2588773834869884
ALGERIA,DZA,2004,25.24411572340207,3.2674418009913544
ALGERIA,DZA,2005,25.396530265025575,3.2732325721595843
ALGERIA,DZA,2006,25.53613498781733,3.278507388601112
ALGERIA,DZA,2007,25.68248670517759,3.2840074215458603
ALGERIA,DZA,2008,25.918352908034144,3.292808318210542
ALGERIA,DZA,2009,25.736014177515752,3.286011502131015
ALGERIA,DZA,2010,25.903841095410378,3.2922690680649795
ALGERIA,DZA,2011,26.10928243393295,3.299876194474656
ALGERIA,DZA,2012,26.148848896639564,3.301334647567299
ALGERIA,DZA,2013,26.16004617340552,3.3017470027408
ALGERIA,DZA,2014,26.199489461321832,3.303198203321452
ALGERIA,DZA,2015,25.95701191173643,3.2942434457671443
ALGERIA,DZA,2016,25.92045726225832,3.2928864906002584
ALGERIA,DZA,2017,25.969662854144143,3.294712636300205
ALGERIA,DZA,2018,25.993978082400425,3.2956138071433814
ALGERIA,DZA,2019,25.98833486303681,3.2954047305374985
ALGERIA,DZA,2020,25.82844383656667,3.2894626618820166
ALGERIA,DZA,2021,25.950438475051847,3.293999567168917
ALGERIA,DZA,2022,26.141853173594257,3.301076934079823
ALGERIA,DZA,2023,26.20348588560491,3.3033451226494774
AMERICAN SAMOA,ASM,2002,20.05383518300378,3.047082737500011
AMERICAN SAMOA,ASM,2003,20.077002242285317,3.048182504940316
AMERICAN SAMOA,ASM,2004,20.047958574514798,3.046803575592516
AMERICAN SAMOA,ASM,2005,20.030118656386467,3.0459556319424603
AMERICAN SAMOA,ASM,2006,20.016019732006963,3.0452849912868216
AMERICAN SAMOA,ASM,2007,20.065485800223758,3.047635957126783
AMERICAN SAMOA,ASM,2008,20.14344734169347,3.051330039129017
AMERICAN SAMOA,ASM,2009,20.330223248836806,3.0601249988530905
AMERICAN SAMOA,ASM,2010,20.166396274679013,3.052414842724329
AMERICAN SAMOA,ASM,2011,20.16114691879287,3.052166807732595
AMERICAN SAMOA,ASM,2012,20.276978734317993,3.057625677623017
AMERICAN SAMOA,ASM,2013,20.273848841309064,3.0574785644789064
AMERICAN SAMOA,ASM,2014,20.281655282201893,3.057845447266042
AMERICAN SAMOA,ASM,2015,20.327255887609002,3.0599858738371424
AMERICAN SAMOA,ASM,2016,20.324279694935957,3.0598463153130595
AMERICAN SAMOA,ASM,2017,20.2322428404766,3.055520914999793
AMERICAN SAMOA,ASM,2018,20.27541501234181,3.0575521813122712
AMERICAN SAMOA,ASM,2019,20.287856852465175,3.0581368093228836
AMERICAN SAMOA,ASM,2020,20.396149695249225,3.0632109850573737
AMERICAN SAMOA,ASM,2021,20.43558376449463,3.065052333851928
AMERICAN SAMOA,ASM,2022,20.58515253481678,3.0720056956869786
ANDORRA,AND,1970,18.18010756403294,2.9538736775747565
ANDORRA,AND,1971,18.308705154031898,2.960556038471316
ANDORRA,AND,1972,18.546558902095324,2.972799255700784
ANDORRA,AND,1973,18.831741098085377,2.9872837398919962
ANDORRA,AND,1974,19.044247819913473,2.997942220816371
ANDORRA,AND,1975,19.209649665289422,3.006160196544323
ANDORRA,AND,1976,19.24171023848209,3.007745338798234
ANDORRA,AND,1977,19.35283654631456,3.013220290200281
ANDORRA,AND,1978,19.545676121774726,3.0226505111039113
ANDORRA,AND,1979,19.83543803608254,3.0366552887034524
ANDORRA,AND,1980,19.916676184633552,3.0405467443859218
ANDORRA,AND,1981,19.77904688317643,3.0339451175920362
ANDORRA,AND,1982,19.744872929848256,3.0322991284273515
ANDORRA,AND,1983,19.608066874354762,3.0256825949843584
ANDORRA,AND,1984,19.61482464438299,3.0260104599079383
ANDORRA,AND,1985,19.664093606628914,3.0283975857207994
ANDORRA,AND,1986,19.993446399924792,3.0442103128234566
ANDORRA,AND,1987,20.23109827155793,3.0554670064335343
ANDORRA,AND,1988,20.396740282470887,3.0632385871764174
ANDORRA,AND,1989,20.494468309546882,3.067795614101348
ANDORRA,AND,1990,20.751843276321395,3.0796985022803716
ANDORRA,AND,1991,20.824821348133046,3.083047916039611
ANDORRA,AND,1992,20.91387960173615,3.0871202078427165
ANDORRA,AND,1993,20.730331089038145,3.078709030647347
ANDORRA,AND,1994,20.74065778524318,3.079184138146242
ANDORRA,AND,1995,20.887716390095072,3.0859255840323203
ANDORRA,AND,1996,20.925409742421287,3.087646226449473
ANDORRA,AND,1997,20.889327220622445,3.08599917650889
ANDORRA,AND,1998,20.915499765174353,3.087194138318682
ANDORRA,AND,1999,20.938615174603438,3.088248334104029
ANDORRA,AND,2000,21.08276113203844,3.0947972648604933
ANDORRA,AND,2001,21.16040130800516,3.0983069712821267
ANDORRA,AND,2002,21.291008412504667,3.1041833869533977
ANDORRA,AND,2003,21.584864582868516,3.1172799732005476
ANDORRA,AND,2004,21.7880611650134,3.1262367657032515
ANDORRA,AND,2005,21.874180872520366,3.130008801668864
ANDORRA,AND,2006,21.96434307431337,3.133942711852102
ANDORRA,AND,2007,22.09891002760546,3.139785431462358
ANDORRA,AND,2008,22.13481835778363,3.141338770924796
ANDORRA,AND,2009,22.028614842082778,3.136737566217543
ANDORRA,AND,2010,21.961618542790095,3.1338240629907377
ANDORRA,AND,2011,22.012259771961478,3.1360271074807646
ANDORRA,AND,2012,21.882864333928904,3.1303883480960253
ANDORRA,AND,2013,21.884387386077215,3.1304549045131855
ANDORRA,AND,2014,21.908571162030704,3.131511127084015
ANDORRA,AND,2015,21.749264872197873,3.1245328315648897
ANDORRA,AND,2016,21.786807090266475,3.1261817320939294
ANDORRA,AND,2017,21.821932151195032,3.127722010051931
ANDORRA,AND,2018,21.89215636083407,3.130794334893705
ANDORRA,AND,2019,21.872301668683384,3.129926644364798
ANDORRA,AND,2020,21.78486869754578,3.1260966620284396
ANDORRA,AND,2021,21.92464017164951,3.1322123221261955
ANDORRA,AND,2022,21.94131964976427,3.132939636191571
ANDORRA,AND,2023,22.03905017441595,3.1371906099091618
ANGOLA,AGO,1993,22.494822598856945,3.1567800819349534
ANGOLA,AGO,1994,22.212122685243774,3.1446746717376137
ANGOLA,AGO,1995,22.43501794768556,3.154231397223984
ANGOLA,AGO,1996,22.60050832471216,3.1612682509823182
ANGOLA,AGO,1997,22.761289347053243,3.1680577584704968
ANGOLA,AGO,1998,22.596050184727986,3.161079332970572
ANGOLA,AGO,1999,22.54019314086071,3.158709306592894
ANGOLA,AGO,2000,22.934787168044927,3.1753329307240907
ANGOLA,AGO,2001,22.91336275249365,3.174437413676153
ANGOLA,AGO,2002,23.450176546551273,3.1966374366126553
ANGOLA,AGO,2003,23.60317778046383,3.2028756126631843
ANGOLA,AGO,2004,23.882479028517537,3.2141639023171713
ANGOLA,AGO,2005,24.333396977566977,3.232123563887446
ANGOLA,AGO,2006,24.68181024707209,3.245782968824513
ANGOLA,AGO,2007,24.90174342996473,3.2543102803382653
ANGOLA,AGO,2008,25.206705187164346,3.2660153011985136
ANGOLA,AGO,2009,24.97613999441686,3.257178424161479
ANGOLA,AGO,2010,25.15169256839723,3.2639139137852546
ANGOLA,AGO,2011,25.43988569105274,3.2748736916402796
ANGOLA,AGO,2012,25.575709419862516,3.279997618880644
ANGOLA,AGO,2013,25.60863347315336,3.28123572978719
ANGOLA,AGO,2014,25.635676594258435,3.2822515424964265
ANGOLA,AGO,2015,25.228576134456766,3.266849508549347
ANGOLA,AGO,2016,24.689049816826227,3.246064823938212
ANGOLA,AGO,2017,25.02313504500349,3.2589859517989703
ANGOLA,AGO,2018,25.098402392690435,3.261874101447148
ANGOLA,AGO,2019,24.984507535685584,3.257500496411876
ANGOLA,AGO,2020,24.604861824136073,3.2427822484592603
ANGOLA,AGO,2021,24.92054492430541,3.255035894577339
ANGOLA,AGO,2022,25.371493087616162,3.2722836194530958
ANGOLA,AGO,2023,25.16265244842311,3.264332914737391
ANTIGUA AND BARBUDA,ATG,1977,18.1657407034564,2.9531243468441613
ANTIGUA AND BARBUDA,ATG,1978,18.29322608859925,2.9597540544376675
ANTIGUA AND BARBUDA,ATG,1979,18.51221275167366,2.9710405644864863
ANTIGUA AND BARBUDA,ATG,1980,18.701645863656527,2.9807021786326424
ANTIGUA AND BARBUDA,ATG,1981,18.821989076479007,2.9867918809036973
ANTIGUA AND BARBUDA,ATG,1982,18.930060879058374,2.9922291888642114
ANTIGUA AND BARBUDA,ATG,1983,19.035045225163913,2.997483001393467
ANTIGUA AND BARBUDA,ATG,1984,19.173004875865654,3.00434531835474
ANTIGUA AND BARBUDA,ATG,1985,19.32224129522622,3.011715916589608
ANTIGUA AND BARBUDA,ATG,1986,19.511049269443333,3.0209637296954304
ANTIGUA AND BARBUDA,ATG,1987,19.66437627215525,3.028411264694503
ANTIGUA AND BARBUDA,ATG,1988,19.835013514417767,3.036634913514368
ANTIGUA AND BARBUDA,ATG,1989,19.936133524244543,3.0414765429417705
ANTIGUA AND BARBUDA,ATG,1990,19.986569180235477,3.043882670269932
ANTIGUA AND BARBUDA,ATG,1991,20.038696575432848,3.0463634361136966
ANTIGUA AND BARBUDA,ATG,1992,20.079106331913444,3.0482823286527525
ANTIGUA AND BARBUDA,ATG,1993,20.153456605274943,3.0518033250121097
ANTIGUA AND BARBUDA,ATG,1994,20.253345167222403,3.056514302615251
ANTIGUA AND BARBUDA,ATG,1995,20.238781571232646,3.0558288299087586
ANTIGUA AND BARBUDA,ATG,1996,20.336295311474412,3.0604096277791664
ANTIGUA AND BARBUDA,ATG,1997,20.414554310880625,3.064070798844253
ANTIGUA AND BARBUDA,ATG,1998,20.487243411519945,3.0674594293471493
ANTIGUA AND BARBUDA,ATG,1999,20.54355863751794,3.0700768687378943
ANTIGUA AND BARBUDA,ATG,2000,20.618518302101734,3.073550276194703
ANTIGUA AND BARBUDA,ATG,2001,20.592604396141624,3.072350866994082
ANTIGUA AND BARBUDA,ATG,2002,20.61566825301497,3.0734184338117196
ANTIGUA AND BARBUDA,ATG,2003,20.669818176794923,3.0759204249636865
ANTIGUA AND BARBUDA,ATG,2004,20.749110450588674,3.0795728578748043
ANTIGUA AND BARBUDA,ATG,2005,20.857547411077373,3.0845462811693727
ANTIGUA AND BARBUDA,ATG,2006,20.988355728245335,3.0905130281577655
ANTIGUA AND BARBUDA,ATG,2007,21.120228232562827,3.0964924945287
ANTIGUA AND BARBUDA,ATG,2008,21.16637396606274,3.0985764543679952
ANTIGUA AND BARBUDA,ATG,2009,21.050008353298786,3.0933129807271955
ANTIGUA AND BARBUDA,ATG,2010,20.984287319944368,3.0903279854570975
ANTIGUA AND BARBUDA,ATG,2011,20.971169929889744,3.08973113622541
ANTIGUA AND BARBUDA,ATG,2012,21.00626752904167,3.0913273004692376
ANTIGUA AND BARBUDA,ATG,2013,21.00499969825848,3.0912696865506475
ANTIGUA AND BARBUDA,ATG,2014,21.044500881808663,3.093063177673967
ANTIGUA AND BARBUDA,ATG,2015,21.08634909261296,3.094959729558748
ANTIGUA AND BARBUDA,ATG,2016,21.121835621921935,3.0965651579272744
ANTIGUA AND BARBUDA,ATG,2017,21.149286133453217,3.0978052672337837
ANTIGUA AND BARBUDA,ATG,2018,21.231004478660182,3.1014879126799655
ANTIGUA AND BARBUDA,ATG,2019,21.268696838718284,3.1031819631098068
ANTIGUA AND BARBUDA,ATG,2020,21.067420131072012,3.0941023186045573
ANTIGUA AND BARBUDA,ATG,2021,21.19412326826607,3.0998275361886605
ANTIGUA AND BARBUDA,ATG,2022,21.347991411387696,3.1067364472844825
ANTIGUA AND BARBUDA,ATG,2023,21.43282027193721,3.110525077227898
ARAB WORLD,ARB,1965,24.010625697118062,3.219300762454157
ARAB WORLD,ARB,1966,24.06796555489204,3.2215907582946284
ARAB WORLD,ARB,1967,24.14433015367315,3.224632429924221
ARAB WORLD,ARB,1968,24.2778765517918,3.2299295685905633
ARAB WORLD,ARB,1969,24.37560821824219,3.2337884062665054
ARAB WORLD,ARB,1970,24.486686421080346,3.2381562146880207
ARAB WORLD,ARB,1971,24.633922722148046,3.2439165806408443
ARAB WORLD,ARB,1972,24.817151452072142,3.251039056019967
ARAB WORLD,ARB,1973,25.094394775073116,3.261720531688765
ARAB WORLD,ARB,1974,25.748474969697938,3.2864774612382748
ARAB WORLD,ARB,1975,25.848262624502926,3.2902011121388797
ARAB WORLD,ARB,1976,26.070430990506527,3.2984420248332875
ARAB WORLD,ARB,1977,26.213411491484795,3.3037099213229912
ARAB WORLD,ARB,1978,26.304607601291032,3.3070554645538124
ARAB WORLD,ARB,1979,26.604191398071368,3.317967623442163
ARAB WORLD,ARB,1980,26.910381405851947,3.32899871301745
ARAB WORLD,ARB,1981,26.927721286014307,3.3296197900198488
ARAB WORLD,ARB,1982,26.861245087217025,3.3272366582079353
ARAB WORLD,ARB,1983,26.804348923738836,3.3251924445674534
ARAB WORLD,ARB,1984,26.81052671541435,3.3254146078512843
ARAB WORLD,ARB,1985,26.793771602946325,3.324811952535711
ARAB WORLD,ARB,1986,26.72839286716627,3.322456901481008
ARAB WORLD,ARB,1987,26.790043846149402,3.3246778215203285
ARAB WORLD,ARB,1988,26.785687004323535,3.324521032153167
ARAB WORLD,ARB,1989,26.848828733012187,3.326790909223632
ARAB WORLD,ARB,1990,27.184876059899505,3.3387855241458144
ARAB WORLD,ARB,1991,26.868254481283923,3.3274882087927473
ARAB WORLD,ARB,1992,26.867585932005973,3.3274642188690993
ARAB WORLD,ARB,1993,26.891179734427393,3.328310500294004
ARAB WORLD,ARB,1994,26.934034102271642,3.3298458056987448
ARAB WORLD,ARB,1995,26.989632735616,3.3318341821699664
ARAB WORLD,ARB,1996,27.066769056650482,3.3345862806727027
ARAB WORLD,ARB,1997,27.14064272607982,3.3372148917267515
ARAB WORLD,ARB,1998,27.114751179927524,3.3362943916223964
ARAB WORLD,ARB,1999,27.22030633866803,3.3400418017402362
ARAB WORLD,ARB,2000,27.357451697664416,3.34488984211414
ARAB WORLD,ARB,2001,27.332581139722812,3.344012419460019
ARAB WORLD,ARB,2002,27.33493916663074,3.3440956426854767
ARAB WORLD,ARB,2003,27.44104211164488,3.3478332467266214
ARAB WORLD,ARB,2004,27.61458761011068,3.3539166440888843
ARAB WORLD,ARB,2005,27.817995054431353,3.361000020296853
ARAB WORLD,ARB,2006,27.991564997332063,3.367004925516908
ARAB WORLD,ARB,2007,28.14290179619677,3.3722113770101676
ARAB WORLD,ARB,2008,28.377316498012508,3.3802228288618843
ARAB WORLD,ARB,2009,28.23138603176847,3.375242996123086
ARAB WORLD,ARB,2010,28.39846482295161,3.380942456074878
ARAB WORLD,ARB,2011,28.570971803460452,3.3867931978309698
ARAB WORLD,ARB,2012,28.658415087381353,3.389745899253081
ARAB WORLD,ARB,2013,28.68109842512156,3.390510426547033
ARAB WORLD,ARB,2014,28.69748064777769,3.3910622155365164
ARAB WORLD,ARB,2015,28.56481235609449,3.386584882426827
ARAB WORLD,ARB,2016,28.5472982130017,3.385992308639944
ARAB WORLD,ARB,2017,28.575336937180715,3.386940802434575
ARAB WORLD,ARB,2018,28.683779181354,3.3906007411014416
ARAB WORLD,ARB,2019,28.695272683948538,3.39098786424932
ARAB WORLD,ARB,2020,28.577473700865987,3.3870130479851466
ARAB WORLD,ARB,2021,28.719285652672777,3.3917961836479313
ARAB WORLD,ARB,2022,28.91574841117053,3.3983850444521853
ARAB WORLD,ARB,2023,28.881357410880444,3.3972347879770877
ARGENTINA,ARG,1983,25.419099057831744,3.274087197749364
ARGENTINA,ARG,1984,25.450552512743727,3.275277047036751
ARGENTINA,ARG,1985,25.205326325772393,3.2659626849822567
ARGENTINA,ARG,1986,25.388720161261098,3.2729366522289824
ARGENTINA,ARG,1987,25.414883767593018,3.273927630364047
ARGENTINA,ARG,1988,25.56688583350606,3.2796655467868563
ARGENTINA,ARG,1989,25.062250017135458,3.2604879078443565
ARGENTINA,ARG,1990,25.674523699156342,3.2837089413266716
ARGENTINA,ARG,1991,25.968815055036142,3.2946812005185167
ARGENTINA,ARG,1992,26.156021947574352,3.301598824642578
ARGENTINA,ARG,1993,26.190235573743525,3.30285792259153
ARGENTINA,ARG,1994,26.274052520190484,3.305935793084242
ARGENTINA,ARG,1995,26.276348476312023,3.306019970508457
ARGENTINA,ARG,1996,26.32961830321514,3.307971033622731
ARGENTINA,ARG,1997,26.40295710146686,3.3106509309819114
ARGENTINA,ARG,1998,26.423536318434483,3.3114016343973742
ARGENTINA,ARG,1999,26.370559085571255,3.3094679497921247
ARGENTINA,ARG,2000,26.372957247455506,3.3095555642548566
ARGENTINA,ARG,2001,26.31684925722117,3.3075037007173704
ARGENTINA,ARG,2002,25.305413059285826,3.269774737750449
ARGENTINA,ARG,2003,25.572064114026396,3.2798604426416613
ARGENTINA,ARG,2004,25.82713601012837,3.289413912937646
ARGENTINA,ARG,2005,26.015248657616944,3.296401471681466
ARGENTINA,ARG,2006,26.172402314736317,3.302201837444099
ARGENTINA,ARG,2007,26.38459480783412,3.3099806219908956
ARGENTINA,ARG,2008,26.613688410916257,3.318311606694377
ARGENTINA,ARG,2009,26.531337707549337,3.3153249088766437
ARGENTINA,ARG,2010,26.772120184396353,3.32403264642006
ARGENTINA,ARG,2011,26.996441142412962,3.3320774000403732
ARGENTINA,ARG,2012,27.025852533234676,3.333127388949935
ARGENTINA,ARG,2013,27.03685942612164,3.33352005254553
ARGENTINA,ARG,2014,26.989174609819035,3.3318178143401145
ARGENTINA,ARG,2015,27.111405784637732,3.336175393793829
ARGENTINA,ARG,2016,27.04678631288357,3.3338740554543924
ARGENTINA,ARG,2017,27.190387367439218,3.338981046338429
ARGENTINA,ARG,2018,26.986320978507653,3.331715854320507
ARGENTINA,ARG,2019,26.827511338168033,3.326025147829884
ARGENTINA,ARG,2020,26.67843072240923,3.3206534355877486
ARGENTINA,ARG,2021,26.913381575663198,3.329106200211215
ARGENTINA,ARG,2022,27.170783062949024,3.3382853792636995
ARGENTINA,ARG,2023,27.185657665764147,3.3388132551539504
ARMENIA,ARM,1990,21.53724183174235,3.1151691334107965
ARMENIA,ARM,1991,21.45075170306233,3.111324097060326
ARMENIA,ARM,1992,20.964512889271777,3.089428100504021
ARMENIA,ARM,1993,20.906680820127825,3.0867916505808384
ARMENIA,ARM,1994,20.99722313155533,3.0909162240987986
ARMENIA,ARM,1995,21.107382980276263,3.09591162423996
ARMENIA,ARM,1996,21.191373260928913,3.0997036215068063
ARMENIA,ARM,1997,21.21765254598067,3.100887132635083
ARMENIA,ARM,1998,21.361812384776027,3.107354699777452
ARMENIA,ARM,1999,21.336006420689664,3.1062000140391643
ARMENIA,ARM,2000,21.37118741886414,3.1077738549544587
ARMENIA,ARM,2001,21.47395898200103,3.112357260352828
ARMENIA,ARM,2002,21.58882524214158,3.1174553256810977
ARMENIA,ARM,2003,21.75540386857192,3.124802649875018
ARMENIA,ARM,2004,21.997682726555517,3.1353934598340993
ARMENIA,ARM,2005,22.31259685606491,3.148993852079153
ARMENIA,ARM,2006,22.577131507010805,3.1602772383035176
ARMENIA,ARM,2007,22.943154007179846,3.1756824377836974
ARMENIA,ARM,2008,23.179605020897483,3.1855095101027535
ARMENIA,ARM,2009,22.880586641731433,3.173065854459316
ARMENIA,ARM,2010,22.949000744267053,3.1759266004089373
ARMENIA,ARM,2011,23.03996208014916,3.179717532300919
ARMENIA,ARM,2012,23.085940884890146,3.181628304500399
ARMENIA,ARM,2013,23.132142811076513,3.1835446784740045
ARMENIA,ARM,2014,23.17509070643673,3.1853227934082953
ARMENIA,ARM,2015,23.079707999295902,3.181369494092009
ARMENIA,ARM,2016,23.07902539618876,3.181341146041342
ARMENIA,ARM,2017,23.167997740083898,3.185029350575756
ARMENIA,ARM,2018,23.2456240633512,3.1882361501044256
ARMENIA,ARM,2019,23.334753046679026,3.1919054951623838
ARMENIA,ARM,2020,23.26026659822021,3.18883989266493
ARMENIA,ARM,2021,23.35363615989458,3.192681167328584
ARMENIA,ARM,2022,23.694371071482486,3.2065753258198253
ARMENIA,ARM,2023,23.91011977547022,3.2152741375913214
ARUBA,ABW,1986,19.820844952936408,3.035954646077851
ARUBA,ABW,1987,20.005230493951213,3.04477147785089
ARUBA,ABW,1988,20.206837957631752,3.054323674842765
ARUBA,ABW,1989,20.36018574701042,3.061528710075271
ARUBA,ABW,1990,20.45513076340006,3.0659638132000286
ARUBA,ABW,1991,20.58637685862704,3.072062414725094
ARUBA,ABW,1992,20.68104621815952,3.0764384327022802
ARUBA,ABW,1993,20.803222593354263,3.082057784253171
ARUBA,ABW,1994,20.943051802565776,3.088450542829589
ARUBA,ABW,1995,21.001405316637598,3.091106329347183
ARUBA,ABW,1996,21.045268367733634,3.0930979923685373
ARUBA,ABW,1997,21.149737798233872,3.097825658869562
ARUBA,ABW,1998,21.23330903178968,3.101591571229918
ARUBA,ABW,1999,21.26727767279483,3.103118231892987
ARUBA,ABW,2000,21.351048829715324,3.106873247462558
ARUBA,ABW,2001,21.363253236653133,3.107419131292871
ARUBA,ABW,2002,21.3971504678057,3.108933739510282
ARUBA,ABW,2003,21.438229171122444,3.1107661635977766
ARUBA,ABW,2004,21.536340741122036,3.1151291503178626
ARUBA,ABW,2005,21.581934794277238,3.117150241245404
ARUBA,ABW,2006,21.62739600054318,3.119161384555414
ARUBA,ABW,2007,21.708202147233585,3.122726187296054
ARUBA,ABW,2008,21.768134315728297,3.125361940650558
ARUBA,ABW,2009,21.660845657878728,3.1206385743156324
ARUBA,ABW,2010,21.620821032315636,3.118870766771776
ARUBA,ABW,2011,21.69323352282622,3.1220667973569998
ARUBA,ABW,2012,21.684609617670255,3.1216867041369194
ARUBA,ABW,2013,21.726779487679448,3.123543942286268
ARUBA,ABW,2014,21.74961194579096,3.124548087923612
ARUBA,ABW,2015,21.80943680655658,3.1271743453538883
ARUBA,ABW,2016,21.816408258305888,3.127479937580998
ARUBA,ABW,2017,21.852222719454986,3.129048386983766
ARUBA,ABW,2018,21.909945276549784,3.131571107835305
ARUBA,ABW,2019,21.945804881816613,3.1331351259771005
ARUBA,ABW,2020,21.662845779104767,3.1207268337298117
ARUBA,ABW,2021,21.85569455082141,3.1292003007694054
ARUBA,ABW,2022,21.988721564211904,3.135003728886649
AUSTRALIA,AUS,1960,23.64678020365777,3.204646271415826
AUSTRALIA,AUS,1961,23.703015219327078,3.206925309840516
AUSTRALIA,AUS,1962,23.715118754901876,3.2074151517201432
AUSTRALIA,AUS,1963,23.793170240606223,3.210568221719234
AUSTRALIA,AUS,1964,23.892998635340152,3.2145865846287416
AUSTRALIA,AUS,1965,23.980445191259875,3.2180933264465446
AUSTRALIA,AUS,1966,24.030439837396383,3.2200926776982546
AUSTRALIA,AUS,1967,24.13911288205827,3.2244249154296427
AUSTRALIA,AUS,1968,24.211071563215974,3.2272832457790814
AUSTRALIA,AUS,1969,24.32558924319282,3.231815317117487
AUSTRALIA,AUS,1970,24.44494172547544,3.236516969823021
AUSTRALIA,AUS,1971,24.53473115763004,3.2400395316568735
AUSTRALIA,AUS,1972,24.67529555136884,3.245529266999345
AUSTRALIA,AUS,1973,24.879502885807096,3.253451261017269
AUSTRALIA,AUS,1974,25.21149640453051,3.2661981085911376
AUSTRALIA,AUS,1975,25.3010958419867,3.2696106053113656
AUSTRALIA,AUS,1976,25.377791327329014,3.272522418512178
AUSTRALIA,AUS,1977,25.42692161834086,3.274383248822507
AUSTRALIA,AUS,1978,25.498108191398074,3.277073341440014
AUSTRALIA,AUS,1979,25.627787221393614,3.281955302922154
AUSTRALIA,AUS,1980,25.733804561848906,3.2859288530508346
AUSTRALIA,AUS,1981,25.89881125485273,3.2920820943619153
AUSTRALIA,AUS,1982,25.991321903648938,3.2955154033647855
AUSTRALIA,AUS,1983,25.900913988487194,3.292160263297761
AUSTRALIA,AUS,1984,25.988641526319714,3.295416093281521
AUSTRALIA,AUS,1985,25.919756046520924,3.2928604425705665
AUSTRALIA,AUS,1986,25.929881850982692,3.2932365195499655
AUSTRALIA,AUS,1987,25.9675871152156,3.294635667640114
AUSTRALIA,AUS,1988,26.187750135341286,3.3027665091869487
AUSTRALIA,AUS,1989,26.426621004906913,3.3115141112479876
AUSTRALIA,AUS,1990,26.464409955024166,3.312890983040204
AUSTRALIA,AUS,1991,26.510061023068605,3.3145517931480764
AUSTRALIA,AUS,1992,26.508685003827612,3.314501773133421
AUSTRALIA,AUS,1993,26.466680165921577,3.3129736397249228
AUSTRALIA,AUS,1994,26.500306488577994,3.31419714964962
AUSTRALIA,AUS,1995,26.631799823285494,3.3189672769978524
AUSTRALIA,AUS,1996,26.718079471148013,3.3220848887738956
AUSTRALIA,AUS,1997,26.800088045297592,3.3250391877886116
AUSTRALIA,AUS,1998,26.71391610701951,3.321934673574428
AUSTRALIA,AUS,1999,26.688520414254768,3.321017901817154
AUSTRALIA,AUS,2000,26.75435441752874,3.3233927438294057
AUSTRALIA,AUS,2001,26.66246109162806,3.320076298837654
AUSTRALIA,AUS,2002,26.70414630985878,3.32158208826791
AUSTRALIA,AUS,2003,26.87117645557545,3.327593052858971
AUSTRALIA,AUS,2004,27.14433507394497,3.337346093621636
AUSTRALIA,AUS,2005,27.268174162373228,3.3417365839237227
AUSTRALIA,AUS,2006,27.341226898160304,3.3443175254270923
AUSTRALIA,AUS,2007,27.47437602933661,3.349004596163799
AUSTRALIA,AUS,2008,27.68561576068801,3.3563958041189923
AUSTRALIA,AUS,2009,27.557118485596344,3.3519062390198338
AUSTRALIA,AUS,2010,27.769817549125715,3.359326835837603
AUSTRALIA,AUS,2011,27.96656529563072,3.366142244021649
AUSTRALIA,AUS,2012,28.06775866120111,3.3696296101604455
AUSTRALIA,AUS,2013,28.086736807116402,3.370282290454073
AUSTRALIA,AUS,2014,28.01532910904032,3.3678242802989162
AUSTRALIA,AUS,2015,27.932435180378754,3.364963290363569
AUSTRALIA,AUS,2016,27.81964021946583,3.3610571067830386
AUSTRALIA,AUS,2017,27.913853023938444,3.3643208236589173
AUSTRALIA,AUS,2018,27.98850929683058,3.366899520322399
AUSTRALIA,AUS,2019,27.963679894811385,3.3660426276360376
AUSTRALIA,AUS,2020,27.916486892892852,3.364411913179056
AUSTRALIA,AUS,2021,28.075087358293914,3.3698817029846997
AUSTRALIA,AUS,2022,28.1574976114603,3.372712087664529
AUSTRALIA,AUS,2023,28.175568060023657,3.3733316487636547
AUSTRIA,AUT,1960,22.617902828937424,3.1620050188907305
AUSTRIA,AUT,1961,22.72142337988677,3.1663785799129007
AUSTRIA,AUT,1962,22.780421733774073,3.168862625915051
AUSTRIA,AUT,1963,22.857093383008166,3.1720815895931667
AUSTRIA,AUT,1964,22.94787631581855,3.1758796483520295
AUSTRIA,AUT,1965,23.033932765557594,3.17946669701318
AUSTRIA,AUT,1966,23.11957287037539,3.1830236631771203
AUSTRIA,AUT,1967,23.18117117909817,3.1855742798738076
AUSTRIA,AUT,1968,23.252908139190534,3.188536533458861
AUSTRIA,AUT,1969,23.340744966986062,3.1921516937872285
AUSTRIA,AUT,1970,23.455878922356394,3.196870633740344
AUSTRIA,AUT,1971,23.605744642102394,3.202979937712973
AUSTRIA,AUT,1972,23.817014283842,3.2115294777718106
AUSTRIA,AUT,1973,24.108180291923674,3.223193701086015
AUSTRIA,AUT,1974,24.28400789355688,3.230172096805735
AUSTRIA,AUT,1975,24.41362436576627,3.235285422570538
AUSTRIA,AUT,1976,24.483534733644152,3.2380325468926374
AUSTRIA,AUT,1977,24.66573577220501,3.245156863912463
AUSTRIA,AUT,1978,24.85124275523888,3.2523586754367093
AUSTRIA,AUT,1979,25.026483232624894,3.2591146054850806
AUSTRIA,AUT,1980,25.13070327743395,3.2631109937296094
AUSTRIA,AUT,1981,24.986427688566668,3.25757438974759
AUSTRIA,AUT,1982,24.98981550638553,3.257704749989709
AUSTRIA,AUT,1983,25.001611330393676,3.2581585103470685
AUSTRIA,AUT,1984,24.942558002525992,3.255884786305763
AUSTRIA,AUT,1985,24.96296211580965,3.2566709884009604
AUSTRIA,AUT,1986,25.318750922790095,3.2702816479901795
AUSTRIA,AUT,1987,25.54490488828079,3.2788378229921387
AUSTRIA,AUT,1988,25.616163572453157,3.2815186843410076
AUSTRIA,AUT,1989,25.614410179068834,3.2814528051568703
AUSTRIA,AUT,1990,25.838041219358033,3.2898203295356248
AUSTRIA,AUT,1991,25.88113755071896,3.2914248343546992
AUSTRIA,AUT,1992,25.99666596512663,3.295713375606616
AUSTRIA,AUT,1993,25.97228644527611,3.2948099109136777
AUSTRIA,AUT,1994,26.03910500984119,3.297284151878511
AUSTRIA,AUT,1995,26.208221608703944,3.3035191926549623
AUSTRIA,AUT,1996,26.192384273548647,3.302936944154385
AUSTRIA,AUT,1997,26.08357323814357,3.2989273905262677
AUSTRIA,AUT,1998,26.108952411630508,3.299864020625641
AUSTRIA,AUT,1999,26.10435670400283,3.2996944789498546
AUSTRIA,AUT,2000,26.007938666128744,3.2961308474589814
AUSTRIA,AUT,2001,26.009048841644397,3.2961719521398245
AUSTRIA,AUT,2002,26.09108532311034,3.2992047189013576
AUSTRIA,AUT,2003,26.29265418952472,3.3066175886763336
AUSTRIA,AUT,2004,26.43189508711551,3.311706390682451
AUSTRIA,AUT,2005,26.479300011946464,3.313432994393124
AUSTRIA,AUT,2006,26.541210174519577,3.3156834347649733
AUSTRIA,AUT,2007,26.68732211438724,3.320974623022178
AUSTRIA,AUT,2008,26.791811639360215,3.324741431962836
AUSTRIA,AUT,2009,26.7191175857513,3.322122340689163
AUSTRIA,AUT,2010,26.695229234818736,3.321260168570102
AUSTRIA,AUT,2011,26.790962496085108,3.324710877774479
AUSTRIA,AUT,2012,26.73796294604684,3.3228019783779925
AUSTRIA,AUT,2013,26.78749508588463,3.324586102444042
AUSTRIA,AUT,2014,26.81589795599027,3.325607726162387
AUSTRIA,AUT,2015,26.66861091529369,3.320298590706143
AUSTRIA,AUT,2016,26.704269239162482,3.3215865254748755
AUSTRIA,AUT,2017,26.756978126141327,3.323487272585763
AUSTRIA,AUT,2018,26.84354385811824,3.3266011211193036
AUSTRIA,AUT,2019,26.820432192117163,3.3257707216771832
AUSTRIA,AUT,2020,26.79872523392098,3.324990164750295
AUSTRIA,AUT,2021,26.895582868012088,3.3284683561504274
AUSTRIA,AUT,2022,26.878000625591906,3.327837869748038
AUSTRIA,AUT,2023,26.969438771006132,3.331112441621284
AZERBAIJAN,AZE,1990,22.907613245492428,3.174196954049015
AZERBAIJAN,AZE,1991,22.399240273180755,3.152703554878505
AZERBAIJAN,AZE,1992,19.912817515670174,3.040362249254234
AZERBAIJAN,AZE,1993,21.174591487561838,3.0989471058190454
AZERBAIJAN,AZE,1994,20.899855255004088,3.086480027440069
AZERBAIJAN,AZE,1995,21.605929955739985,3.118212259282804
AZERBAIJAN,AZE,1996,21.879048120820965,3.130221562535192
AZERBAIJAN,AZE,1997,22.100106246834887,3.139837216947252
AZERBAIJAN,AZE,1998,22.215353548442938,3.1448138506664067
AZERBAIJAN,AZE,1999,22.245237410693665,3.1461002684994543
AZERBAIJAN,AZE,2000,22.385792418482016,3.152128676363074
AZERBAIJAN,AZE,2001,22.465067295989282,3.155512817172773
AZERBAIJAN,AZE,2002,22.553618857684217,3.159279475649824
AZERBAIJAN,AZE,2003,22.70790386882124,3.1658084891181995
AZERBAIJAN,AZE,2004,22.884334108874256,3.173222767402607
AZERBAIJAN,AZE,2005,23.30691781124578,3.1907609934221797
AZERBAIJAN,AZE,2006,23.766927404113694,3.2095091907571334
AZERBAIJAN,AZE,2007,24.221269836712338,3.22768767965434
AZERBAIJAN,AZE,2008,24.61204669994525,3.243062815016804
AZERBAIJAN,AZE,2009,24.514079555478588,3.239230439222023
AZERBAIJAN,AZE,2010,24.691844865327706,3.2461736211291337
AZERBAIJAN,AZE,2011,24.91220511745411,3.25471409776291
AZERBAIJAN,AZE,2012,24.9671783730523,3.2568333702937196
AZERBAIJAN,AZE,2013,25.02949831108393,3.2592304453318377
AZERBAIJAN,AZE,2014,25.04394598986138,3.2597853415689553
AZERBAIJAN,AZE,2015,24.69499511990774,3.2462962305203664
AZERBAIJAN,AZE,2016,24.357345775026864,3.2330684622235637
AZERBAIJAN,AZE,2017,24.433579609756663,3.2360703327899674
AZERBAIJAN,AZE,2018,24.575803559864642,3.2416467310846535
AZERBAIJAN,AZE,2019,24.598090177620445,3.242517746265915
AZERBAIJAN,AZE,2020,24.477300809316045,3.2377878913922795
AZERBAIJAN,AZE,2021,24.72741964175031,3.2475573352852884
AZERBAIJAN,AZE,2022,25.09027363373582,3.261562587163236
AZERBAIJAN,AZE,2023,25.004866655704106,3.258283699571209
"BAHAMAS, THE",BHS,1960,18.95015492679643,2.993236909059926
"BAHAMAS, THE",BHS,1961,19.0630504929167,2.99887983941307
"BAHAMAS, THE",BHS,1962,19.173298478110638,3.004359872463572
"BAHAMAS, THE",BHS,1963,19.286709641045633,3.009965974154319
"BAHAMAS, THE",BHS,1964,19.40150999696409,3.0156089175698897
"BAHAMAS, THE",BHS,1965,19.52059936853453,3.021429228868905
"BAHAMAS, THE",BHS,1966,19.644456175574483,3.0274468172896993
"BAHAMAS, THE",BHS,1967,19.78215993595253,3.0340949232892322
"BAHAMAS, THE",BHS,1968,19.913364503013835,3.0403884045147573
"BAHAMAS, THE",BHS,1969,20.084866760354583,3.04855556801112
"BAHAMAS, THE",BHS,1970,20.10415533999979,3.0494699566377754
"BAHAMAS, THE",BHS,1971,20.167094111413544,3.0524478112666453
"BAHAMAS, THE",BHS,1972,20.197157356315902,3.053867085721275
"BAHAMAS, THE",BHS,1973,20.324130652533118,3.0598393259598047
"BAHAMAS, THE",BHS,1974,20.265032663299593,3.0570640647166245
"BAHAMAS, THE",BHS,1975,20.206086739208246,3.054288250809692
"BAHAMAS, THE",BHS,1976,20.280254612764278,3.0577796292874044
"BAHAMAS, THE",BHS,1977,20.38499197837857,3.0626893665737547
"BAHAMAS, THE",BHS,1978,20.539823652483754,3.069903484716259
"BAHAMAS, THE",BHS,1979,20.85411873309986,3.0843894041483395
"BAHAMAS, THE",BHS,1980,21.012421822654193,3.091606922318196
"BAHAMAS, THE",BHS,1981,21.07848972861783,3.0946038190974914
"BAHAMAS, THE",BHS,1982,21.179614155369144,3.0991735857100036
"BAHAMAS, THE",BHS,1983,21.273004434211,3.1033753816539145
"BAHAMAS, THE",BHS,1984,21.43675471516427,3.1107004496595856
"BAHAMAS, THE",BHS,1985,21.56513465816254,3.116406000828743
"BAHAMAS, THE",BHS,1986,21.62849562146114,3.119209980257709
"BAHAMAS, THE",BHS,1987,21.721689361513103,3.123319946789103
"BAHAMAS, THE",BHS,1988,21.759257763632853,3.1249719972866843
"BAHAMAS, THE",BHS,1989,21.842334134181904,3.1286155745829753
"BAHAMAS, THE",BHS,1990,21.875734798405233,3.1300767329803287
"BAHAMAS, THE",BHS,1991,21.858261483947643,3.129312604903704
"BAHAMAS, THE",BHS,1992,21.85756696802303,3.129282220857382
"BAHAMAS, THE",BHS,1993,21.852083967671586,3.1290423152678404
"BAHAMAS, THE",BHS,1994,21.904686236801837,3.131341528786109
"BAHAMAS, THE",BHS,1995,21.955534510427196,3.1335590625717678
"BAHAMAS, THE",BHS,1996,22.00669656260706,3.1357853284477475
"BAHAMAS, THE",BHS,1997,22.568938831423587,3.159929693932974
"BAHAMAS, THE",BHS,1998,22.645061848919273,3.163154291821717
"BAHAMAS, THE",BHS,1999,22.762389163437874,3.1681040434559735
"BAHAMAS, THE",BHS,2000,22.812220732830905,3.1701989250630165
"BAHAMAS, THE",BHS,2001,22.841667240453088,3.171434774334604
"BAHAMAS, THE",BHS,2002,22.907198016049684,3.174179585813868
"BAHAMAS, THE",BHS,2003,22.905950779777868,3.17412741454703
"BAHAMAS, THE",BHS,2004,22.926614954273642,3.174991435762041
"BAHAMAS, THE",BHS,2005,23.009335294562526,3.178442725325262
"BAHAMAS, THE",BHS,2006,23.042437607294847,3.179820502500575
"BAHAMAS, THE",BHS,2007,23.08584853169148,3.181624470173305
"BAHAMAS, THE",BHS,2008,23.077114223878,3.18126177205801
"BAHAMAS, THE",BHS,2009,23.024045300772816,3.1790552163258052
"BAHAMAS, THE",BHS,2010,23.035381370671907,3.179526968524883
"BAHAMAS, THE",BHS,2011,23.03287122986811,3.1794225278318984
"BAHAMAS, THE",BHS,2012,23.095423633292416,3.1820219317303264
"BAHAMAS, THE",BHS,2013,23.06466771537207,3.18074469486303
"BAHAMAS, THE",BHS,2014,23.11880378798928,3.182991776433019
"BAHAMAS, THE",BHS,2015,23.1804500806182,3.185544458769335
"BAHAMAS, THE",BHS,2016,23.186701969282428,3.1858029767276634
"BAHAMAS, THE",BHS,2017,23.227705469836724,3.1874968324423953
"BAHAMAS, THE",BHS,2018,23.258215833596264,3.188755357266361
"BAHAMAS, THE",BHS,2019,23.289460572448846,3.1900425349638137
"BAHAMAS, THE",BHS,2020,23.021662169319,3.1789560136464714
"BAHAMAS, THE",BHS,2021,23.154147394206337,3.1844561001036027
"BAHAMAS, THE",BHS,2022,23.298652839862786,3.1904209101209475
"BAHAMAS, THE",BHS,2023,23.3862140641362,3.1940179752565285
BAHRAIN,BHR,1970,19.785693665186347,3.0342649455028514
BAHRAIN,BHR,1971,19.86094602141359,3.0378787995229013
BAHRAIN,BHR,1972,20.096058414496202,3.0490862180316136
BAHRAIN,BHR,1973,20.450318072286265,3.0657394738088986
BAHRAIN,BHR,1974,20.764577518796237,3.080283763779624
BAHRAIN,BHR,1975,20.81776441499992,3.082724519381451
BAHRAIN,BHR,1976,21.181772073312626,3.0992708738305352
BAHRAIN,BHR,1977,21.410928144609628,3.109548703492884
BAHRAIN,BHR,1978,21.543945248912813,3.1154665265210477
BAHRAIN,BHR,1979,21.720273783836813,3.123257644125276
BAHRAIN,BHR,1980,21.97426567113055,3.1343747056474074
BAHRAIN,BHR,1981,22.095235470252835,3.1396263395548982
BAHRAIN,BHR,1982,22.145270207823863,3.1417904489808186
BAHRAIN,BHR,1983,22.169485862117682,3.142836148388751
BAHRAIN,BHR,1984,22.214117168462085,3.1447605922526423
BAHRAIN,BHR,1985,22.14694665415111,3.1418628778443134
BAHRAIN,BHR,1986,21.96763563651003,3.1340860787304603
BAHRAIN,BHR,1987,22.073135473297803,3.138668974233517
BAHRAIN,BHR,1988,22.160689095217933,3.1424564059416933
BAHRAIN,BHR,1989,22.203299590702247,3.144294492296593
BAHRAIN,BHR,1990,22.29386125372572,3.1481898603531873
BAHRAIN,BHR,1991,22.38128649589044,3.151935980017263
BAHRAIN,BHR,1992,22.41007812115941,3.1531666185822322
BAHRAIN,BHR,1993,22.5004193336988,3.1570182649780945
BAHRAIN,BHR,1994,22.56866526652894,3.1599180868562087
BAHRAIN,BHR,1995,22.618060247438752,3.1620116840878
BAHRAIN,BHR,1996,22.660303420275635,3.163798682655486
BAHRAIN,BHR,1997,22.700038752243213,3.165476683255496
BAHRAIN,BHR,1998,22.67363873347897,3.1643621393611547
BAHRAIN,BHR,1999,22.74195755781583,3.167243843988258
BAHRAIN,BHR,2000,22.927454876701248,3.1750265392519075
BAHRAIN,BHR,2001,22.917842111568223,3.1746247122859375
BAHRAIN,BHR,2002,22.984352731668665,3.177401648209595
BAHRAIN,BHR,2003,23.12793934278483,3.183370477846293
BAHRAIN,BHR,2004,23.299699730437094,3.190463993498021
BAHRAIN,BHR,2005,23.493897858862056,3.1984240195431264
BAHRAIN,BHR,2006,23.641293867726425,3.204423648152192
BAHRAIN,BHR,2007,23.80195963121475,3.2109226674369187
BAHRAIN,BHR,2008,23.970181028952236,3.217682354123321
BAHRAIN,BHR,2009,23.85607026843385,3.213101999107745
BAHRAIN,BHR,2010,23.97027308764851,3.2176860408617736
BAHRAIN,BHR,2011,24.08282824595699,3.222183478384328
BAHRAIN,BHR,2012,24.149133343487176,3.224823436448514
BAHRAIN,BHR,2013,24.20571959211035,3.227070936704938
BAHRAIN,BHR,2014,24.231453787985394,3.2280913823954296
BAHRAIN,BHR,2015,24.161304534773677,3.2253072800419007
BAHRAIN,BHR,2016,24.19678800355096,3.22671652621709
BAHRAIN,BHR,2017,24.29064533292692,3.2304345776725216
BAHRAIN,BHR,2018,24.355627988935947,3.2330007167941766
BAHRAIN,BHR,2019,24.377898457844953,3.2338786557784824
BAHRAIN,BHR,2020,24.2677496011824,3.229528863266852
BAHRAIN,BHR,2021,24.394202024506647,3.2345208812159636
BAHRAIN,BHR,2022,24.516129061567,3.239310764431151
BAHRAIN,BHR,2023,24.489222066239773,3.2382556987477176
BANGLADESH,BGD,1960,22.17602516319975,3.143118346210322
BANGLADESH,BGD,1961,22.295537642078333,3.1482618247224674
BANGLADESH,BGD,1962,22.348855316064313,3.1505479600466217
BANGLADESH,BGD,1963,22.394637361154476,3.1525068234993667
BANGLADESH,BGD,1964,22.407079011999432,3.153038498493456
BANGLADESH,BGD,1965,22.4993424355982,3.1569724392947185
BANGLADESH,BGD,1966,22.585745906038074,3.1606425425256335
BANGLADESH,BGD,1967,22.70476038250656,3.165675887992786
BANGLADESH,BGD,1968,22.735991257682734,3.166992514673772
BANGLADESH,BGD,1969,22.859915162341235,3.1721998610197453
BANGLADESH,BGD,1970,22.9196814390022,3.1747016112262822
BANGLADESH,BGD,1971,22.89253016513234,3.173565864693022
BANGLADESH,BGD,1972,22.56194799224189,3.1596330375488444
BANGLADESH,BGD,1973,22.813489755478255,3.170252216557658
BANGLADESH,BGD,1974,23.24999082631474,3.1884162390871214
BANGLADESH,BGD,1975,23.69102797144798,3.2064399376239456
BANGLADESH,BGD,1976,23.03749421637423,3.1796148703064127
BANGLADESH,BGD,1977,22.99034284384548,3.1776513678643457
BANGLADESH,BGD,1978,23.30965804012817,3.1908737215951253
BANGLADESH,BGD,1979,23.468321499467276,3.1973792808831427
BANGLADESH,BGD,1980,23.621277728749867,3.203611017409241
BANGLADESH,BGD,1981,23.731405519394563,3.208073914507648
BANGLADESH,BGD,1982,23.642408557240334,3.2044688837761104
BANGLADESH,BGD,1983,23.591678744455074,3.202408123294154
BANGLADESH,BGD,1984,23.66352979704761,3.2053256260592584
BANGLADESH,BGD,1985,23.826884471983732,3.2119271173013058
BANGLADESH,BGD,1986,23.803983965282033,3.2110042840304813
BANGLADESH,BGD,1987,23.913661206979715,3.2154162958717905
BANGLADESH,BGD,1988,24.003387476377565,3.2190113147441357
BANGLADESH,BGD,1989,24.083006133186185,3.222190570351656
BANGLADESH,BGD,1990,24.176370449142265,3.2259058740303304
BANGLADESH,BGD,1991,24.155880614587105,3.2250916908672886
BANGLADESH,BGD,1992,24.17986243430125,3.2260445653090315
BANGLADESH,BGD,1993,24.224806752774384,3.227827905269768
BANGLADESH,BGD,1994,24.242799016509466,3.228540927582719
BANGLADESH,BGD,1995,24.35926517962473,3.2331441535823773
BANGLADESH,BGD,1996,24.56139435128769,3.241083180106231
BANGLADESH,BGD,1997,24.59954371235539,3.2425745275905546
BANGLADESH,BGD,1998,24.634979984110068,3.243957824432163
BANGLADESH,BGD,1999,24.660382738021134,3.2449482748214247
BANGLADESH,BGD,2000,24.700510642248247,3.246510861051962
BANGLADESH,BGD,2001,24.712088571321484,3.2469612537357033
BANGLADESH,BGD,2002,24.725569696121475,3.247485427096729
BANGLADESH,BGD,2003,24.82025571703224,3.2511592892049395
BANGLADESH,BGD,2004,24.899321625629188,3.254216776301825
BANGLADESH,BGD,2005,24.964247226718847,3.2567204850300198
BANGLADESH,BGD,2006,24.99709091948216,3.2579846440493605
BANGLADESH,BGD,2007,25.100426212870172,3.2619516441903404
BANGLADESH,BGD,2008,25.24110092932058,3.267326919343642
BANGLADESH,BGD,2009,25.352886249688492,3.2715778040813834
BANGLADESH,BGD,2010,25.470591106950618,3.2760343471929447
BANGLADESH,BGD,2011,25.580030834673487,3.280160213354911
BANGLADESH,BGD,2012,25.615948683893425,3.2815106106970875
BANGLADESH,BGD,2013,25.73389417986537,3.2859322052810063
BANGLADESH,BGD,2014,25.87590178957106,3.2912300408456554
BANGLADESH,BGD,2015,25.997016948624843,3.2957263765163254
BANGLADESH,BGD,2016,26.303842529345655,3.307027444276965
BANGLADESH,BGD,2017,26.40593514578476,3.310759601097242
BANGLADESH,BGD,2018,26.4958363878818,3.3140345891327456
BANGLADESH,BGD,2019,26.584711828901867,3.3172617000104787
BANGLADESH,BGD,2020,26.647466666682714,3.319534102312712
BANGLADESH,BGD,2021,26.754603881699516,3.323401732078453
BANGLADESH,BGD,2022,26.854778565696794,3.3270045339059737
BANGLADESH,BGD,2023,26.80414899496576,3.325185253983979
BARBADOS,BRB,1960,18.197804410599854,2.9547959188802717
BARBADOS,BRB,1961,18.262426372848907,2.9581563783338756
BARBADOS,BRB,1962,18.301695221938086,2.9601929273871224
BARBADOS,BRB,1963,18.419611956371323,2.9662834810142806
BARBADOS,BRB,1964,18.413174165896475,2.965951916314619
BARBADOS,BRB,1965,18.469674547229804,2.9688581036424395
BARBADOS,BRB,1966,18.544617804790988,2.972699944425481
BARBADOS,BRB,1967,18.648245995065434,2.9779880719935137
BARBADOS,BRB,1968,18.64967648632196,2.9780608743793313
BARBADOS,BRB,1969,18.76705481113871,2.9840166534567114
BARBADOS,BRB,1970,18.92876382725294,2.9921641065736293
BARBADOS,BRB,1971,19.04567880158553,2.998013609406636
BARBADOS,BRB,1972,19.18019182449052,3.0047015205537493
BARBADOS,BRB,1973,19.379151739101644,3.014512404705663
BARBADOS,BRB,1974,19.557902461135097,3.0232454150097254
BARBADOS,BRB,1975,19.81240683900865,3.0355492915268556
BARBADOS,BRB,1976,19.892949268192858,3.039411746464709
BARBADOS,BRB,1977,20.02026561001767,3.045487001430706
BARBADOS,BRB,1978,20.13065824271542,3.050724983187967
BARBADOS,BRB,1979,20.323329097427266,3.059801736142702
BARBADOS,BRB,1980,20.735471656457648,3.0789455645254193
BARBADOS,BRB,1981,20.831406752588162,3.0833496097402153
BARBADOS,BRB,1982,20.875062746278147,3.085347300640851
BARBADOS,BRB,1983,20.935159550857893,3.088090808394226
BARBADOS,BRB,1984,21.02106412087233,3.091999455325471
BARBADOS,BRB,1985,21.066526494949088,3.094061822062038
BARBADOS,BRB,1986,21.160071449228845,3.098292086117064
BARBADOS,BRB,1987,21.256461558504906,3.102632373576079
BARBADOS,BRB,1988,21.318115234025843,3.105398691027617
BARBADOS,BRB,1989,21.419490859491287,3.109930708175241
BARBADOS,BRB,1990,21.4224604236631,3.1100631539806165
BARBADOS,BRB,1991,21.426652268045554,3.1102500849651142
BARBADOS,BRB,1992,21.39467852536035,3.1088233648056347
BARBADOS,BRB,1993,21.44759289201198,3.111183387593906
BARBADOS,BRB,1994,21.48935901901212,3.113042264854183
BARBADOS,BRB,1995,21.51940908341471,3.1143775632919986
BARBADOS,BRB,1996,21.583470926707374,3.11721826376867
BARBADOS,BRB,1997,21.63891001171451,3.1196701078171056
BARBADOS,BRB,1998,21.7589679591777,3.124959263729936
BARBADOS,BRB,1999,21.805688513057913,3.127010001028148
BARBADOS,BRB,2000,21.84151734086687,3.1285798160692444
BARBADOS,BRB,2001,21.839881750054097,3.128508207456285
BARBADOS,BRB,2002,21.85676252746802,3.129247026616803
BARBADOS,BRB,2003,21.889380998716106,3.1306730911661487
BARBADOS,BRB,2004,21.960044592997523,3.1337555136532043
BARBADOS,BRB,2005,22.063385360945688,3.138246310698384
BARBADOS,BRB,2006,22.162466498360093,3.14253314523634
BARBADOS,BRB,2007,22.26565925357633,3.1469784216059162
BARBADOS,BRB,2008,22.28988192319591,3.148019014033501
BARBADOS,BRB,2009,22.219940254723177,3.1450114032570973
BARBADOS,BRB,2010,22.235040809004367,3.1456615188945283
BARBADOS,BRB,2011,22.26278405566936,3.1468548327769703
BARBADOS,BRB,2012,22.254242104501554,3.1464875714978677
BARBADOS,BRB,2013,22.269434331923414,3.1471406681198695
BARBADOS,BRB,2014,22.273344040349482,3.147308673063794
BARBADOS,BRB,2015,22.27901821692446,3.1475524491614157
BARBADOS,BRB,2016,22.30187547379855,3.1485338497700184
BARBADOS,BRB,2017,22.33279530518915,3.149859894766365
BARBADOS,BRB,2018,22.35804887099178,3.150941630113444
BARBADOS,BRB,2019,22.403560875397964,3.1528881849486488
BARBADOS,BRB,2020,22.287655451190407,3.14792341121151
BARBADOS,BRB,2021,22.321698614417034,3.1493841982128674
BARBADOS,BRB,2022,22.48811198672218,3.1564944202478076
BARBADOS,BRB,2023,22.578557725988897,3.1603377280981415
BELARUS,BLR,1992,22.942469321001404,3.1756538410512793
BELARUS,BLR,1993,23.5215629158964,3.199552849489219
BELARUS,BLR,1994,23.428117651347673,3.1957348315989904
BELARUS,BLR,1995,23.360208487686048,3.1929510014128732
BELARUS,BLR,1996,23.41497295807326,3.1951965899182224
BELARUS,BLR,1997,23.371607470588906,3.1934188265035908
BELARUS,BLR,1998,23.445965061836358,3.196465174156486
BELARUS,BLR,1999,23.219626890574588,3.187163332992852
BELARUS,BLR,2000,23.267759743627114,3.189148709900301
BELARUS,BLR,2001,23.237312118926504,3.187893268869886
BELARUS,BLR,2002,23.403938054300085,3.194744514944313
BELARUS,BLR,2003,23.603892752415916,3.202904672387504
BELARUS,BLR,2004,23.864896244102574,3.213457019389147
BELARUS,BLR,2005,24.131441872288384,3.2241197264430914
BELARUS,BLR,2006,24.333153334607424,3.2321139463801143
BELARUS,BLR,2007,24.536036566618186,3.2400906532298044
BELARUS,BLR,2008,24.830067590946673,3.251539223865714
BELARUS,BLR,2009,24.65260145698497,3.244644987798934
BELARUS,BLR,2010,24.770377351563923,3.2492256676134845
BELARUS,BLR,2011,24.846560315881604,3.252177528885331
BELARUS,BLR,2012,24.9081499819744,3.254557590325622
BELARUS,BLR,2013,25.04776344602115,3.259931908314717
BELARUS,BLR,2014,25.090341321104336,3.261565181512443
BELARUS,BLR,2015,24.756707734006138,3.2486950877114475
BELARUS,BLR,2016,24.58869072565909,3.2421504853481107
BELARUS,BLR,2017,24.725592003406486,3.247486294221368
BELARUS,BLR,2018,24.818129827704144,3.2510769516451234
BELARUS,BLR,2019,24.888536644774792,3.2538002701410953
BELARUS,BLR,2020,24.84021555528863,3.251932020802542
BELARUS,BLR,2021,24.967089428550597,3.2568299450215257
BELARUS,BLR,2022,25.024288196601354,3.2590302633720025
BELARUS,BLR,2023,24.997949196393307,3.258017657848727
BELGIUM,BEL,1960,23.1922649101825,3.1860329502588653
BELGIUM,BEL,1961,23.25391847402668,3.1885781908875916
BELGIUM,BEL,1962,23.32126507025184,3.1913510734363695
BELGIUM,BEL,1963,23.393669924338894,3.194323669311173
BELGIUM,BEL,1964,23.50630256631735,3.1989303320729796
BELGIUM,BEL,1965,23.591038782050227,3.202382099420848
BELGIUM,BEL,1966,23.662157421537497,3.2052699805898146
BELGIUM,BEL,1967,23.73154452383495,3.208079535055564
BELGIUM,BEL,1968,23.79849560643894,3.210782990300294
BELGIUM,BEL,1969,23.902138226974447,3.214953672353079
BELGIUM,BEL,1970,24.00816143710811,3.219202229076875
BELGIUM,BEL,1971,24.11850087477414,3.2236046612671774
BELGIUM,BEL,1972,24.339827738723436,3.2323773768716006
BELGIUM,BEL,1973,24.589115083726977,3.242167069023834
BELGIUM,BEL,1974,24.749208029712324,3.248403870509089
BELGIUM,BEL,1975,24.908032730110158,3.254553064640475
BELGIUM,BEL,1976,24.987548414436215,3.2576175161717646
BELGIUM,BEL,1977,25.140175732220587,3.2634734309057123
BELGIUM,BEL,1978,25.34082423315378,3.2711199878966863
BELGIUM,BEL,1979,25.479571792170685,3.2763735599475226
BELGIUM,BEL,1980,25.56610803825691,3.279636269488796
BELGIUM,BEL,1981,25.374651623091903,3.2724033831058454
BELGIUM,BEL,1982,25.24609654673789,3.2675172749988346
BELGIUM,BEL,1983,25.191289406722905,3.2654268900959247
BELGIUM,BEL,1984,25.1463088091648,3.2637080260224476
BELGIUM,BEL,1985,25.18072762868235,3.265023553398902
BELGIUM,BEL,1986,25.51091412788593,3.2775565020861337
BELGIUM,BEL,1987,25.729855653159767,3.285781129955168
BELGIUM,BEL,1988,25.812706788810058,3.2888759090616677
BELGIUM,BEL,1989,25.82447926271663,3.2893148759412614
BELGIUM,BEL,1990,26.047892790748822,3.297609101731241
BELGIUM,BEL,1991,26.072803742429713,3.2985296720503925
BELGIUM,BEL,1992,26.181921780649024,3.3025521119132777
BELGIUM,BEL,1993,26.13812901058336,3.3009397135846466
BELGIUM,BEL,1994,26.224050994767087,3.30410081035168
BELGIUM,BEL,1995,26.38631516173374,3.310043441976948
BELGIUM,BEL,1996,26.35519934114794,3.3089066146816317
BELGIUM,BEL,1997,26.2555007124113,3.305255361743981
BELGIUM,BEL,1998,26.27827115595366,3.306090456918422
BELGIUM,BEL,1999,26.27717742291797,3.3060503607203584
BELGIUM,BEL,2000,26.190449899552704,3.302865805015494
BELGIUM,BEL,2001,26.190254271538173,3.302858610257077
BELGIUM,BEL,2002,26.277711136930254,3.306069926850045
BELGIUM,BEL,2003,26.485576709661785,3.3136613837980304
BELGIUM,BEL,2004,26.63464418830228,3.31907020980166
BELGIUM,BEL,2005,26.678363975293966,3.3206510240639013
BELGIUM,BEL,2006,26.735169673512768,3.322701271156153
BELGIUM,BEL,2007,26.877958644075367,3.3278363638456345
BELGIUM,BEL,2008,26.971943109640318,3.3312019760071596
BELGIUM,BEL,2009,26.903808586343306,3.3287631879819726
BELGIUM,BEL,2010,26.90000774088298,3.3286269662782844
BELGIUM,BEL,2011,26.98347875387477,3.3316142915259674
BELGIUM,BEL,2012,26.930149941834262,3.3297067484294014
BELGIUM,BEL,2013,26.980532990733185,3.331509018045655
BELGIUM,BEL,2014,27.006261664038135,3.3324281160320557
BELGIUM,BEL,2015,26.859556816832608,3.327176060717331
BELGIUM,BEL,2016,26.888815525674104,3.3282257312385863
BELGIUM,BEL,2017,26.943388145242828,3.330180611517708
BELGIUM,BEL,2018,27.020925773217122,3.332951580092437
BELGIUM,BEL,2019,27.007149601651637,3.33245982049688
BELGIUM,BEL,2020,26.98860794898888,3.331797568420956
BELGIUM,BEL,2021,27.121701792499618,3.3365415840479535
BELGIUM,BEL,2022,27.092505611531596,3.335502836551848
BELGIUM,BEL,2023,27.172497857635516,3.338346248799836
BELIZE,BLZ,1960,17.150300226325243,2.8986871019693825
BELIZE,BLZ,1961,17.215540590706393,2.902275108346041
BELIZE,BLZ,1962,17.276786274454256,2.905631745015377
BELIZE,BLZ,1963,17.334494345650874,2.908784222503825
BELIZE,BLZ,1964,17.404420112976148,2.9125908592972
BELIZE,BLZ,1965,17.507137237746736,2.918156454318851
BELIZE,BLZ,1966,17.609876519924686,2.923692435485703
BELIZE,BLZ,1967,17.674791973313408,2.927174591642965
BELIZE,BLZ,1968,17.622171047736593,2.9243528626747497
BELIZE,BLZ,1969,17.674130786667305,2.9271391857143696
BELIZE,BLZ,1970,17.79219507672014,2.9334416281413933
BELIZE,BLZ,1971,17.89431308599462,2.9388609818667177
BELIZE,BLZ,1972,18.005136047816844,2.9447092609431795
BELIZE,BLZ,1973,18.17496903461906,2.9536057323690463
BELIZE,BLZ,1974,18.451796105445876,2.9679394105539423
BELIZE,BLZ,1975,18.58783812233233,2.974908869681578
BELIZE,BLZ,1976,18.391192479684204,2.9648189670893785
BELIZE,BLZ,1977,18.583224673137646,2.974673315735028
BELIZE,BLZ,1978,18.73036889666676,2.982159017105894
BELIZE,BLZ,1979,18.838074422925803,2.987603041850478
BELIZE,BLZ,1980,19.103465532044915,3.000892214732951
BELIZE,BLZ,1981,19.094083554259658,3.0004254212010633
BELIZE,BLZ,1982,19.02065026768118,2.9967642542627373
BELIZE,BLZ,1983,19.073543212478924,2.999402689950825
BELIZE,BLZ,1984,19.18326979061276,3.0048540330492113
BELIZE,BLZ,1985,19.175128753719573,3.004450595980485
BELIZE,BLZ,1986,19.2606877499718,3.008682444442394
BELIZE,BLZ,1987,19.454158986940026,3.0181862352557354
BELIZE,BLZ,1988,19.584123262050795,3.024520063207277
BELIZE,BLZ,1989,19.726669983630615,3.031421275996127
BELIZE,BLZ,1990,20.11755494654686,3.0501046825598666
BELIZE,BLZ,1991,20.204031117374132,3.054191310648258
BELIZE,BLZ,1992,20.357442269170182,3.061400262969408
BELIZE,BLZ,1993,20.435608784618577,3.0650535010750657
BELIZE,BLZ,1994,20.46144578669292,3.0662581061677385
BELIZE,BLZ,1995,20.520527207283322,3.0690072334732093
BELIZE,BLZ,1996,20.55863323624177,3.070776350536064
BELIZE,BLZ,1997,20.584993067656516,3.07199830784253
BELIZE,BLZ,1998,20.646979384746906,3.0748659243796155
BELIZE,BLZ,1999,20.720167510781977,3.078241207318775
BELIZE,BLZ,2000,20.849684157089406,3.0841864663840073
BELIZE,BLZ,2001,20.87866828208289,3.085512111080014
BELIZE,BLZ,2002,20.93842523161503,3.088239676136826
BELIZE,BLZ,2003,20.98822815489962,3.0905072262816558
BELIZE,BLZ,2004,21.055639679899627,3.09356833698575
BELIZE,BLZ,2005,21.10726618740017,3.0959063412453736
BELIZE,BLZ,2006,21.183350026582275,3.099342008685828
BELIZE,BLZ,2007,21.253431804062643,3.1024962351035703
BELIZE,BLZ,2008,21.272497359725573,3.103352615068512
BELIZE,BLZ,2009,21.24293623914369,3.1020244858091823
BELIZE,BLZ,2010,21.276616494411446,3.10353754061882
BELIZE,BLZ,2011,21.32146033978821,3.1055485627826966
BELIZE,BLZ,2012,21.36485824149562,3.1074908984563008
BELIZE,BLZ,2013,21.427232987035282,3.1102759787750465
BELIZE,BLZ,2014,21.477096746402864,3.112496868393444
BELIZE,BLZ,2015,21.50931544155637,3.1139292431526258
BELIZE,BLZ,2016,21.530006642256527,3.1148480492624198
BELIZE,BLZ,2017,21.54157534446954,3.11536139722835
BELIZE,BLZ,2018,21.55303409148163,3.1158696064090945
BELIZE,BLZ,2019,21.59321624131394,3.117649694905773
BELIZE,BLZ,2020,21.439996630050643,3.110844930478488
BELIZE,BLZ,2021,21.608922162227866,3.118344614310061
BELIZE,BLZ,2022,21.76372188788471,3.1251681234761532
BELIZE,BLZ,2023,21.91156647187805,3.1316418691553523
BENIN,BEN,1960,19.23691057430448,3.007508193159192
BENIN,BEN,1961,19.277935528557993,3.009533375146598
BENIN,BEN,1962,19.281183692289304,3.0096935444895547
BENIN,BEN,1963,19.352560127996096,3.0132067087913748
BENIN,BEN,1964,19.413261943579084,3.01618478490326
BENIN,BEN,1965,19.48507653627353,3.019696647202425
BENIN,BEN,1966,19.528996584352903,3.021838354256894
BENIN,BEN,1967,19.539820733931098,3.022365476805612
BENIN,BEN,1968,19.603398568939454,3.025456041262715
BENIN,BEN,1969,19.61686805343074,3.0261095782761505
BENIN,BEN,1970,19.625536299022507,3.0265299342595373
BENIN,BEN,1971,19.629859058692603,3.0267394951980977
BENIN,BEN,1972,19.832476797564848,3.0365131535121668
BENIN,BEN,1973,20.038832726722443,3.0463699075625605
BENIN,BEN,1974,20.133856605659766,3.0508763329887123
BENIN,BEN,1975,20.33298999614292,3.060254700631253
BENIN,BEN,1976,20.36431439220526,3.0617219783496448
BENIN,BEN,1977,20.435650134079708,3.0650554300812196
BENIN,BEN,1978,20.649450788966536,3.0749800864115615
BENIN,BEN,1979,20.894046907609038,3.086214769167009
BENIN,BEN,1980,21.063482373875466,3.0939238605634354
BENIN,BEN,1981,20.978776041635694,3.0900772623310853
BENIN,BEN,1982,20.960532127535743,3.0892468480205957
BENIN,BEN,1983,20.814338140022013,3.082567466441789
BENIN,BEN,1984,20.773135426697603,3.0806768899882653
BENIN,BEN,1985,20.76796458472147,3.0804393745373884
BENIN,BEN,1986,21.013022275370883,3.0916341998495884
BENIN,BEN,1987,21.169496763853374,3.098717324401419
BENIN,BEN,1988,21.205843878231548,3.100355491995432
BENIN,BEN,1989,21.130259387172444,3.096945875059448
BENIN,BEN,1990,21.39619262133221,3.108890972152117
BENIN,BEN,1991,21.409608819630517,3.1094898320438187
BENIN,BEN,1992,21.251134581542814,3.10239299974107
BENIN,BEN,1993,21.54505162114481,3.1155156015641414
BENIN,BEN,1994,21.19206620748399,3.099734846962221
BENIN,BEN,1995,21.49782116389203,3.113418467361
BENIN,BEN,1996,21.58240041589748,3.1171708602412598
BENIN,BEN,1997,21.54229721505583,3.1153934206791036
BENIN,BEN,1998,21.621430351593105,3.1188977026230598
BENIN,BEN,1999,22.025470185753836,3.136601002595362
BENIN,BEN,2000,21.981724394871396,3.1346993085466432
BENIN,BEN,2001,22.02242771423592,3.1364688588206797
BENIN,BEN,2002,22.157002474771478,3.1422972175050816
BENIN,BEN,2003,22.400223714309682,3.1527455827585396
BENIN,BEN,2004,22.546244602898746,3.1589663429014925
BENIN,BEN,2005,22.605422673366537,3.161476459932686
BENIN,BEN,2006,22.674037196134304,3.1643789707112693
BENIN,BEN,2007,22.82361826202563,3.1706774525604935
BENIN,BEN,2008,23.004395859788733,3.1782369744005803
BENIN,BEN,2009,22.999365929975955,3.178027410414607
BENIN,BEN,2010,22.97827125948507,3.177148056070128
BENIN,BEN,2011,23.092885211917267,3.181916577488257
BENIN,BEN,2012,23.133929977470636,3.183618733241326
BENIN,BEN,2013,23.25042107310297,3.1884339810720403
BENIN,BEN,2014,23.30986587521108,3.190882271044654
BENIN,BEN,2015,23.155840143667767,3.184526178758075
BENIN,BEN,2016,23.19314901858009,3.186069494676941
BENIN,BEN,2017,23.264998202774056,3.189034908790581
BENIN,BEN,2018,23.38089310793688,3.193799756193353
BENIN,BEN,2019,23.389848609657463,3.19416700514245
BENIN,BEN,2020,23.476081726546937,3.19769638464305
BENIN,BEN,2021,23.596130996372718,3.202589153998846
BENIN,BEN,2022,23.58119578436924,3.2019817516270477
BENIN,BEN,2023,23.702527445035155,3.2069055641089386
BERMUDA,BMU,1960,18.25186737051655,2.95760806228959
BERMUDA,BMU,1961,18.30695181195737,2.9604652285660342
BERMUDA,BMU,1962,18.360399646400783,2.963229724527972
BERMUDA,BMU,1963,18.383670751651813,2.9644309977969083
BERMUDA,BMU,1964,18.49362120168743,2.9700872941927994
BERMUDA,BMU,1965,18.554678717712147,2.973214578397855
BERMUDA,BMU,1966,18.714643367404825,2.9813616777622127
BERMUDA,BMU,1967,18.859599841981204,2.9886875094704894
BERMUDA,BMU,1968,18.82614585206053,2.9870015641891405
BERMUDA,BMU,1969,18.92084978752983,2.991766911263097
BERMUDA,BMU,1970,19.042868835571817,2.9978734214385536
BERMUDA,BMU,1971,19.16784251281855,3.0040893810896874
BERMUDA,BMU,1972,19.27679675279045,3.0094772152015663
BERMUDA,BMU,1973,19.412078948313326,3.0161268309344633
BERMUDA,BMU,1974,19.56043497595165,3.023368596781052
BERMUDA,BMU,1975,19.659054974995634,3.028153720873555
BERMUDA,BMU,1976,19.77212482763651,3.033611935382296
BERMUDA,BMU,1977,19.918069152577843,3.040613338215217
BERMUDA,BMU,1978,19.98050815583313,3.0435938236392293
BERMUDA,BMU,1979,20.063940204861975,3.0475625834538405
BERMUDA,BMU,1980,20.234364718419464,3.055620846596245
BERMUDA,BMU,1981,20.420943831051016,3.0643691271231313
BERMUDA,BMU,1982,20.48183105639833,3.0672075107188217
BERMUDA,BMU,1983,20.60605763604087,3.072973721485462
BERMUDA,BMU,1984,20.708862574171427,3.0777205907245855
BERMUDA,BMU,1985,20.762005696046373,3.080165591271566
BERMUDA,BMU,1986,20.883256600524206,3.085721805624778
BERMUDA,BMU,1987,20.982934138261157,3.0902664313429753
BERMUDA,BMU,1988,21.070466059535843,3.0942403373785203
BERMUDA,BMU,1989,21.12973046669968,3.096921974445167
BERMUDA,BMU,1990,21.188508149090435,3.099574503908858
BERMUDA,BMU,1991,21.21484747734564,3.1007608706134873
BERMUDA,BMU,1992,21.24200010478044,3.1019823981075776
BERMUDA,BMU,1993,21.322300065738453,3.1055861817441244
BERMUDA,BMU,1994,21.347684450373645,3.106722711682184
BERMUDA,BMU,1995,21.431671019895337,3.1104738450837663
BERMUDA,BMU,1996,21.714808743267966,3.1230170793329948
BERMUDA,BMU,1997,21.79923264122665,3.1267268793074656
BERMUDA,BMU,1998,21.86453779058365,3.1295871421925407
BERMUDA,BMU,1999,21.924564970197174,3.132209041744252
BERMUDA,BMU,2000,21.9703610597872,3.134204735331809
BERMUDA,BMU,2001,22.026309830514723,3.13663746784212
BERMUDA,BMU,2002,22.093742759346995,3.1395617046154136
BERMUDA,BMU,2003,22.15513687116623,3.142216650999945
BERMUDA,BMU,2004,22.223938109528696,3.1451835617828796
BERMUDA,BMU,2005,22.3059769492328,3.1487098491019596
BERMUDA,BMU,2006,22.538741832791782,3.158647652349008
BERMUDA,BMU,2007,22.6353236941965,3.1627423596960114
BERMUDA,BMU,2008,22.66631475372069,3.164052718701555
BERMUDA,BMU,2009,22.61878454046532,3.1620423505317534
BERMUDA,BMU,2010,22.615553062841823,3.161905523054435
BERMUDA,BMU,2011,22.565827888515884,3.159797691883162
BERMUDA,BMU,2012,22.576149881424726,3.1602356027881378
BERMUDA,BMU,2013,22.58978577968858,3.1608138123986387
BERMUDA,BMU,2014,22.581747067308235,3.160472983429428
BERMUDA,BMU,2015,22.618565315716175,3.162033068692285
BERMUDA,BMU,2016,22.654774349915712,3.1635649698245802
BERMUDA,BMU,2017,22.689302930449312,3.1650235931049955
BERMUDA,BMU,2018,22.700948286716336,3.1655150594383588
BERMUDA,BMU,2019,22.72791176625602,3.166652066839102
BERMUDA,BMU,2020,22.6529227578434,3.163486691143247
BERMUDA,BMU,2021,22.709303842521074,3.1658675383017263
BERMUDA,BMU,2022,22.78097033154596,3.1688856949526922
BHUTAN,BTN,1970,17.93960990707747,2.941255491298597
BHUTAN,BTN,1971,18.00954132224654,2.944941027973926
BHUTAN,BTN,1972,18.066001903458652,2.9479067439066196
BHUTAN,BTN,1973,18.183695452611744,2.954060723086783
BHUTAN,BTN,1974,18.347053412812766,2.962540129472648
BHUTAN,BTN,1975,18.279356349986053,2.9590349042883073
BHUTAN,BTN,1976,18.29807530500711,2.9600053658087933
BHUTAN,BTN,1977,18.39929809339167,2.9652368846617367
BHUTAN,BTN,1978,18.359722235223874,2.963194734391368
BHUTAN,BTN,1979,18.47306439797207,2.9690321977530565
BHUTAN,BTN,1980,18.672755334611185,2.9792347006088122
BHUTAN,BTN,1981,18.75123678618232,2.9832161114716307
BHUTAN,BTN,1982,18.76738133083692,2.984033171699038
BHUTAN,BTN,1983,18.869871083490832,2.9892045685452366
BHUTAN,BTN,1984,18.89332771375935,2.9903843847420686
BHUTAN,BTN,1985,18.911031063989824,2.991273902972804
BHUTAN,BTN,1986,19.06892530037212,2.9991726138096078
BHUTAN,BTN,1987,19.30751286594487,3.0109909094990863
BHUTAN,BTN,1988,19.422407857147512,3.016632722393498
BHUTAN,BTN,1989,19.39448019380567,3.015264285502124
BHUTAN,BTN,1990,19.477654757489216,3.01933427981963
BHUTAN,BTN,1991,19.29737492188018,3.010491563492846
BHUTAN,BTN,1992,19.29712205470533,3.0104791052931543
BHUTAN,BTN,1993,19.235929147085496,3.0074596950935293
BHUTAN,BTN,1994,19.372163731972364,3.014169446098463
BHUTAN,BTN,1995,19.487083096995857,3.01979459472298
BHUTAN,BTN,1996,19.530590131488125,3.021915975453963
BHUTAN,BTN,1997,19.679792307994138,3.02915700645605
BHUTAN,BTN,1998,19.71117535293114,3.030673426715076
BHUTAN,BTN,1999,19.80525161949326,3.035205436545537
BHUTAN,BTN,2000,19.948330165585062,3.0420589374914817
BHUTAN,BTN,2001,20.02230868925459,3.045584192398318
BHUTAN,BTN,2002,20.14227748572929,3.051274708117464
BHUTAN,BTN,2003,20.295456081726755,3.0584937204610094
BHUTAN,BTN,2004,20.41585508144718,3.0641315393594812
BHUTAN,BTN,2005,20.572897495309714,3.071437781250256
BHUTAN,BTN,2006,20.664449450234592,3.075672642925046
BHUTAN,BTN,2007,20.951013145891203,3.088813295444189
BHUTAN,BTN,2008,20.999015374985824,3.090997696674288
BHUTAN,BTN,2009,21.009454643361025,3.0914721175558433
BHUTAN,BTN,2010,21.238161722713777,3.1018098096133593
BHUTAN,BTN,2011,21.385150027689544,3.10839779382323
BHUTAN,BTN,2012,21.385814973670303,3.1084274981631204
BHUTAN,BTN,2013,21.37202345700271,3.1078112254570356
BHUTAN,BTN,2014,21.444675286763356,3.1110534050659076
BHUTAN,BTN,2015,21.49101990584222,3.1131161142467647
BHUTAN,BTN,2016,21.566009275597494,3.1164447597592213
BHUTAN,BTN,2017,21.675447944011626,3.121282750779023
BHUTAN,BTN,2018,21.672347316799744,3.121146002026459
BHUTAN,BTN,2019,21.72964711677184,3.1236701127448985
BHUTAN,BTN,2020,21.622452745776947,3.118942897425717
BHUTAN,BTN,2021,21.74168086270234,3.1241994021563215
BHUTAN,BTN,2022,21.787365253749396,3.1262062268221595
BOLIVIA,BOL,1960,19.737758994383572,3.0319561446192163
BOLIVIA,BOL,1961,19.821863717566007,3.0360035749137664
BOLIVIA,BOL,1962,19.91114741509327,3.0402823859232204
BOLIVIA,BOL,1963,19.98512129045573,3.0438136766333126
BOLIVIA,BOL,1964,20.10445279343917,3.0494840510821337
BOLIVIA,BOL,1965,20.209658570218544,3.0544566708618537
BOLIVIA,BOL,1966,20.31153111582465,3.059248293169288
BOLIVIA,BOL,1967,20.43324770469708,3.0649433474522616
BOLIVIA,BOL,1968,20.559962285988217,3.070837996780835
BOLIVIA,BOL,1969,20.64024648122632,3.074554843988568
BOLIVIA,BOL,1970,20.73007592887496,3.078697288458044
BOLIVIA,BOL,1971,20.804538557075148,3.082118138817889
BOLIVIA,BOL,1972,20.97492208714143,3.089901898042381
BOLIVIA,BOL,1973,20.957230626892205,3.0890964988022978
BOLIVIA,BOL,1974,21.4658220377639,3.1119951337851677
BOLIVIA,BOL,1975,21.601189890875375,3.118002554931009
BOLIVIA,BOL,1976,21.728793800090894,3.1236325700283496
BOLIVIA,BOL,1977,21.89545381327284,3.1309383674139406
BOLIVIA,BOL,1978,22.047711389739234,3.1375664755647774
BOLIVIA,BOL,1979,22.22967384906097,3.1454305066088937
BOLIVIA,BOL,1980,22.216252634579874,3.1448525779994005
BOLIVIA,BOL,1981,22.477407865426173,3.1560385913113858
BOLIVIA,BOL,1982,22.44610128371158,3.154704224511993
BOLIVIA,BOL,1983,22.412255517615545,3.1532596253287353
BOLIVIA,BOL,1984,22.542851944285754,3.1588222476069285
BOLIVIA,BOL,1985,22.405447885357454,3.152968810879873
BOLIVIA,BOL,1986,22.099354173270765,3.1398046592698527
BOLIVIA,BOL,1987,22.192971764258306,3.143849291580548
BOLIVIA,BOL,1988,22.24880281214022,3.146253638756651
BOLIVIA,BOL,1989,22.27422118716159,3.1473463612568464
BOLIVIA,BOL,1990,22.305863264254793,3.1487049711577515
BOLIVIA,BOL,1991,22.399102250389255,3.1526976562597055
BOLIVIA,BOL,1992,22.453835615649083,3.155034047216199
BOLIVIA,BOL,1993,22.469801186651676,3.1557145388705843
BOLIVIA,BOL,1994,22.511890875446113,3.157506287877797
BOLIVIA,BOL,1995,22.62763375184774,3.162416948725892
BOLIVIA,BOL,1996,22.724333471923632,3.166501250188753
BOLIVIA,BOL,1997,22.793381126703412,3.169407438079338
BOLIVIA,BOL,1998,22.863037210187535,3.1723307015354947
BOLIVIA,BOL,1999,22.837720265050972,3.1712692111586644
BOLIVIA,BOL,2000,22.85124221076898,3.171836300286982
BOLIVIA,BOL,2001,22.820242354438623,3.170535738285077
BOLIVIA,BOL,2002,22.790822677823773,3.1692999045418384
BOLIVIA,BOL,2003,22.812954650480034,3.1702297456381965
BOLIVIA,BOL,2004,22.894996152157105,3.1736690709988093
BOLIVIA,BOL,2005,22.979715144847304,3.1772082706650653
BOLIVIA,BOL,2006,23.161416680798688,3.184757008797783
BOLIVIA,BOL,2007,23.297411852772044,3.1903698365577338
BOLIVIA,BOL,2008,23.53713302666055,3.2001876038783355
BOLIVIA,BOL,2009,23.57628135811025,3.2017818053905422
BOLIVIA,BOL,2010,23.701329115218993,3.20685705251896
BOLIVIA,BOL,2011,23.899783683967026,3.214859116042044
BOLIVIA,BOL,2012,24.02222735251182,3.2197645239586303
BOLIVIA,BOL,2013,24.14620314739416,3.2247069168544216
BOLIVIA,BOL,2014,24.219657877115296,3.2276237649061126
BOLIVIA,BOL,2015,24.219779405937715,3.227628583707787
BOLIVIA,BOL,2016,24.247893278108933,3.2287427177101753
BOLIVIA,BOL,2017,24.347837201258557,3.2326934088928536
BOLIVIA,BOL,2018,24.419310755953035,3.235509151151107
BOLIVIA,BOL,2019,24.43428153773333,3.236097930882786
BOLIVIA,BOL,2020,24.324129149629712,3.231757662559482
BOLIVIA,BOL,2021,24.42224689000653,3.235624652492636
BOLIVIA,BOL,2022,24.507643700418473,3.2389781602050256
BOLIVIA,BOL,2023,24.548637391289223,3.2405839841625603
BOSNIA AND HERZEGOVINA,BIH,1990,22.771407387481684,3.168483488179786
BOSNIA AND HERZEGOVINA,BIH,1991,22.53531134335329,3.158501903716243
BOSNIA AND HERZEGOVINA,BIH,1992,22.27825700540676,3.1475197491584996
BOSNIA AND HERZEGOVINA,BIH,1993,22.012682751945416,3.136045487948431
BOSNIA AND HERZEGOVINA,BIH,1994,20.95104062282789,3.088814547182289
BOSNIA AND HERZEGOVINA,BIH,1995,21.347369941403812,3.106708638135385
BOSNIA AND HERZEGOVINA,BIH,1996,21.747888979808977,3.124472348995198
BOSNIA AND HERZEGOVINA,BIH,1997,22.023977710557872,3.136536182048551
BOSNIA AND HERZEGOVINA,BIH,1998,22.138335756906855,3.1414907985614375
BOSNIA AND HERZEGOVINA,BIH,1999,22.2678998838256,3.1470747232983953
BOSNIA AND HERZEGOVINA,BIH,2000,22.440260948946754,3.1544550972810916
BOSNIA AND HERZEGOVINA,BIH,2001,22.48122986374253,3.156201372793542
BOSNIA AND HERZEGOVINA,BIH,2002,22.629576590030194,3.162499172715395
BOSNIA AND HERZEGOVINA,BIH,2003,22.86320191661583,3.1723376036686317
BOSNIA AND HERZEGOVINA,BIH,2004,23.04138382138372,3.179776671295817
BOSNIA AND HERZEGOVINA,BIH,2005,23.14121293384471,3.183920460216747
BOSNIA AND HERZEGOVINA,BIH,2006,23.277763993910817,3.1895608694427304
BOSNIA AND HERZEGOVINA,BIH,2007,23.48192893776419,3.1979352510171415
BOSNIA AND HERZEGOVINA,BIH,2008,23.673623927930343,3.2057348158994285
BOSNIA AND HERZEGOVINA,BIH,2009,23.591956987080774,3.2024194377332584
BOSNIA AND HERZEGOVINA,BIH,2010,23.566797283691187,3.2013958273525795
BOSNIA AND HERZEGOVINA,BIH,2011,23.648802741505325,3.204728328984795
BOSNIA AND HERZEGOVINA,BIH,2012,23.569728432262185,3.201515133654023
BOSNIA AND HERZEGOVINA,BIH,2013,23.623538888768817,3.2037028508315526
BOSNIA AND HERZEGOVINA,BIH,2014,23.64420632730338,3.2045418354311614
BOSNIA AND HERZEGOVINA,BIH,2015,23.520812311711897,3.1995222390556473
BOSNIA AND HERZEGOVINA,BIH,2016,23.56333365460351,3.201254829190056
BOSNIA AND HERZEGOVINA,BIH,2017,23.631607026855534,3.204030456729734
BOSNIA AND HERZEGOVINA,BIH,2018,23.742912560348206,3.20853908680745
BOSNIA AND HERZEGOVINA,BIH,2019,23.742842009639233,3.208536235453173
BOSNIA AND HERZEGOVINA,BIH,2020,23.730236550217345,3.2080266468016636
BOSNIA AND HERZEGOVINA,BIH,2021,23.887588839552773,3.2143692390294594
BOSNIA AND HERZEGOVINA,BIH,2022,23.923352796843776,3.2158052272786954
BOSNIA AND HERZEGOVINA,BIH,2023,24.02113357869197,3.2197208109145956
BOTSWANA,BWA,1960,17.230328545099976,2.903086610749785
BOTSWANA,BWA,1961,17.309062631016335,2.907396163002176
BOTSWANA,BWA,1962,17.3891182261786,2.9117590889173735
BOTSWANA,BWA,1963,17.455510718872418,2.9153630098390897
BOTSWANA,BWA,1964,17.544003623774405,2.9201464820123038
BOTSWANA,BWA,1965,17.639547813697117,2.925285550041364
BOTSWANA,BWA,1966,17.756425257576726,2.9315363741189926
BOTSWANA,BWA,1967,17.88696775951303,2.9384721476922397
BOTSWANA,BWA,1968,18.008922496791556,2.9449084740307687
BOTSWANA,BWA,1969,18.164000399948193,2.9530335398906415
BOTSWANA,BWA,1970,18.38238922903489,2.9643648820958015
BOTSWANA,BWA,1971,18.663223809990946,2.9787500794037953
BOTSWANA,BWA,1972,18.91818350101581,2.9916330582903763
BOTSWANA,BWA,1973,19.313187522853024,3.011270306796068
BOTSWANA,BWA,1974,19.53924011853496,3.022337208613296
BOTSWANA,BWA,1975,19.68810308413369,3.0295588048155064
BOTSWANA,BWA,1976,19.73447186428042,3.0317976226375443
BOTSWANA,BWA,1977,19.928362260910173,3.041105284992624
BOTSWANA,BWA,1978,20.196323321767238,3.0538277384190278
BOTSWANA,BWA,1979,20.524656664708033,3.0691990996503713
BOTSWANA,BWA,1980,20.782373736182798,3.0811010985350733
BOTSWANA,BWA,1981,20.7944815443825,3.0816567975837232
BOTSWANA,BWA,1982,20.73810094625448,3.079066524899395
BOTSWANA,BWA,1983,20.88217409289458,3.0856723370093575
BOTSWANA,BWA,1984,20.939040035105208,3.0882676997925445
BOTSWANA,BWA,1985,20.83192591151156,3.0833733898271554
BOTSWANA,BWA,1986,21.054439894067876,3.0935139373635487
BOTSWANA,BWA,1987,21.398873541274035,3.109010669260513
BOTSWANA,BWA,1988,21.69576832802159,3.122178489841727
BOTSWANA,BWA,1989,21.849435610056595,3.1289264172564644
BOTSWANA,BWA,1990,22.055799737580504,3.137917353306037
BOTSWANA,BWA,1991,22.09517642162229,3.1396237828065114
BOTSWANA,BWA,1992,22.145521901270826,3.1418013234305953
BOTSWANA,BWA,1993,22.148811962349438,3.141943460094397
BOTSWANA,BWA,1994,22.17236118028114,3.142960240040278
BOTSWANA,BWA,1995,22.277317695684204,3.1474793969674373
BOTSWANA,BWA,1996,22.30178200561417,3.1485298385747846
BOTSWANA,BWA,1997,22.336748682928434,3.1500293147953995
BOTSWANA,BWA,1998,22.289896767153543,3.1480196513897987
BOTSWANA,BWA,1999,22.425148618441916,3.1538101725415815
BOTSWANA,BWA,2000,22.479109591080675,3.1561110722255346
BOTSWANA,BWA,2001,22.42612274195606,3.1538517561949595
BOTSWANA,BWA,2002,22.41683604933174,3.153455252943004
BOTSWANA,BWA,2003,22.739711956083042,3.167149255834242
BOTSWANA,BWA,2004,22.915753401949654,3.1745373799582093
BOTSWANA,BWA,2005,23.017708581619235,3.17879141583235
BOTSWANA,BWA,2006,23.01773392424276,3.178792470995879
BOTSWANA,BWA,2007,23.08102738735473,3.181424285118291
BOTSWANA,BWA,2008,23.096386661471488,3.18206189819655
BOTSWANA,BWA,2009,23.037627240431934,3.1796204043145933
BOTSWANA,BWA,2010,23.259916492676016,3.188825461328447
BOTSWANA,BWA,2011,23.43866520743794,3.196166517731656
BOTSWANA,BWA,2012,23.355691547341625,3.192765561326408
BOTSWANA,BWA,2013,23.381547120380503,3.1938265806279222
BOTSWANA,BWA,2014,23.462174222312782,3.1971280152012342
BOTSWANA,BWA,2015,23.328230624567585,3.1916374301298505
BOTSWANA,BWA,2016,23.436810063815457,3.1960906046642914
BOTSWANA,BWA,2017,23.502405297222072,3.198771288128612
BOTSWANA,BWA,2018,23.55835642881897,3.2010521803889618
BOTSWANA,BWA,2019,23.540224740353427,3.2003135973644414
BOTSWANA,BWA,2020,23.428665268256065,3.1957572488305677
BOTSWANA,BWA,2021,23.65451007342941,3.2049598481920745
BOTSWANA,BWA,2022,23.734967855110714,3.208217945107803
BOTSWANA,BWA,2023,23.68832058672832,3.2063302810650227
BRAZIL,BRA,1989,26.776754756100768,3.3241995110674587
BRAZIL,BRA,1990,26.67640479742852,3.3205802378277847
BRAZIL,BRA,1991,26.559637025196356,3.316352275710265
BRAZIL,BRA,1992,26.51686436533586,3.314799066360377
BRAZIL,BRA,1993,26.632142032091206,3.3189796615218015
BRAZIL,BRA,1994,26.987367599254046,3.3317532512036894
BRAZIL,BRA,1995,27.3687898089048,3.345289590487741
BRAZIL,BRA,1996,27.469003746501127,3.348815907579715
BRAZIL,BRA,1997,27.506824509422188,3.350143515080434
BRAZIL,BRA,1998,27.484503780323564,3.3493602123952813
BRAZIL,BRA,1999,27.119598687976247,3.3364667954315315
BRAZIL,BRA,2000,27.208585162177982,3.3396263699872146
BRAZIL,BRA,2001,27.051173396675342,3.3340304634172995
BRAZIL,BRA,2002,26.957275058164235,3.3306774540383968
BRAZIL,BRA,2003,27.04804361063172,3.333918883034762
BRAZIL,BRA,2004,27.229482426549136,3.3403669079332845
BRAZIL,BRA,2005,27.516321391812703,3.350476603770236
BRAZIL,BRA,2006,27.733240591219683,3.358054661312559
BRAZIL,BRA,2007,27.965430144507213,3.366103054930542
BRAZIL,BRA,2008,28.159208203628705,3.372770753261119
BRAZIL,BRA,2009,28.142044583331074,3.3721819624556724
BRAZIL,BRA,2010,28.423487585977664,3.3817932528781363
BRAZIL,BRA,2011,28.592727266386234,3.3875286306807872
BRAZIL,BRA,2012,28.53330533416803,3.3855186208894748
BRAZIL,BRA,2013,28.53638012798494,3.38562272822628
BRAZIL,BRA,2014,28.529572930289014,3.3853922334192514
BRAZIL,BRA,2015,28.2200360300596,3.374854639383381
BRAZIL,BRA,2016,28.216412404568796,3.374730620022434
BRAZIL,BRA,2017,28.35543194433142,3.3794776039141574
BRAZIL,BRA,2018,28.281748097414418,3.376964390091518
BRAZIL,BRA,2019,28.258716401117752,3.3761775259051023
BRAZIL,BRA,2020,28.02042948932846,3.368000047116632
BRAZIL,BRA,2021,28.144232331327515,3.372257031515262
BRAZIL,BRA,2022,28.29983663906367,3.3775819405489007
BRAZIL,BRA,2023,28.407436100683178,3.3812475709582572
BRUNEI DARUSSALAM,BRN,1965,18.55205544275738,2.9730804186417408
BRUNEI DARUSSALAM,BRN,1966,18.70403492491066,2.9808234332948764
BRUNEI DARUSSALAM,BRN,1967,18.750196966673823,2.983163464293544
BRUNEI DARUSSALAM,BRN,1968,18.895785315410542,2.9905079161036503
BRUNEI DARUSSALAM,BRN,1969,18.89821988751992,2.990630274840852
BRUNEI DARUSSALAM,BRN,1970,19.003337212515074,2.995899120260059
BRUNEI DARUSSALAM,BRN,1971,19.10137960362657,3.000788449705966
BRUNEI DARUSSALAM,BRN,1972,19.416975224070406,3.0163666736582195
BRUNEI DARUSSALAM,BRN,1973,19.886468877537972,3.0391015271751893
BRUNEI DARUSSALAM,BRN,1974,20.794275522362113,3.08164734459473
BRUNEI DARUSSALAM,BRN,1975,20.87881922308256,3.0855190100592873
BRUNEI DARUSSALAM,BRN,1976,21.07605927453747,3.0944937305952784
BRUNEI DARUSSALAM,BRN,1977,21.27295893510415,3.103373338860206
BRUNEI DARUSSALAM,BRN,1978,21.386767580978205,3.1084700513174703
BRUNEI DARUSSALAM,BRN,1979,21.754253659748336,3.1247521019743614
BRUNEI DARUSSALAM,BRN,1980,22.31836271513671,3.14924114954651
BRUNEI DARUSSALAM,BRN,1981,22.197165861168962,3.144030110053472
BRUNEI DARUSSALAM,BRN,1982,22.173521018225834,3.1430102914316818
BRUNEI DARUSSALAM,BRN,1983,22.069943769989216,3.138530634817682
BRUNEI DARUSSALAM,BRN,1984,22.05366507728348,3.137824762324679
BRUNEI DARUSSALAM,BRN,1985,21.982729870618286,3.1347430586906673
BRUNEI DARUSSALAM,BRN,1986,21.58132320676993,3.1171231578358176
BRUNEI DARUSSALAM,BRN,1987,21.73649657337012,3.123971411957639
BRUNEI DARUSSALAM,BRN,1988,21.713061319740504,3.1229401475496688
BRUNEI DARUSSALAM,BRN,1989,21.817043883863054,3.1275077954583823
BRUNEI DARUSSALAM,BRN,1990,21.98186534735512,3.134705441770115
BRUNEI DARUSSALAM,BRN,1991,22.032078052176328,3.1368879421620837
BRUNEI DARUSSALAM,BRN,1992,22.15444583050708,3.1421868066084007
BRUNEI DARUSSALAM,BRN,1993,22.1356491574196,3.141374681503646
BRUNEI DARUSSALAM,BRN,1994,22.13113092284557,3.141179369248047
BRUNEI DARUSSALAM,BRN,1995,22.278058218620135,3.1475112095313547
BRUNEI DARUSSALAM,BRN,1996,22.355532008486442,3.1508338729062086
BRUNEI DARUSSALAM,BRN,1997,22.371407400431966,3.151513369263435
BRUNEI DARUSSALAM,BRN,1998,22.122264748982282,3.1407959952776343
BRUNEI DARUSSALAM,BRN,1999,22.249347509494815,3.146277067531811
BRUNEI DARUSSALAM,BRN,2000,22.515238967361004,3.1576486776826496
BRUNEI DARUSSALAM,BRN,2001,22.446214326046018,3.1547090458705878
BRUNEI DARUSSALAM,BRN,2002,22.488573225719627,3.1565140571802717
BRUNEI DARUSSALAM,BRN,2003,22.6038595730861,3.161410239892617
BRUNEI DARUSSALAM,BRN,2004,22.78660375899266,3.169122554938964
BRUNEI DARUSSALAM,BRN,2005,22.977859549576632,3.177130885797985
BRUNEI DARUSSALAM,BRN,2006,23.163041287843303,3.184824246263593
BRUNEI DARUSSALAM,BRN,2007,23.228602204453644,3.18753384453267
BRUNEI DARUSSALAM,BRN,2008,23.39003798293463,3.194174769542509
BRUNEI DARUSSALAM,BRN,2009,23.096551211144526,3.1820687269843475
BRUNEI DARUSSALAM,BRN,2010,23.341192934472094,3.1921700976349534
BRUNEI DARUSSALAM,BRN,2011,23.642393946100533,3.2044682908493236
BRUNEI DARUSSALAM,BRN,2012,23.67025122078521,3.205598113739729
BRUNEI DARUSSALAM,BRN,2013,23.618864003167932,3.2035129784719447
BRUNEI DARUSSALAM,BRN,2014,23.562215798214922,3.2012093190064053
BRUNEI DARUSSALAM,BRN,2015,23.28283857301499,3.189769869284347
BRUNEI DARUSSALAM,BRN,2016,23.15692009996538,3.184570885634368
BRUNEI DARUSSALAM,BRN,2017,23.218797829356962,3.187129101441248
BRUNEI DARUSSALAM,BRN,2018,23.330901616482855,3.1917472139173917
BRUNEI DARUSSALAM,BRN,2019,23.32367405995961,3.1914501172322014
BRUNEI DARUSSALAM,BRN,2020,23.208655674479033,3.1867102417122144
BRUNEI DARUSSALAM,BRN,2021,23.362787103029774,3.1930568493934777
BRUNEI DARUSSALAM,BRN,2022,23.537568343946397,3.2002053448843406
BRUNEI DARUSSALAM,BRN,2023,23.43983253310118,3.196214282115482
BULGARIA,BGR,1980,23.71092716633934,3.2072455412042924
BULGARIA,BGR,1981,23.712476893510136,3.207308253484063
BULGARIA,BGR,1982,23.685544734241184,3.206217838886473
BULGARIA,BGR,1983,23.530477378463626,3.1999163190864826
BULGARIA,BGR,1984,23.59087745025231,3.202375538806286
BULGARIA,BGR,1985,23.565580056973786,3.2013462784895474
BULGARIA,BGR,1986,23.731385771503593,3.208073116012842
BULGARIA,BGR,1987,24.059070999841513,3.221235877744921
BULGARIA,BGR,1988,23.839264334999605,3.2124256404833784
BULGARIA,BGR,1989,23.813782899786045,3.2113992608805297
BULGARIA,BGR,1990,23.7501135117338,3.208830075336861
BULGARIA,BGR,1991,23.116015931176243,3.1828761812330217
BULGARIA,BGR,1992,23.060302158694704,3.1805632690169143
BULGARIA,BGR,1993,23.10577654845046,3.1824515025824303
BULGARIA,BGR,1994,22.995125395671213,3.1778507012049184
BULGARIA,BGR,1995,23.667256527244305,3.2054767175168033
BULGARIA,BGR,1996,23.23245565271812,3.187692877308387
BULGARIA,BGR,1997,23.14949474685837,3.184263458424585
BULGARIA,BGR,1998,23.43338423430605,3.1959504034817825
BULGARIA,BGR,1999,23.33534283898171,3.191929731494447
BULGARIA,BGR,2000,23.306960722784112,3.190762758824967
BULGARIA,BGR,2001,23.37534134867662,3.193572020834127
BULGARIA,BGR,2002,23.520732755154274,3.199518994600053
BULGARIA,BGR,2003,23.774667321132927,3.2098216521191514
BULGARIA,BGR,2004,23.98741109715676,3.2183721419275133
BULGARIA,BGR,2005,24.120075535389837,3.2236673485775564
BULGARIA,BGR,2006,24.260756441656437,3.229252062699478
BULGARIA,BGR,2007,24.51724403698011,3.2393544603636593
BULGARIA,BGR,2008,24.721112057233853,3.2473121354966934
BULGARIA,BGR,2009,24.674967166771687,3.245516477012312
BULGARIA,BGR,2010,24.65039278739717,3.244558884848348
BULGARIA,BGR,2011,24.77916475908875,3.2495665981921142
BULGARIA,BGR,2012,24.717571532805568,3.247174475502822
BULGARIA,BGR,2013,24.745973391997225,3.2482782417558718
BULGARIA,BGR,2014,24.769081401815846,3.2491753779992862
BULGARIA,BGR,2015,24.651398299259103,3.2445980847219102
BULGARIA,BGR,2016,24.711587686748278,3.2469417730369408
BULGARIA,BGR,2017,24.806039516726962,3.2506085543284495
BULGARIA,BGR,2018,24.9185129765445,3.2549575001062885
BULGARIA,BGR,2019,24.95564636370557,3.2563891722134026
BULGARIA,BGR,2020,24.977015228817827,3.2572121173759636
BULGARIA,BGR,2021,25.1545764783016,3.2640241839291533
BULGARIA,BGR,2022,25.22691446144177,3.2667861530074704
BULGARIA,BGR,2023,25.344155666113142,3.2712464540344803
BURKINA FASO,BFA,1960,19.615944179051837,3.0260647656946635
BURKINA FASO,BFA,1961,19.674149846678297,3.028884120193853
BURKINA FASO,BFA,1962,19.754541948787374,3.0327651118221706
BURKINA FASO,BFA,1963,19.79196467794173,3.034566598508472
BURKINA FASO,BFA,1964,19.83245191001783,3.0365119588600797
BURKINA FASO,BFA,1965,19.862686003116682,3.037962204615875
BURKINA FASO,BFA,1966,19.888301064962516,3.0391892445906645
BURKINA FASO,BFA,1967,19.926432124498,3.0410130548697962
BURKINA FASO,BFA,1968,19.94769895287753,3.0420288051509776
BURKINA FASO,BFA,1969,19.985745876519857,3.0438434394715066
BURKINA FASO,BFA,1970,19.94326203562941,3.041816973425946
BURKINA FASO,BFA,1971,19.994307377074694,3.044251323693178
BURKINA FASO,BFA,1972,20.176114211088414,3.0528738583315067
BURKINA FASO,BFA,1973,20.32988774052692,3.0601092694842675
BURKINA FASO,BFA,1974,20.437093864318804,3.065122779642036
BURKINA FASO,BFA,1975,20.66136139393756,3.075530092503388
BURKINA FASO,BFA,1976,20.699533630774265,3.0772907686460758
BURKINA FASO,BFA,1977,20.84656684560577,3.084043785425463
BURKINA FASO,BFA,1978,21.112319439955098,3.0961348939332938
BURKINA FASO,BFA,1979,21.282013030919853,3.103779762455186
BURKINA FASO,BFA,1980,21.38012234944298,3.1081731697787096
BURKINA FASO,BFA,1981,21.29754070143277,3.104476389937556
BURKINA FASO,BFA,1982,21.285421309287052,3.1039327117296645
BURKINA FASO,BFA,1983,21.193443579317737,3.0997969109935144
BURKINA FASO,BFA,1984,21.10162016802292,3.0956509166068717
BURKINA FASO,BFA,1985,21.163127989336697,3.0984300066711494
BURKINA FASO,BFA,1986,21.434401921432183,3.1105955807901116
BURKINA FASO,BFA,1987,21.586086148205222,3.11733405952449
BURKINA FASO,BFA,1988,21.684927744042863,3.1217007279242934
BURKINA FASO,BFA,1989,21.684754664075108,3.1216930981610433
BURKINA FASO,BFA,1990,21.85508746641597,3.129173738790866
BURKINA FASO,BFA,1991,21.865909551303215,3.1296471355142645
BURKINA FASO,BFA,1992,21.934221952650248,3.132630203455837
BURKINA FASO,BFA,1993,21.88627178164505,3.1305372452792204
BURKINA FASO,BFA,1994,21.36263803421945,3.1073916213912796
BURKINA FASO,BFA,1995,21.59016377272282,3.117514580242159
BURKINA FASO,BFA,1996,21.673591008558155,3.121200855528433
BURKINA FASO,BFA,1997,21.618402021688766,3.118763823704859
BURKINA FASO,BFA,1998,21.754634568594046,3.124768841950245
BURKINA FASO,BFA,1999,21.943967936795424,3.1330550669613615
BURKINA FASO,BFA,2000,21.811278847064862,3.127255099918252
BURKINA FASO,BFA,2001,21.88340307329367,3.1304118911724137
BURKINA FASO,BFA,2002,22.010388840815416,3.1359458026796077
BURKINA FASO,BFA,2003,22.27946501494049,3.1475716421413
BURKINA FASO,BFA,2004,22.419191221050806,3.1535558238862844
BURKINA FASO,BFA,2005,22.539124762939494,3.158663920297214
BURKINA FASO,BFA,2006,22.60233688843399,3.1613457278256942
BURKINA FASO,BFA,2007,22.75479295321153,3.167784318676318
BURKINA FASO,BFA,2008,22.9694324706317,3.176779371513168
BURKINA FASO,BFA,2009,22.96935431894409,3.176776111034844
BURKINA FASO,BFA,2010,23.03675325707553,3.17958404468406
BURKINA FASO,BFA,2011,23.214841530606833,3.18696573156811
BURKINA FASO,BFA,2012,23.253863819287872,3.188575937445516
BURKINA FASO,BFA,2013,23.321821097484904,3.191373934947712
BURKINA FASO,BFA,2014,23.358244580191954,3.1928703786766617
BURKINA FASO,BFA,2015,23.19408702707408,3.186108265583104
BURKINA FASO,BFA,2016,23.275314104790397,3.1894599535289125
BURKINA FASO,BFA,2017,23.36993381874788,3.1933501519480716
BURKINA FASO,BFA,2018,23.488959984968307,3.198222403135761
BURKINA FASO,BFA,2019,23.497903302930773,3.198587534416336
BURKINA FASO,BFA,2020,23.598242503485125,3.202674997438389
BURKINA FASO,BFA,2021,23.700995371969054,3.206843541282256
BURKINA FASO,BFA,2022,23.658197625192276,3.205109406062321
BURKINA FASO,BFA,2023,23.7350986896927,3.208223234552153
BURUNDI,BDI,1960,19.09362516617438,3.000402608848735
BURUNDI,BDI,1961,19.128716497597193,3.0021474769431538
BURUNDI,BDI,1962,19.179147418735997,3.0046497652091704
BURUNDI,BDI,1963,19.26547546552854,3.008918722204666
BURUNDI,BDI,1964,19.379072682525884,3.014508525411269
BURUNDI,BDI,1965,18.88438308020448,2.9899346537984273
BURUNDI,BDI,1966,18.92414678084511,2.9919324022208964
BURUNDI,BDI,1967,18.998962058347956,2.9956803751246888
BURUNDI,BDI,1968,19.026089010204306,2.9970358740077967
BURUNDI,BDI,1969,19.063616751187432,2.998908062951662
BURUNDI,BDI,1970,19.307470866177468,3.010988841308308
BURUNDI,BDI,1971,19.348276475688426,3.012996214232494
BURUNDI,BDI,1972,19.324107372630166,3.0118077367636906
BURUNDI,BDI,1973,19.53365552825674,3.022065273059462
BURUNDI,BDI,1974,19.65981842860232,3.0281906751050665
BURUNDI,BDI,1975,19.858111720519634,3.0377429239278273
BURUNDI,BDI,1976,19.9212246912716,3.040764179131009
BURUNDI,BDI,1977,20.120937959200294,3.0502648687989073
BURUNDI,BDI,1978,20.229339209991892,3.055384149935986
BURUNDI,BDI,1979,20.478000220518602,3.06702916570321
BURUNDI,BDI,1980,20.639587082414707,3.0745243725769487
BURUNDI,BDI,1981,20.691823328310125,3.0769353843905174
BURUNDI,BDI,1982,20.73640140856172,3.0789883394066777
BURUNDI,BDI,1983,20.802932755064298,3.082044490795509
BURUNDI,BDI,1984,20.71032641368295,3.0777880189537257
BURUNDI,BDI,1985,20.863009766788448,3.08479615702147
BURUNDI,BDI,1986,20.907024275153137,3.0868073285530424
BURUNDI,BDI,1987,20.846780410589705,3.084053561054814
BURUNDI,BDI,1988,20.802449609213948,3.082022330877436
BURUNDI,BDI,1989,20.831154870577,3.083338072074911
BURUNDI,BDI,1990,20.847341258414808,3.0840792326007205
BURUNDI,BDI,1991,20.87804358727749,3.0854835579836433
BURUNDI,BDI,1992,20.803035587928974,3.0820492072537635
BURUNDI,BDI,1993,20.659934706114505,3.0754642270768193
BURUNDI,BDI,1994,20.6453373653663,3.074790067067988
BURUNDI,BDI,1995,20.72369413909723,3.078403560672693
BURUNDI,BDI,1996,20.582892642559457,3.071900993597732
BURUNDI,BDI,1997,20.695788023897006,3.0771181414252724
BURUNDI,BDI,1998,20.610959857529718,3.0732005868174164
BURUNDI,BDI,1999,20.510168185390974,3.0685257621886795
BURUNDI,BDI,2000,20.584562310017564,3.071978351295135
BURUNDI,BDI,2001,20.591783455741858,3.072312846753866
BURUNDI,BDI,2002,20.531372035357304,3.0695110360228828
BURUNDI,BDI,2003,20.480753954132055,3.0671573693101406
BURUNDI,BDI,2004,20.634715811457983,3.074299237998155
BURUNDI,BDI,2005,20.8340135871257,3.0834690101499835
BURUNDI,BDI,2006,20.96493675448121,3.0894473980464614
BURUNDI,BDI,2007,21.027952056527642,3.0923121949191867
BURUNDI,BDI,2008,21.200639650192343,3.100121101534872
BURUNDI,BDI,2009,21.300696361586922,3.1046179049555134
BURUNDI,BDI,2010,21.43235289595173,3.110504242537982
BURUNDI,BDI,2011,21.52787425008345,3.1147533980212856
BURUNDI,BDI,2012,21.570567126380965,3.1166467179564212
BURUNDI,BDI,2013,21.620009414863617,3.1188348869064386
BURUNDI,BDI,2014,21.71865729320275,3.123186494096152
BURUNDI,BDI,2015,21.855958581749004,3.129211852787742
BURUNDI,BDI,2016,21.69574322622509,3.1221773838289226
BURUNDI,BDI,2017,21.725215584823612,3.1234751266994514
BURUNDI,BDI,2018,21.704288396090803,3.122553822772301
BURUNDI,BDI,2019,21.669705053407444,3.121029453998429
BURUNDI,BDI,2020,21.697704813605764,3.122263809842658
BURUNDI,BDI,2021,21.74420436163748,3.1243103596072004
BURUNDI,BDI,2022,21.928854183877426,3.1323961254458337
BURUNDI,BDI,2023,21.694863233047048,3.1221386095869903
CABO VERDE,CPV,1980,18.773074242987292,2.9843211254976016
CABO VERDE,CPV,1981,18.753347241614346,2.9833229575749867
CABO VERDE,CPV,1982,18.761647713990065,2.983743075178804
CABO VERDE,CPV,1983,18.74620885161352,2.9829615160407226
CABO VERDE,CPV,1984,18.698456701905002,2.980540292670382
CABO VERDE,CPV,1985,18.740792770710954,2.9826871938225743
CABO VERDE,CPV,1986,19.065955968347627,2.999024646159721
CABO VERDE,CPV,1987,19.27617236380429,3.0094464214520675
CABO VERDE,CPV,1988,19.392626178514337,3.015173373669562
CABO VERDE,CPV,1989,19.40443784942273,3.0157524188297886
CABO VERDE,CPV,1990,19.542003071940787,3.022471720287988
CABO VERDE,CPV,1991,19.583290965769418,3.0244796284946722
CABO VERDE,CPV,1992,19.69369717739382,3.029829169722729
CABO VERDE,CPV,1993,20.010767402158574,3.0450350397566717
CABO VERDE,CPV,1994,19.823292873989317,3.0360722098543373
CABO VERDE,CPV,1995,20.004080575802718,3.044716731980534
CABO VERDE,CPV,1996,20.034069381671745,3.04614347464102
CABO VERDE,CPV,1997,20.011157337258254,3.04505359840681
CABO VERDE,CPV,1998,20.073006791175864,3.047992922484082
CABO VERDE,CPV,1999,20.19972083553585,3.0539880134561646
CABO VERDE,CPV,2000,20.105647705352542,3.0495406684272512
CABO VERDE,CPV,2001,20.148950902100303,3.051590301524456
CABO VERDE,CPV,2002,20.246048068204743,3.0561709048143015
CABO VERDE,CPV,2003,20.51656199612001,3.068822963986219
CABO VERDE,CPV,2004,20.645239441305492,3.0747855430321342
CABO VERDE,CPV,2005,20.695114970313103,3.077087118628441
CABO VERDE,CPV,2006,20.825435579613536,3.08307605935531
CABO VERDE,CPV,2007,21.223811849266287,3.1011643198704215
CABO VERDE,CPV,2008,21.396016744678576,3.1088831191501725
CABO VERDE,CPV,2009,21.339712612996163,3.106365929323581
CABO VERDE,CPV,2010,21.32470963275086,3.105694120306237
CABO VERDE,CPV,2011,21.439552222818822,3.110825126035565
CABO VERDE,CPV,2012,21.371980978366572,3.107809326716113
CABO VERDE,CPV,2013,21.430764991042302,3.110433453659059
CABO VERDE,CPV,2014,21.437161337410853,3.1107185725373
CABO VERDE,CPV,2015,21.282800261773826,3.103815092160211
CABO VERDE,CPV,2016,21.338337948509245,3.1063043928657423
CABO VERDE,CPV,2017,21.414782458843256,3.109720672400515
CABO VERDE,CPV,2018,21.514038472718116,3.11413904676646
CABO VERDE,CPV,2019,21.53516319613984,3.1150768980129873
CABO VERDE,CPV,2020,21.32296219555173,3.105615843561741
CABO VERDE,CPV,2021,21.44200406036082,3.1109343841695285
CABO VERDE,CPV,2022,21.557798866783504,3.1160808539080707
CABO VERDE,CPV,2023,21.67386217502672,3.121212815029994
CAMBODIA,KHM,1975,20.434422754997964,3.0649981696662323
CAMBODIA,KHM,1976,20.48799562213248,3.0674944360454033
CAMBODIA,KHM,1977,20.389556251000144,3.062902777250329
CAMBODIA,KHM,1978,20.457530961333333,3.066075677523485
CAMBODIA,KHM,1979,20.399940700996655,3.063388151042502
CAMBODIA,KHM,1980,20.428067762964478,3.064701640369719
CAMBODIA,KHM,1981,20.51888718397504,3.0689310231747062
CAMBODIA,KHM,1982,20.57883646481784,3.0717130410834352
CAMBODIA,KHM,1983,20.66063617237916,3.0754966119808262
CAMBODIA,KHM,1984,20.74422079871471,3.079348011823508
CAMBODIA,KHM,1985,20.820999608806783,3.082872790941618
CAMBODIA,KHM,1986,20.878242162555274,3.085492634406579
CAMBODIA,KHM,1987,20.759573571539935,3.0800538248995775
CAMBODIA,KHM,1988,21.231815588410715,3.1015243975340256
CAMBODIA,KHM,1989,21.02569191612955,3.09220958636306
CAMBODIA,KHM,1990,21.061551554297036,3.093836344729099
CAMBODIA,KHM,1991,21.443529076233272,3.1110023355011256
CAMBODIA,KHM,1992,21.63614539505282,3.1195479824374552
CAMBODIA,KHM,1993,21.65295741189923,3.1202904134672904
CAMBODIA,KHM,1994,21.749821735007753,3.124557309542424
CAMBODIA,KHM,1995,21.95908773905062,3.1337138380422576
CAMBODIA,KHM,1996,21.97794004060276,3.134534627001481
CAMBODIA,KHM,1997,21.959729080507532,3.1337417717522866
CAMBODIA,KHM,1998,21.86123520852749,3.1294426905257766
CAMBODIA,KHM,1999,21.98094313240484,3.134665313023378
CAMBODIA,KHM,2000,22.019096974776584,3.136324174669247
CAMBODIA,KHM,2001,22.10555230645651,3.140072948232872
CAMBODIA,KHM,2002,22.17815963808874,3.1432104403718157
CAMBODIA,KHM,2003,22.261905016518675,3.146817044704946
CAMBODIA,KHM,2004,22.398085648777325,3.152654209135734
CAMBODIA,KHM,2005,22.56271107687815,3.159665423338
CAMBODIA,KHM,2006,22.70765407548022,3.16579795277309
CAMBODIA,KHM,2007,22.87957997980894,3.1730236995844967
CAMBODIA,KHM,2008,23.060437284242067,3.1805688851212772
CAMBODIA,KHM,2009,23.06524968183124,3.180768878011087
CAMBODIA,KHM,2010,23.14294708864696,3.1839922914260788
CAMBODIA,KHM,2011,23.275016250402977,3.1894476836067414
CAMBODIA,KHM,2012,23.36620442568484,3.193197107689554
CAMBODIA,KHM,2013,23.44640111039694,3.1964830112380076
CAMBODIA,KHM,2014,23.538830882015077,3.2002567968282025
CAMBODIA,KHM,2015,23.616408989282874,3.2034132526559644
CAMBODIA,KHM,2016,23.71983515296443,3.207605963997855
CAMBODIA,KHM,2017,23.822330597565937,3.2117436753506454
CAMBODIA,KHM,2018,23.924863391848202,3.2158658350645055
CAMBODIA,KHM,2019,24.02240797646648,3.2197717424728016
CAMBODIA,KHM,2020,23.976457979278038,3.2179337003793846
CAMBODIA,KHM,2021,24.017659482443435,3.2195819547975075
CAMBODIA,KHM,2022,24.107819792633418,3.2231793431407527
CAMBODIA,KHM,2023,24.181875155828322,3.2261244958922264
CAMEROON,CMR,1960,20.235841046249874,3.05569036958557
CAMEROON,CMR,1961,20.29674706004624,3.058554340866842
CAMEROON,CMR,1962,20.358339607990743,3.061442277362274
CAMEROON,CMR,1963,20.3924268865938,3.063036975592128
CAMEROON,CMR,1964,20.470500584177028,3.0666799271371463
CAMEROON,CMR,1965,20.517573210518446,3.0688699599067255
CAMEROON,CMR,1966,20.56205491581217,3.0709350529930153
CAMEROON,CMR,1967,20.657313260536743,3.075343192352592
CAMEROON,CMR,1968,20.768421994485333,3.080460387294754
CAMEROON,CMR,1969,20.81907724441233,3.0827846900703864
CAMEROON,CMR,1970,20.864085474443904,3.0848453579871293
CAMEROON,CMR,1971,20.93590755180068,3.088124908359978
CAMEROON,CMR,1972,21.127564858548478,3.0968241099852163
CAMEROON,CMR,1973,21.36585280225737,3.1075353672670443
CAMEROON,CMR,1974,21.49217682954037,3.1131675522850712
CAMEROON,CMR,1975,21.773051040634126,3.1255778649786787
CAMEROON,CMR,1976,21.78731773690379,3.1262041415922694
CAMEROON,CMR,1977,21.945470631073274,3.1331205589057083
CAMEROON,CMR,1978,22.262893240104418,3.146859526289947
CAMEROON,CMR,1979,22.501433856557895,3.15706143446144
CAMEROON,CMR,1980,22.621570476853837,3.162160297841452
CAMEROON,CMR,1981,22.611991480224386,3.1617546965544063
CAMEROON,CMR,1982,22.612039482417924,3.1617567295106177
CAMEROON,CMR,1983,22.650459056279534,3.1633825251630734
CAMEROON,CMR,1984,22.712774195456095,3.1660138985240023
CAMEROON,CMR,1985,22.86858997632117,3.172563367651694
CAMEROON,CMR,1986,23.19618898714937,3.1861951408915234
CAMEROON,CMR,1987,23.29202791529041,3.1901482271903747
CAMEROON,CMR,1988,23.22765295123419,3.1874946647315685
CAMEROON,CMR,1989,23.12230283908967,3.183136841559057
CAMEROON,CMR,1990,23.234041856093192,3.187758332971873
CAMEROON,CMR,1991,23.19476570751948,3.186136316690212
CAMEROON,CMR,1992,23.214135947821564,3.1869365927003472
CAMEROON,CMR,1993,23.50715390004586,3.1989650708484088
CAMEROON,CMR,1994,22.909591935713394,3.1742797146459423
CAMEROON,CMR,1995,23.108791508963304,3.182576566878897
CAMEROON,CMR,1996,23.129628689881365,3.1834404916147476
CAMEROON,CMR,1997,23.10183542335733,3.182287996242219
CAMEROON,CMR,1998,23.147904389048286,3.1841976015528233
CAMEROON,CMR,1999,23.171320592151215,3.185166830879045
CAMEROON,CMR,2000,23.080961960469548,3.181421568167182
CAMEROON,CMR,2001,23.116923538930685,3.182913815586827
CAMEROON,CMR,2002,23.242352579909586,3.188101210118348
CAMEROON,CMR,2003,23.49399752535571,3.198428088568459
CAMEROON,CMR,2004,23.658516103916863,3.2051223217130405
CAMEROON,CMR,2005,23.694185416970466,3.206567807701248
CAMEROON,CMR,2006,23.76351788280376,3.209371516997264
CAMEROON,CMR,2007,23.89832562333219,3.214800557166796
CAMEROON,CMR,2008,24.045244743601483,3.2206839789160147
CAMEROON,CMR,2009,24.053073559149126,3.220996516976237
CAMEROON,CMR,2010,24.037724597459054,3.2203836713944005
CAMEROON,CMR,2011,24.145275483548705,3.2246700253622316
CAMEROON,CMR,2012,24.129618649920836,3.2240471763476735
CAMEROON,CMR,2013,24.24161260734325,3.2284939265727726
CAMEROON,CMR,2014,24.317464892572062,3.2314944695371386
CAMEROON,CMR,2015,24.195550034706223,3.2266673929998912
CAMEROON,CMR,2016,24.244150722303722,3.2285944743230774
CAMEROON,CMR,2017,24.309518453796205,3.2311805484493763
CAMEROON,CMR,2018,24.41103347797004,3.235183468601406
CAMEROON,CMR,2019,24.403804541708947,3.2348989479144734
CAMEROON,CMR,2020,24.431291849686872,3.235980378367369
CAMEROON,CMR,2021,24.5297843557771,3.2398457845188195
CAMEROON,CMR,2022,24.499333217921134,3.238652303505689
CAMEROON,CMR,2023,24.59333099656216,3.242331809600637
CANADA,CAN,1960,24.42614111466747,3.2357778225269818
CANADA,CAN,1961,24.43776900267525,3.236235038190643
CANADA,CAN,1962,24.46890862193343,3.237458438522195
CANADA,CAN,1963,24.533042092290668,3.2399733817062293
CANADA,CAN,1964,24.625312520678232,3.243580633313109
CANADA,CAN,1965,24.724204264292524,3.2474323488526795
CANADA,CAN,1966,24.83826912077225,3.251856692180602
CANADA,CAN,1967,24.91075041410959,3.2546579564899942
CANADA,CAN,1968,25.00060996226091,3.2581199978332567
CANADA,CAN,1969,25.097827315611283,3.261852066251028
CANADA,CAN,1970,25.20278501415949,3.2658657033681546
CANADA,CAN,1971,25.324492806098885,3.2704997912095117
CANADA,CAN,1972,25.454750111005442,3.275435730498043
CANADA,CAN,1973,25.60428088801047,3.281072138478394
CANADA,CAN,1974,25.80435455049745,3.288564357545358
CANADA,CAN,1975,25.884730628567713,3.291558490816532
CANADA,CAN,1976,26.05729590815957,3.2979566882652334
CANADA,CAN,1977,26.08138478696492,3.298846583626027
CANADA,CAN,1978,26.1140235528457,3.3000510683167636
CANADA,CAN,1979,26.219987750754647,3.303951547214205
CANADA,CAN,1980,26.339224117195673,3.308322451858571
CANADA,CAN,1981,26.450916658582198,3.312399561153252
CANADA,CAN,1982,26.47471977854487,3.3132663010946297
CANADA,CAN,1983,26.55768549515798,3.316281462036815
CANADA,CAN,1984,26.600212512291296,3.317823472414161
CANADA,CAN,1985,26.626407271979033,3.3187721005125104
CANADA,CAN,1986,26.660820081422127,3.320016974438536
CANADA,CAN,1987,26.794313536096205,3.324831450712291
CANADA,CAN,1988,26.956460191079927,3.330648306742809
CANADA,CAN,1989,27.06399895658684,3.3344875790099984
CANADA,CAN,1990,27.113633327111966,3.336254630465269
CANADA,CAN,1991,27.14086002293871,3.3372226135127123
CANADA,CAN,1992,27.11079706215417,3.3361537396268712
CANADA,CAN,1993,27.084660817562803,3.335223548915307
CANADA,CAN,1994,27.08619798210244,3.3352782806595913
CANADA,CAN,1995,27.130081613134525,3.3368395237821113
CANADA,CAN,1996,27.169950261003258,3.3382558162141365
CANADA,CAN,1997,27.207881224835926,3.3396014149559208
CANADA,CAN,1998,27.175314791383638,3.3384462325833417
CANADA,CAN,1999,27.243020899256486,3.340846379257182
CANADA,CAN,2000,27.33634586937697,3.3441452869716657
CANADA,CAN,2001,27.328539119371023,3.343869745953383
CANADA,CAN,2002,27.35743829241706,3.344889369390051
CANADA,CAN,2003,27.520693447294015,3.350629909671753
CANADA,CAN,2004,27.657361383344288,3.3554103519838763
CANADA,CAN,2005,27.79067826339344,3.360051663339054
CANADA,CAN,2006,27.908095734934555,3.364121685126008
CANADA,CAN,2007,28.015480750904064,3.367829506552491
CANADA,CAN,2008,28.071203021774064,3.369748097332465
CANADA,CAN,2009,27.949202185992828,3.3655426452970496
CANADA,CAN,2010,28.11180602245712,3.3711437971404052
CANADA,CAN,2011,28.215093463606244,3.3746854751663093
CANADA,CAN,2012,28.234444051099448,3.37534760489472
CANADA,CAN,2013,28.24436583011532,3.3756869339313824
CANADA,CAN,2014,28.221997066559044,3.374921749865213
CANADA,CAN,2015,28.073466490941257,3.3698259537959143
CANADA,CAN,2016,28.054977365506893,3.369189806504459
CANADA,CAN,2017,28.13135124067613,3.3718149564618134
CANADA,CAN,2018,28.17643898460088,3.373361499479042
CANADA,CAN,2019,28.187044850829167,3.3737249413316546
CANADA,CAN,2020,28.135235773332294,3.3719482930054823
CANADA,CAN,2021,28.327897425368278,3.378539193592879
CANADA,CAN,2022,28.401815847025894,3.3810564359416313
CANADA,CAN,2023,28.391866929112208,3.3807180010098876
CARIBBEAN SMALL STATES,CSS,1960,20.279380846882304,3.057738568508915
CARIBBEAN SMALL STATES,CSS,1961,20.366636822516117,3.061830678495423
CARIBBEAN SMALL STATES,CSS,1962,20.43701042887754,3.0651188875284796
CARIBBEAN SMALL STATES,CSS,1963,20.478713770530025,3.0670623875186234
CARIBBEAN SMALL STATES,CSS,1964,20.56076228192268,3.0708751017201683
CARIBBEAN SMALL STATES,CSS,1965,20.663468912300665,3.0756273816722026
CARIBBEAN SMALL STATES,CSS,1966,20.78173443615606,3.0810717486847676
CARIBBEAN SMALL STATES,CSS,1967,20.900415163266285,3.08650559386954
CARIBBEAN SMALL STATES,CSS,1968,20.946271114293502,3.088597244191996
CARIBBEAN SMALL STATES,CSS,1969,21.065731576040303,3.094025797668834
CARIBBEAN SMALL STATES,CSS,1970,21.125154439022356,3.0967151711644267
CARIBBEAN SMALL STATES,CSS,1971,21.201954940433655,3.1001803453810406
CARIBBEAN SMALL STATES,CSS,1972,21.253617820903212,3.1025045940867937
CARIBBEAN SMALL STATES,CSS,1973,21.372834583768846,3.1078474810985437
CARIBBEAN SMALL STATES,CSS,1974,21.50660980061115,3.1138090349847865
CARIBBEAN SMALL STATES,CSS,1975,21.598330105067152,3.1178760143919813
CARIBBEAN SMALL STATES,CSS,1976,21.623423958557822,3.1189858278694067
CARIBBEAN SMALL STATES,CSS,1977,21.756578126997454,3.1248542520410543
CARIBBEAN SMALL STATES,CSS,1978,21.895121592021574,3.1309238569497966
CARIBBEAN SMALL STATES,CSS,1979,22.061816625450657,3.1381782899449533
CARIBBEAN SMALL STATES,CSS,1980,22.2451907172728,3.146098259766786
CARIBBEAN SMALL STATES,CSS,1981,22.316718394754854,3.1491706309436296
CARIBBEAN SMALL STATES,CSS,1982,22.349744528798254,3.1505860431042296
CARIBBEAN SMALL STATES,CSS,1983,22.401340681537242,3.1527933148052005
CARIBBEAN SMALL STATES,CSS,1984,22.490732062447226,3.156605963040347
CARIBBEAN SMALL STATES,CSS,1985,22.570779502434227,3.1600077882057716
CARIBBEAN SMALL STATES,CSS,1986,22.65469521580528,3.163561624443152
CARIBBEAN SMALL STATES,CSS,1987,22.731029839124485,3.1667834676991915
CARIBBEAN SMALL STATES,CSS,1988,22.82096935707308,3.1705662581903606
CARIBBEAN SMALL STATES,CSS,1989,22.822659708927056,3.170637216338924
CARIBBEAN SMALL STATES,CSS,1990,22.863835006481168,3.1723641332797783
CARIBBEAN SMALL STATES,CSS,1991,22.8793506409513,3.1730140955646973
CARIBBEAN SMALL STATES,CSS,1992,22.89816395496481,3.173801634018507
CARIBBEAN SMALL STATES,CSS,1993,22.93637209596758,3.1753991471244287
CARIBBEAN SMALL STATES,CSS,1994,23.009640205580812,3.178455424930579
CARIBBEAN SMALL STATES,CSS,1995,23.065153188936918,3.1807648683669303
CARIBBEAN SMALL STATES,CSS,1996,23.13741551110675,3.183763147431852
CARIBBEAN SMALL STATES,CSS,1997,23.38597519840633,3.19400818009525
CARIBBEAN SMALL STATES,CSS,1998,23.470382626604465,3.197463513891565
CARIBBEAN SMALL STATES,CSS,1999,23.531589254818908,3.199961644382858
CARIBBEAN SMALL STATES,CSS,2000,23.58360026966523,3.202079564919927
CARIBBEAN SMALL STATES,CSS,2001,23.593342833432676,3.2024757897879303
CARIBBEAN SMALL STATES,CSS,2002,23.651136141062967,3.204822990341879
CARIBBEAN SMALL STATES,CSS,2003,23.68071868106271,3.2060223185914385
CARIBBEAN SMALL STATES,CSS,2004,23.732996565054854,3.2081382454443945
CARIBBEAN SMALL STATES,CSS,2005,23.823735127500203,3.2118002570722433
CARIBBEAN SMALL STATES,CSS,2006,23.978424023542555,3.2180124131772816
CARIBBEAN SMALL STATES,CSS,2007,24.05786869020699,3.221187897575254
CARIBBEAN SMALL STATES,CSS,2008,24.10413396595057,3.223032532414877
CARIBBEAN SMALL STATES,CSS,2009,24.080448329114553,3.222088591566452
CARIBBEAN SMALL STATES,CSS,2010,24.11493579144124,3.2234627206166673
CARIBBEAN SMALL STATES,CSS,2011,24.13588323558863,3.2242964361964854
CARIBBEAN SMALL STATES,CSS,2012,24.190637465351482,3.2264723963306037
CARIBBEAN SMALL STATES,CSS,2013,24.201140551518513,3.226889253474069
CARIBBEAN SMALL STATES,CSS,2014,24.233684740595,3.228179797989882
CARIBBEAN SMALL STATES,CSS,2015,24.2653334196146,3.2294332355542643
CARIBBEAN SMALL STATES,CSS,2016,24.233355066983048,3.2281667330820447
CARIBBEAN SMALL STATES,CSS,2017,24.276371027747604,3.22987000785663
CARIBBEAN SMALL STATES,CSS,2018,24.313026824002176,3.2313191574502604
CARIBBEAN SMALL STATES,CSS,2019,24.350828516874447,3.232811412614529
CARIBBEAN SMALL STATES,CSS,2020,24.169373803465522,3.2256279301514326
CARIBBEAN SMALL STATES,CSS,2021,24.326222218889207,3.2318403103281206
CARIBBEAN SMALL STATES,CSS,2022,24.597338847607467,3.2424883948168763
CARIBBEAN SMALL STATES,CSS,2023,24.698313174016146,3.2464253544947965
CAYMAN ISLANDS,CYM,2006,22.158418998475824,3.142358386060165
CAYMAN ISLANDS,CYM,2007,22.219821243373254,3.1450062778496415
CAYMAN ISLANDS,CYM,2008,22.24626289383051,3.146144383364765
CAYMAN ISLANDS,CYM,2009,22.177619378006487,3.143187131084657
CAYMAN ISLANDS,CYM,2010,22.14802128714788,3.1419093033218433
CAYMAN ISLANDS,CYM,2011,22.1550289381664,3.1422119896907943
CAYMAN ISLANDS,CYM,2012,22.179786688298538,3.1432806354662666
CAYMAN ISLANDS,CYM,2013,22.206186802176493,3.1444189156290787
CAYMAN ISLANDS,CYM,2014,22.241214050348052,3.1459271703072194
CAYMAN ISLANDS,CYM,2015,22.27256455147537,3.1472751797279557
CAYMAN ISLANDS,CYM,2016,22.314401724417696,3.149071269387092
CAYMAN ISLANDS,CYM,2017,22.365418981006258,3.1512571079841774
CAYMAN ISLANDS,CYM,2018,22.433485930243236,3.1541660220864776
CAYMAN ISLANDS,CYM,2019,22.50529421221531,3.157225681403301
CAYMAN ISLANDS,CYM,2020,22.455869248532487,3.1551207513594277
CAYMAN ISLANDS,CYM,2021,22.524980011537107,3.1580628358020966
CAYMAN ISLANDS,CYM,2022,22.610463356823754,3.1616899763526956
CENTRAL AFRICAN REPUBLIC,CAF,1960,18.535397737364953,2.9722280885436856
CENTRAL AFRICAN REPUBLIC,CAF,1961,18.62878848966455,2.9769972890972056
CENTRAL AFRICAN REPUBLIC,CAF,1962,18.639677901509355,2.9775519026650215
CENTRAL AFRICAN REPUBLIC,CAF,1963,18.678257595972934,2.979514350914501
CENTRAL AFRICAN REPUBLIC,CAF,1964,18.771514210786847,2.984242225589308
CENTRAL AFRICAN REPUBLIC,CAF,1965,18.829970498167338,2.987194454793197
CENTRAL AFRICAN REPUBLIC,CAF,1966,18.877662569397533,2.989596617323636
CENTRAL AFRICAN REPUBLIC,CAF,1967,18.914281956965826,2.9914371605964925
CENTRAL AFRICAN REPUBLIC,CAF,1968,19.07179395420319,2.9993155436767966
CENTRAL AFRICAN REPUBLIC,CAF,1969,19.05216106357096,2.99833693166358
CENTRAL AFRICAN REPUBLIC,CAF,1970,19.05782106083278,2.998619155539015
CENTRAL AFRICAN REPUBLIC,CAF,1971,19.121055739940484,3.0017668160189626
CENTRAL AFRICAN REPUBLIC,CAF,1972,19.25497101424867,3.0084002456118464
CENTRAL AFRICAN REPUBLIC,CAF,1973,19.41830473023757,3.0164317892234425
CENTRAL AFRICAN REPUBLIC,CAF,1974,19.455283102671636,3.0182411915530825
CENTRAL AFRICAN REPUBLIC,CAF,1975,19.75214930574505,3.0326498223123273
CENTRAL AFRICAN REPUBLIC,CAF,1976,19.92731589203162,3.0410552860952245
CENTRAL AFRICAN REPUBLIC,CAF,1977,20.044609450897173,3.046644444240745
CENTRAL AFRICAN REPUBLIC,CAF,1978,20.229917642554415,3.0554113964120404
CENTRAL AFRICAN REPUBLIC,CAF,1979,20.367682793462297,3.0618796307640346
CENTRAL AFRICAN REPUBLIC,CAF,1980,20.49642570987561,3.067886675260913
CENTRAL AFRICAN REPUBLIC,CAF,1981,20.359139806622416,3.0614797420555444
CENTRAL AFRICAN REPUBLIC,CAF,1982,20.433331083455,3.0649472376044633
CENTRAL AFRICAN REPUBLIC,CAF,1983,20.305747377198436,3.0589768662332544
CENTRAL AFRICAN REPUBLIC,CAF,1984,20.273567720763282,3.05746535001991
CENTRAL AFRICAN REPUBLIC,CAF,1985,20.578066450156847,3.071677356657118
CENTRAL AFRICAN REPUBLIC,CAF,1986,20.838614813500783,3.083679724575042
CENTRAL AFRICAN REPUBLIC,CAF,1987,20.906413700428285,3.086779456979703
CENTRAL AFRICAN REPUBLIC,CAF,1988,20.958258341341946,3.089143302992531
CENTRAL AFRICAN REPUBLIC,CAF,1989,20.933470262387186,3.088013792609656
CENTRAL AFRICAN REPUBLIC,CAF,1990,21.088402897390306,3.0950527150170153
CENTRAL AFRICAN REPUBLIC,CAF,1991,21.04344534103419,3.0930152942561575
CENTRAL AFRICAN REPUBLIC,CAF,1992,21.068214584174136,3.094138319133714
CENTRAL AFRICAN REPUBLIC,CAF,1993,20.96917332189847,3.089640258100894
CENTRAL AFRICAN REPUBLIC,CAF,1994,20.56212755013655,3.0709384216052524
CENTRAL AFRICAN REPUBLIC,CAF,1995,20.8324696639353,3.083398295813674
CENTRAL AFRICAN REPUBLIC,CAF,1996,20.731026769944123,3.0787410444149925
CENTRAL AFRICAN REPUBLIC,CAF,1997,20.658984896515122,3.075420375124451
CENTRAL AFRICAN REPUBLIC,CAF,1998,20.690058929794773,3.0768540417458703
CENTRAL AFRICAN REPUBLIC,CAF,1999,20.722743211087938,3.078359785943742
CENTRAL AFRICAN REPUBLIC,CAF,2000,20.63637512470376,3.0743759318466664
CENTRAL AFRICAN REPUBLIC,CAF,2001,20.653539058449816,3.0751689079922344
CENTRAL AFRICAN REPUBLIC,CAF,2002,20.719326231767557,3.078202473947732
CENTRAL AFRICAN REPUBLIC,CAF,2003,20.856323199457716,3.084490270955549
CENTRAL AFRICAN REPUBLIC,CAF,2004,20.964139687275875,3.0894111092250256
CENTRAL AFRICAN REPUBLIC,CAF,2005,21.014362855878424,3.0916950974252204
CENTRAL AFRICAN REPUBLIC,CAF,2006,21.102975271877444,3.0957122271489754
CENTRAL AFRICAN REPUBLIC,CAF,2007,21.253783078876324,3.102512020176378
CENTRAL AFRICAN REPUBLIC,CAF,2008,21.413111517798107,3.109646123234909
CENTRAL AFRICAN REPUBLIC,CAF,2009,21.449548747555195,3.111270513654632
CENTRAL AFRICAN REPUBLIC,CAF,2010,21.48528193349813,3.1128609588809137
CENTRAL AFRICAN REPUBLIC,CAF,2011,21.61443677410048,3.118588497649541
CENTRAL AFRICAN REPUBLIC,CAF,2012,21.643598992098113,3.1198772067832854
CENTRAL AFRICAN REPUBLIC,CAF,2013,21.248907623400704,3.1022929118295255
CENTRAL AFRICAN REPUBLIC,CAF,2014,21.36238619538285,3.1073803597389524
CENTRAL AFRICAN REPUBLIC,CAF,2015,21.25143560617765,3.1024065281567803
CENTRAL AFRICAN REPUBLIC,CAF,2016,21.324855766208675,3.105700666101544
CENTRAL AFRICAN REPUBLIC,CAF,2017,21.451949052815138,3.111377427917176
CENTRAL AFRICAN REPUBLIC,CAF,2018,21.521213992401027,3.1144577091187666
CENTRAL AFRICAN REPUBLIC,CAF,2019,21.521359055427784,3.114464150270634
CENTRAL AFRICAN REPUBLIC,CAF,2020,21.56772577440003,3.1165208225446945
CENTRAL AFRICAN REPUBLIC,CAF,2021,21.64613425332964,3.119989164220546
CENTRAL AFRICAN REPUBLIC,CAF,2022,21.5914659781996,3.1175722233809444
CENTRAL AFRICAN REPUBLIC,CAF,2023,21.66151063902373,3.1206679188245845
CENTRAL EUROPE AND THE BALTICS,CEB,1990,26.327732907272235,3.307902043966193
CENTRAL EUROPE AND THE BALTICS,CEB,1991,26.243807092203433,3.304826232609745
CENTRAL EUROPE AND THE BALTICS,CEB,1992,26.270177460267988,3.305793704363569
CENTRAL EUROPE AND THE BALTICS,CEB,1993,26.321045611039242,3.307657306702244
CENTRAL EUROPE AND THE BALTICS,CEB,1994,26.453432711243607,3.3124912133699542
CENTRAL EUROPE AND THE BALTICS,CEB,1995,26.698138971342132,3.321365225786166
CENTRAL EUROPE AND THE BALTICS,CEB,1996,26.754420734961535,3.3233951332690075
CENTRAL EUROPE AND THE BALTICS,CEB,1997,26.739835975297694,3.322869501938335
CENTRAL EUROPE AND THE BALTICS,CEB,1998,26.830053766556013,3.3261165074998575
CENTRAL EUROPE AND THE BALTICS,CEB,1999,26.798762863495,3.324991518393249
CENTRAL EUROPE AND THE BALTICS,CEB,2000,26.78378423727245,3.324452549692949
CENTRAL EUROPE AND THE BALTICS,CEB,2001,26.873045595756093,3.3276601141655084
CENTRAL EUROPE AND THE BALTICS,CEB,2002,26.99250297875258,3.3319367235647332
CENTRAL EUROPE AND THE BALTICS,CEB,2003,27.175936031406103,3.3384682814292295
CENTRAL EUROPE AND THE BALTICS,CEB,2004,27.36064240817158,3.3450023533175166
CENTRAL EUROPE AND THE BALTICS,CEB,2005,27.510064431054126,3.3502571628678046
CENTRAL EUROPE AND THE BALTICS,CEB,2006,27.632656990928723,3.3545479192373753
CENTRAL EUROPE AND THE BALTICS,CEB,2007,27.866540353360314,3.3626831511410633
CENTRAL EUROPE AND THE BALTICS,CEB,2008,28.05675863248532,3.3692511114009105
CENTRAL EUROPE AND THE BALTICS,CEB,2009,27.885549833696047,3.3633414643193635
CENTRAL EUROPE AND THE BALTICS,CEB,2010,27.906034283232586,3.364050372050737
CENTRAL EUROPE AND THE BALTICS,CEB,2011,28.00584308479805,3.3674972953736515
CENTRAL EUROPE AND THE BALTICS,CEB,2012,27.937809203056524,3.365149016992184
CENTRAL EUROPE AND THE BALTICS,CEB,2013,27.979956278032322,3.3666044281968612
CENTRAL EUROPE AND THE BALTICS,CEB,2014,28.012072636648472,3.367712041174044
CENTRAL EUROPE AND THE BALTICS,CEB,2015,27.888468179492047,3.3634424905556837
CENTRAL EUROPE AND THE BALTICS,CEB,2016,27.906242064158963,3.3640575601754574
CENTRAL EUROPE AND THE BALTICS,CEB,2017,28.010530774144726,3.3676588942136023
CENTRAL EUROPE AND THE BALTICS,CEB,2018,28.131198800831505,3.371809723603158
CENTRAL EUROPE AND THE BALTICS,CEB,2019,28.146724392106364,3.3723425357142127
CENTRAL EUROPE AND THE BALTICS,CEB,2020,28.141337103304746,3.3721576852086805
CENTRAL EUROPE AND THE BALTICS,CEB,2021,28.277183349975008,3.3768084874021813
CENTRAL EUROPE AND THE BALTICS,CEB,2022,28.295550714183747,3.3774356517339905
CENTRAL EUROPE AND THE BALTICS,CEB,2023,28.443270853195465,3.382465390039656
CHAD,TCD,1960,19.563573768863755,3.0235212469245574
CHAD,TCD,1961,19.6265777042345,3.026580424045934
CHAD,TCD,1962,19.69502546601781,3.029893355739577
CHAD,TCD,1963,19.733777877819925,3.031764151899576
CHAD,TCD,1964,19.78740362126799,3.0343472081291276
CHAD,TCD,1965,19.84842003348939,3.037278167603237
CHAD,TCD,1966,19.88577455178743,3.0390682837727
CHAD,TCD,1967,19.924372116482985,3.040914609544597
CHAD,TCD,1968,19.933563914094602,3.041353799749898
CHAD,TCD,1969,19.971717257196527,3.04317473270049
CHAD,TCD,1970,19.966681899605028,3.0429346015692627
CHAD,TCD,1971,20.033845164619674,3.0461328148755196
CHAD,TCD,1972,20.187852987483705,3.0534280451781117
CHAD,TCD,1973,20.288165124855542,3.0581512903559185
CHAD,TCD,1974,20.296371956564464,3.0585367275297375
CHAD,TCD,1975,20.57777996447619,3.0716640798612973
CHAD,TCD,1976,20.57944738436634,3.0717413517340937
CHAD,TCD,1977,20.656442536702524,3.075302986934322
CHAD,TCD,1978,20.83115127369696,3.0833379073158613
CHAD,TCD,1979,20.727573043948578,3.0785821011440357
CHAD,TCD,1980,20.75573535414126,3.0798774172167005
CHAD,TCD,1981,20.591946348569923,3.072320390929823
CHAD,TCD,1982,20.542187338830413,3.070013214336332
CHAD,TCD,1983,20.53984264078265,3.069904366259712
CHAD,TCD,1984,20.638909551944273,3.074493062317897
CHAD,TCD,1985,20.755800507219377,3.0798804119663377
CHAD,TCD,1986,20.788892746070534,3.0814003328912305
CHAD,TCD,1987,20.874635669976044,3.085327777018171
CHAD,TCD,1988,21.117061317703246,3.0963493160068154
CHAD,TCD,1989,21.083514804866144,3.094831393743302
CHAD,TCD,1990,21.27634922529292,3.103525542803895
CHAD,TCD,1991,21.353014103706734,3.106961171193142
CHAD,TCD,1992,21.355519934184386,3.1070732674868005
CHAD,TCD,1993,21.10392662156929,3.0957552679254716
CHAD,TCD,1994,20.888642946691544,3.085967915400696
CHAD,TCD,1995,21.092011561206974,3.095216075359779
CHAD,TCD,1996,21.197849807758157,3.099995428681047
CHAD,TCD,1997,21.158088806026008,3.0982026129443176
CHAD,TCD,1998,21.279902638512766,3.1036850451443634
CHAD,TCD,1999,21.15158354602311,3.0979089858554985
CHAD,TCD,2000,21.05149474160781,3.093380388330351
CHAD,TCD,2001,21.260252288801066,3.102802679511882
CHAD,TCD,2002,21.414914750071926,3.109726574346632
CHAD,TCD,2003,21.7322506283187,3.1237846487268457
CHAD,TCD,2004,22.210051401527988,3.144585434912415
CHAD,TCD,2005,22.617778554409192,3.161999756998678
CHAD,TCD,2006,22.728616909730988,3.1666817842876673
CHAD,TCD,2007,22.880841081847283,3.1730765090870348
CHAD,TCD,2008,23.064478560078335,3.1807368345410265
CHAD,TCD,2009,22.95228278486799,3.176063633923042
CHAD,TCD,2010,23.09052415020437,3.181818574389429
CHAD,TCD,2011,23.222429442553366,3.187279040384076
CHAD,TCD,2012,23.23832680394648,3.1879351325788616
CHAD,TCD,2013,23.28463455050301,3.1898438273214174
CHAD,TCD,2014,23.35808327796551,3.1928637565754676
CHAD,TCD,2015,23.116641115120213,3.182902104911388
CHAD,TCD,2016,23.035581246312088,3.1795352843824944
CHAD,TCD,2017,23.025890367264566,3.179132014201474
CHAD,TCD,2018,23.142670648274734,3.1839808412102513
CHAD,TCD,2019,23.149390793594673,3.1842591538422935
CHAD,TCD,2020,23.094947426675994,3.182002168171509
CHAD,TCD,2021,23.189667430462315,3.185925576303464
CHAD,TCD,2022,23.240704824005437,3.188033237676303
CHAD,TCD,2023,23.29963629073611,3.19046138277507
CHANNEL ISLANDS,CHI,1998,22.505930301155995,3.1572527425550705
CHANNEL ISLANDS,CHI,1999,22.557883730858833,3.159460530082476
CHANNEL ISLANDS,CHI,2000,22.585748325491483,3.1606426451067984
CHANNEL ISLANDS,CHI,2001,22.553108560244112,3.1592578100632682
CHANNEL ISLANDS,CHI,2002,22.619936080426015,3.1620911046023883
CHANNEL ISLANDS,CHI,2003,22.715547567615268,3.166130848568163
CHANNEL ISLANDS,CHI,2004,22.86962315241487,3.172606652727785
CHANNEL ISLANDS,CHI,2005,22.901111939445318,3.1739249825182103
CHANNEL ISLANDS,CHI,2006,22.99293230397449,3.1777592996436397
CHANNEL ISLANDS,CHI,2007,23.166882139701542,3.184983189278352
CHANNEL ISLANDS,CHI,2016,22.92846516691517,3.175068761414313
CHANNEL ISLANDS,CHI,2017,22.928346234883982,3.175063791086048
CHANNEL ISLANDS,CHI,2018,23.019909974770577,3.1788830687168614
CHANNEL ISLANDS,CHI,2019,23.017958521661118,3.178801822268107
CHANNEL ISLANDS,CHI,2020,22.953425305852598,3.1761113326641888
CHANNEL ISLANDS,CHI,2021,23.13367256780009,3.183608067301566
CHANNEL ISLANDS,CHI,2022,23.141704756425867,3.183940832746192
CHILE,CHL,1960,22.136688865454555,3.1414196201464533
CHILE,CHL,1961,22.297954547910834,3.1483655690747825
CHILE,CHL,1962,22.45160357350478,3.1549388752197496
CHILE,CHL,1963,22.444478912231872,3.1546350263287515
CHILE,CHL,1964,22.509040084658118,3.1573850316315557
CHILE,CHL,1965,22.53297640439454,3.158402688763994
CHILE,CHL,1966,22.692143499242757,3.165143495261257
CHILE,CHL,1967,22.677353642661824,3.1645190488155954
CHILE,CHL,1968,22.69624945087103,3.165316784599972
CHILE,CHL,1969,22.846675960724824,3.1716448349051305
CHILE,CHL,1970,22.936376058997862,3.175399312689617
CHILE,CHL,1971,23.10983276823977,3.182619755969927
CHILE,CHL,1972,23.19423451015609,3.186114361396198
CHILE,CHL,1973,23.546214380314787,3.2005576419559167
CHILE,CHL,1974,23.508875247905312,3.199035306968718
CHILE,CHL,1975,22.754248230325615,3.1677613873406236
CHILE,CHL,1976,23.059152623616637,3.1805154906252646
CHILE,CHL,1977,23.359862650711218,3.1929368045134536
CHILE,CHL,1978,23.49535684379672,3.1984835830104195
CHILE,CHL,1979,23.805457250871214,3.2110636794017453
CHILE,CHL,1980,24.091826724058684,3.2225421645857
CHILE,CHL,1981,24.264511440106,3.2294007011377843
CHILE,CHL,1982,23.695181301849054,3.206608135607633
CHILE,CHL,1983,23.736937074424812,3.2082975547091697
CHILE,CHL,1984,23.702450349622115,3.206902443151639
CHILE,CHL,1985,23.5978278449665,3.2026581400546306
CHILE,CHL,1986,23.662274870368744,3.205274742888164
CHILE,CHL,1987,23.825640639034148,3.2118770158030614
CHILE,CHL,1988,23.98299840577009,3.2181955297507456
CHILE,CHL,1989,24.122352174971187,3.223757974754939
CHILE,CHL,1990,24.223941208951622,3.227793591481703
CHILE,CHL,1991,24.356796104447323,3.233046785012467
CHILE,CHL,1992,24.55081116670874,3.2406690643535283
CHILE,CHL,1993,24.620933873030943,3.2434097467422447
CHILE,CHL,1994,24.766292563840345,3.2490671479520925
CHILE,CHL,1995,25.019800371821887,3.2588578009496976
CHILE,CHL,1996,25.08743521289914,3.261453788946441
CHILE,CHL,1997,25.174601804691036,3.264789543830609
CHILE,CHL,1998,25.12986325610508,3.2630788463043263
CHILE,CHL,1999,25.048440145665516,3.2599578871614567
CHILE,CHL,2000,25.084320983174123,3.2613344052049005
CHILE,CHL,2001,24.994008049243327,3.25786605181709
CHILE,CHL,2002,24.97552606736854,3.257154789614413
CHILE,CHL,2003,25.060459574957424,3.2604192068043396
CHILE,CHL,2004,25.319152925740518,3.270296922266738
CHILE,CHL,2005,25.52969500574491,3.278264671880962
CHILE,CHL,2006,25.7592018069945,3.2868784069749033
CHILE,CHL,2007,25.87361133894259,3.291144814003716
CHILE,CHL,2008,25.915636930069475,3.292707416234852
CHILE,CHL,2009,25.8694682038987,3.2909906309875088
CHILE,CHL,2010,26.10339914992873,3.299659149906654
CHILE,CHL,2011,26.250241814413656,3.305062394993317
CHILE,CHL,2012,26.310607309317515,3.3072751728552605
CHILE,CHL,2013,26.348708388059453,3.308669302453369
CHILE,CHL,2014,26.282257495499305,3.3062365823190096
CHILE,CHL,2015,26.214062808130546,3.3037338547005426
CHILE,CHL,2016,26.242102770905916,3.3047636725349534
CHILE,CHL,2017,26.34422545952662,3.308505371640831
CHILE,CHL,2018,26.413143969344564,3.3110226052818335
CHILE,CHL,2019,26.351911816359934,3.3087864283028448
CHILE,CHL,2020,26.260766071724255,3.305448528284536
CHILE,CHL,2021,26.47747210840872,3.313366472890208
CHILE,CHL,2022,26.43407867196696,3.311785987733337
CHILE,CHL,2023,26.538987137660953,3.315602714761476
CHINA,CHN,1960,24.812870003073346,3.250873204878017
CHINA,CHN,1961,24.6364219193475,3.244014071586884
CHINA,CHN,1962,24.577854338044432,3.2417269121807926
CHINA,CHN,1963,24.64932220306043,3.2445171464356846
CHINA,CHN,1964,24.812733948651367,3.250867934066189
CHINA,CHN,1965,24.97797045574391,3.25724888870459
CHINA,CHN,1966,25.063428339105226,3.2605331186505127
CHINA,CHN,1967,25.012098817528607,3.2585617689205186
CHINA,CHN,1968,24.98377824067805,3.257472429486185
CHINA,CHN,1969,25.101605870132715,3.261996840027195
CHINA,CHN,1970,25.251583432747275,3.2677263084658947
CHINA,CHN,1971,25.326439970055635,3.2705737562412773
CHINA,CHN,1972,25.456735196520775,3.2755107646992085
CHINA,CHN,1973,25.65444781406366,3.2829560340242656
CHINA,CHN,1974,25.694390573581348,3.284453452456921
CHINA,CHN,1975,25.81964772923448,3.2891347431376854
CHINA,CHN,1976,25.759823984610495,3.286901657682734
CHINA,CHN,1977,25.887685647146814,3.2916683991593865
CHINA,CHN,1978,25.73083478680582,3.285817759996348
CHINA,CHN,1979,25.90662451917359,3.2923725209429247
CHINA,CHN,1980,25.97632017243999,3.2949594505375637
CHINA,CHN,1981,26.00069854141567,3.295862737573941
CHINA,CHN,1982,26.04671328066996,3.297565492574443
CHINA,CHN,1983,26.164326554239597,3.3019045887607765
CHINA,CHN,1984,26.283741719709308,3.3062909833831053
CHINA,CHN,1985,26.458185247006774,3.312664311011282
CHINA,CHN,1986,26.429572124463437,3.3116217060113504
CHINA,CHN,1987,26.332638633694827,3.3080815424327223
CHINA,CHN,1988,26.46740181626365,3.312999913044366
CHINA,CHN,1989,26.574801575279064,3.3169023692942408
CHINA,CHN,1990,26.611750123800746,3.3182414112493888
CHINA,CHN,1991,26.672275072240126,3.3204310120393545
CHINA,CHN,1992,26.77985243658219,3.3243110254539974
CHINA,CHN,1993,26.820736077020484,3.3257816447010082
CHINA,CHN,1994,27.058890589722015,3.334305536819362
CHINA,CHN,1995,27.322435185068194,3.34365425330206
CHINA,CHN,1996,27.48454841864857,3.3493617795031505
CHINA,CHN,1997,27.591866460817393,3.3531222878975404
CHINA,CHN,1998,27.659667606626513,3.3554908245179247
CHINA,CHN,1999,27.720865361912317,3.357623874711899
CHINA,CHN,2000,27.822741409120702,3.3611647078075015
CHINA,CHN,2001,27.923243538203465,3.3646455465411407
CHINA,CHN,2002,28.016662801788282,3.36787024435096
CHINA,CHN,2003,28.13800770633506,3.3720434287089143
CHINA,CHN,2004,28.301588668941797,3.3776417353361246
CHINA,CHN,2005,28.45780768635354,3.3829589916447085
CHINA,CHN,2006,28.643392151779455,3.3892392389463324
CHINA,CHN,2007,28.89806105402569,3.39779363060249
CHINA,CHN,2008,29.155845527420837,3.4063787858870995
CHINA,CHN,2009,29.260593193691122,3.4098463113964605
CHINA,CHN,2010,29.437207965959384,3.415665806249245
CHINA,CHN,2011,29.652773387167922,3.4227231440037387
CHINA,CHN,2012,29.774866644112272,3.4266983388072627
CHINA,CHN,2013,29.889703548168345,3.4304229098681986
CHINA,CHN,2014,29.9800722405161,3.4333441668296483
CHINA,CHN,2015,30.03449829165964,3.4350994338467444
CHINA,CHN,2016,30.049904919544417,3.4355957462023166
CHINA,CHN,2017,30.141472968730575,3.438540466787832
CHINA,CHN,2018,30.26254354778621,3.442420689174737
CHINA,CHN,2019,30.2898788673944,3.443294686385167
CHINA,CHN,2020,30.318034531545035,3.4441941147328046
CHINA,CHN,2021,30.51136832376963,3.4503483798904373
CHINA,CHN,2022,30.5148036227023,3.4504573917129857
CHINA,CHN,2023,30.509926383402586,3.450302619473296
COLOMBIA,COL,1960,22.11731827040825,3.1405820453122626
COLOMBIA,COL,1961,22.236291469950125,3.145715343946866
COLOMBIA,COL,1962,22.323771620184925,3.149473081688962
COLOMBIA,COL,1963,22.29938823284924,3.1484271041260663
COLOMBIA,COL,1964,22.51057653616666,3.1574503852698674
COLOMBIA,COL,1965,22.474335578038904,3.155907721308854
COLOMBIA,COL,1966,22.414932100981293,3.1533739428226863
COLOMBIA,COL,1967,22.485454095796218,3.156381254859251
COLOMBIA,COL,1968,22.508372033682782,3.157356614458203
COLOMBIA,COL,1969,22.587373132307494,3.1607115320816876
COLOMBIA,COL,1970,22.697119123176414,3.1653534847684406
COLOMBIA,COL,1971,22.779999107776916,3.168844853742741
COLOMBIA,COL,1972,22.88329133203275,3.1731791070015696
COLOMBIA,COL,1973,23.05693865989645,3.1804234647078347
COLOMBIA,COL,1974,23.23854241491156,3.187944027995111
COLOMBIA,COL,1975,23.29577377941553,3.1903024166783487
COLOMBIA,COL,1976,23.45382113198943,3.1967864872268343
COLOMBIA,COL,1977,23.69218999353816,3.2064869990402842
COLOMBIA,COL,1978,23.870151959658063,3.2136683679557967
COLOMBIA,COL,1979,24.053339909717483,3.2210071483724962
COLOMBIA,COL,1980,24.231843761957414,3.2281068381421196
COLOMBIA,COL,1981,24.317514968998715,3.2314964474751884
COLOMBIA,COL,1982,24.386007652792877,3.2341981424231556
COLOMBIA,COL,1983,24.37987575472286,3.2339565668732684
COLOMBIA,COL,1984,24.367490981811553,3.2334684716693745
COLOMBIA,COL,1985,24.27559275203649,3.2298392167398076
COLOMBIA,COL,1986,24.276969395094593,3.2298936805691354
COLOMBIA,COL,1987,24.317101020738903,3.2314800970693747
COLOMBIA,COL,1988,24.39226268685187,3.2344445089909333
COLOMBIA,COL,1989,24.400580683022532,3.23477203529949
COLOMBIA,COL,1990,24.591213451085157,3.242249068003498
COLOMBIA,COL,1991,24.62802238447671,3.243686377214692
COLOMBIA,COL,1992,24.790486574608934,3.250005686508955
COLOMBIA,COL,1993,24.920078254633612,3.2550178905626033
COLOMBIA,COL,1994,25.126387126836978,3.2629458046395396
COLOMBIA,COL,1995,25.250430918476965,3.267682404844872
COLOMBIA,COL,1996,25.299556896473785,3.269552090998967
COLOMBIA,COL,1997,25.39287915477529,3.2730942447830804
COLOMBIA,COL,1998,25.313183883971824,3.2700701019446283
COLOMBIA,COL,1999,25.180851461324856,3.265028283303716
COLOMBIA,COL,2000,25.327185991480906,3.2706020931852846
COLOMBIA,COL,2001,25.310278581851595,3.2699596834359617
COLOMBIA,COL,2002,25.30768023211172,3.269860920587666
COLOMBIA,COL,2003,25.27339856112466,3.268556965757097
COLOMBIA,COL,2004,25.486229345984654,3.2766249506073812
COLOMBIA,COL,2005,25.704132610104875,3.2848183328337845
COLOMBIA,COL,2006,25.809583323348644,3.288759410290041
COLOMBIA,COL,2007,26.052255661732207,3.2977703904196325
COLOMBIA,COL,2008,26.214284662529774,3.303742006864242
COLOMBIA,COL,2009,26.17202127056554,3.302187814140671
COLOMBIA,COL,2010,26.380999256491126,3.30984931504866
COLOMBIA,COL,2011,26.53729527352686,3.3155412776397037
COLOMBIA,COL,2012,26.63863505423077,3.31921461469278
COLOMBIA,COL,2013,26.668931695784764,3.3203101842997844
COLOMBIA,COL,2014,26.666697202410198,3.3202294228294527
COLOMBIA,COL,2015,26.405117479941964,3.31072976529575
COLOMBIA,COL,2016,26.36772320023699,3.3093643336310623
COLOMBIA,COL,2017,26.465842251511656,3.312943132681987
COLOMBIA,COL,2018,26.53500012125111,3.3154579271179716
COLOMBIA,COL,2019,26.50101630146092,3.314222960406415
COLOMBIA,COL,2020,26.322977121967636,3.3077280010191186
COLOMBIA,COL,2021,26.48696565033496,3.3137119159587725
COLOMBIA,COL,2022,26.567765956796173,3.3166471900802157
COLOMBIA,COL,2023,26.619155598891044,3.3185095754244203
COMOROS,COM,1980,19.173125838809128,3.0043513146146705
COMOROS,COM,1981,19.095408990326586,3.000491380534386
COMOROS,COM,1982,19.03049530112788,2.997255877336443
COMOROS,COM,1983,19.071035003864072,2.999277731177832
COMOROS,COM,1984,19.034228424142068,2.997442231948575
COMOROS,COM,1985,19.097322945271717,3.000586619392478
COMOROS,COM,1986,19.44743076910422,3.017857239833473
COMOROS,COM,1987,19.637152665780455,3.0270929788577576
COMOROS,COM,1988,19.69184488947729,3.029739655954139
COMOROS,COM,1989,19.648790206333217,3.0276567320411125
COMOROS,COM,1990,19.878416723953276,3.0387159327425217
COMOROS,COM,1991,19.86550051214245,3.0380971018766996
COMOROS,COM,1992,19.941044028359592,3.0417110622873684
COMOROS,COM,1993,19.93114100477935,3.041238050250521
COMOROS,COM,1994,19.58129453905495,3.0243826311999564
COMOROS,COM,1995,19.80312218462138,3.0351030804725134
COMOROS,COM,1996,19.79706063345282,3.0348116610218843
COMOROS,COM,1997,19.71388785417482,3.0308043861409675
COMOROS,COM,1998,19.729302024507604,3.031548256054875
COMOROS,COM,1999,19.76212153096122,3.0331302462825422
COMOROS,COM,2000,19.676685821552287,3.029006776717533
COMOROS,COM,2001,19.7517583980454,3.0326309851607776
COMOROS,COM,2002,19.869866992450028,3.0383063479231387
COMOROS,COM,2003,20.119749507862476,3.0502085983445473
COMOROS,COM,2004,20.267095857289092,3.0571610828562235
COMOROS,COM,2005,20.29838113700254,3.0586310668693812
COMOROS,COM,2006,20.364348085326306,3.0617235554231637
COMOROS,COM,2007,20.49469904750844,3.0678063488038667
COMOROS,COM,2008,20.6351547004966,3.074319524124896
COMOROS,COM,2009,20.623822417037957,3.073795596631785
COMOROS,COM,2010,20.626731512158887,3.07393011953894
COMOROS,COM,2011,20.746089654214707,3.079433955358134
COMOROS,COM,2012,20.73898512977181,3.079107198440207
COMOROS,COM,2013,20.833217493323588,3.08343254830972
COMOROS,COM,2014,20.862669159378974,3.0847805777363524
COMOROS,COM,2015,20.688705034421837,3.0767916197103093
COMOROS,COM,2016,20.73601965336222,3.078970776308503
COMOROS,COM,2017,20.797853468026013,3.0818115001776207
COMOROS,COM,2018,20.89620808638866,3.086313475090584
COMOROS,COM,2019,20.901428366883422,3.0865518569276977
COMOROS,COM,2020,20.9262386776646,3.087684032793055
COMOROS,COM,2021,20.982617475641103,3.0902520263095603
COMOROS,COM,2022,20.94040693575353,3.088330002339323
COMOROS,COM,2023,21.025132559013002,3.092184190374529
"CONGO, DEM. REP.",COD,1992,22.90368329596625,3.174032559865242
"CONGO, DEM. REP.",COD,1993,23.099844609848784,3.1822053927517056
"CONGO, DEM. REP.",COD,1994,22.48464782594351,3.156346923664734
"CONGO, DEM. REP.",COD,1995,22.453755501541053,3.155030631389203
"CONGO, DEM. REP.",COD,1996,22.476190390304915,3.155986732660856
"CONGO, DEM. REP.",COD,1997,22.530051625651108,3.1582783967721855
"CONGO, DEM. REP.",COD,1998,22.550682919528455,3.159154818748064
"CONGO, DEM. REP.",COD,1999,22.273221103556665,3.1473033907495163
"CONGO, DEM. REP.",COD,2000,23.672328128210445,3.2056822969119043
"CONGO, DEM. REP.",COD,2001,22.729893255671872,3.166735572151498
"CONGO, DEM. REP.",COD,2002,22.889806499438606,3.1734518616581435
"CONGO, DEM. REP.",COD,2003,22.91352924814147,3.174444376104229
"CONGO, DEM. REP.",COD,2004,23.05516538011911,3.1803497502106817
"CONGO, DEM. REP.",COD,2005,23.20520847053676,3.186567836060074
"CONGO, DEM. REP.",COD,2006,23.394091848131993,3.1943409656075303
"CONGO, DEM. REP.",COD,2007,23.540891965344013,3.200340786028246
"CONGO, DEM. REP.",COD,2008,23.708367585669233,3.2071419549153646
"CONGO, DEM. REP.",COD,2009,23.649024716659845,3.204737334458909
"CONGO, DEM. REP.",COD,2010,23.79437090237161,3.2106166476640556
"CONGO, DEM. REP.",COD,2011,23.975179809906862,3.2178825241045708
"CONGO, DEM. REP.",COD,2012,24.10106613869958,3.222910320881075
"CONGO, DEM. REP.",COD,2013,24.210021305452543,3.2272415863185726
"CONGO, DEM. REP.",COD,2014,24.304254937112276,3.230972560925417
"CONGO, DEM. REP.",COD,2015,24.35868402983476,3.233121236654581
"CONGO, DEM. REP.",COD,2016,24.337820414181902,3.232298157546484
"CONGO, DEM. REP.",COD,2017,24.361358836492695,3.2332267100141943
"CONGO, DEM. REP.",COD,2018,24.585430518131382,3.2420230690895453
"CONGO, DEM. REP.",COD,2019,24.670189272630918,3.245330368156642
"CONGO, DEM. REP.",COD,2020,24.609293099210955,3.242955297300643
"CONGO, DEM. REP.",COD,2021,24.73655367225399,3.2479123032370962
"CONGO, DEM. REP.",COD,2022,24.90990919505576,3.254625489938613
"CONGO, DEM. REP.",COD,2023,24.9187111599845,3.2549651464817764
"CONGO, REP.",COG,1960,18.696279072023184,2.9804297383112144
"CONGO, REP.",COG,1961,18.837255503554903,2.987561760813999
"CONGO, REP.",COG,1962,18.930633424715918,2.9922579161941076
"CONGO, REP.",COG,1963,18.964361269662835,2.9939487474996738
"CONGO, REP.",COG,1964,19.039609234180816,2.9977107767341757
"CONGO, REP.",COG,1965,19.1053826837886,3.0009875744276555
"CONGO, REP.",COG,1966,19.211923231213905,3.0062726892438376
"CONGO, REP.",COG,1967,19.285246206614477,3.0098938339579098
"CONGO, REP.",COG,1968,19.3419488989402,3.012685202104103
"CONGO, REP.",COG,1969,19.395391453358616,3.015308966179768
"CONGO, REP.",COG,1970,19.432138735910144,3.0171090893958574
"CONGO, REP.",COG,1971,19.590459598892714,3.024827842252099
"CONGO, REP.",COG,1972,19.833298737197065,3.0365526074583267
"CONGO, REP.",COG,1973,20.11072741172096,3.0497813194248247
"CONGO, REP.",COG,1974,20.187745517814257,3.0534229729349702
"CONGO, REP.",COG,1975,20.45813122291373,3.066103651533433
"CONGO, REP.",COG,1976,20.44163157475554,3.0653344328759977
"CONGO, REP.",COG,1977,20.455679197659585,3.065989374789756
"CONGO, REP.",COG,1978,20.59403577711468,3.0724171551317023
"CONGO, REP.",COG,1979,20.90454490673059,3.086694145278784
"CONGO, REP.",COG,1980,21.257298200903705,3.1026699638584283
"CONGO, REP.",COG,1981,21.41316390616809,3.109648460630532
"CONGO, REP.",COG,1982,21.493670572344808,3.1132339617401
"CONGO, REP.",COG,1983,21.463904381338075,3.1119097713055877
"CONGO, REP.",COG,1984,21.50880137172484,3.113906404799183
"CONGO, REP.",COG,1985,21.49377793079355,3.1132387345579553
"CONGO, REP.",COG,1986,21.338055836864406,3.1062917637513063
"CONGO, REP.",COG,1987,21.55519780973416,3.1159655409276064
"CONGO, REP.",COG,1988,21.517405346911993,3.1142885811324303
"CONGO, REP.",COG,1989,21.59438890621586,3.1177015969660102
"CONGO, REP.",COG,1990,21.75243731457246,3.1246722743649284
"CONGO, REP.",COG,1991,21.72568050427832,3.1234955847979586
"CONGO, REP.",COG,1992,21.799367554176264,3.126732796723748
"CONGO, REP.",COG,1993,21.710694623729047,3.122835942339666
"CONGO, REP.",COG,1994,21.293886809527887,3.104312506782563
"CONGO, REP.",COG,1995,21.472795178802496,3.112305474491067
"CONGO, REP.",COG,1996,21.655704501951497,3.1204116746098447
"CONGO, REP.",COG,1997,21.566004363359077,3.116444542076117
"CONGO, REP.",COG,1998,21.39082921477399,3.1086514649750834
"CONGO, REP.",COG,1999,21.579710152244132,3.117051722157468
"CONGO, REP.",COG,2000,21.895106188583814,3.1309231841670435
"CONGO, REP.",COG,2001,21.751707633875704,3.1246402034097374
"CONGO, REP.",COG,2002,21.833230418466563,3.12821694936947
"CONGO, REP.",COG,2003,21.977091979427637,3.134497718696212
"CONGO, REP.",COG,2004,22.261631919812828,3.1468053045525917
"CONGO, REP.",COG,2005,22.61788294431872,3.1620041769604703
"CONGO, REP.",COG,2006,22.811704907820065,3.1701772626316265
"CONGO, REP.",COG,2007,22.896050105707527,3.1737131777356615
"CONGO, REP.",COG,2008,23.178559800011698,3.1854662817920922
"CONGO, REP.",COG,2009,22.997790895256564,3.1779617800804734
"CONGO, REP.",COG,2010,23.299565627036927,3.190458474756156
"CONGO, REP.",COG,2011,23.474080693286737,3.197614626660547
"CONGO, REP.",COG,2012,23.596429904573746,3.2026013065762093
"CONGO, REP.",COG,2013,23.611341666720353,3.2032073800530974
"CONGO, REP.",COG,2014,23.609145357757306,3.2031181363622165
"CONGO, REP.",COG,2015,23.24376433728294,3.1881594435865455
"CONGO, REP.",COG,2016,23.11489864590501,3.1828298505639383
"CONGO, REP.",COG,2017,23.1942825540173,3.1861163471508407
"CONGO, REP.",COG,2018,23.416127966194118,3.1952438961676912
"CONGO, REP.",COG,2019,23.360653010401826,3.1929692491491455
"CONGO, REP.",COG,2020,23.16288638846224,3.1848178356517947
"CONGO, REP.",COG,2021,23.419627337915475,3.1953872080384937
"CONGO, REP.",COG,2022,23.484353054541984,3.198034262691344
"CONGO, REP.",COG,2023,23.452493916529466,3.1967322113952177
COSTA RICA,CRI,1960,20.045034519730297,3.04666464250298
COSTA RICA,CRI,1961,20.010579364907485,3.0450260901505524
COSTA RICA,CRI,1962,19.987588587997628,3.0439312433833217
COSTA RICA,CRI,1963,20.053644025691366,3.0470736580055355
COSTA RICA,CRI,1964,20.111843088692886,3.04983416684548
COSTA RICA,CRI,1965,20.20067318961788,3.0540329354010707
COSTA RICA,CRI,1966,20.288329121436632,3.058158993976613
COSTA RICA,CRI,1967,20.36581433280273,3.06179218364239
COSTA RICA,CRI,1968,20.466877622907237,3.066511171547976
COSTA RICA,CRI,1969,20.565008641315494,3.0710720308099275
COSTA RICA,CRI,1970,20.7079797563406,3.0776799236569885
COSTA RICA,CRI,1971,20.79758221508362,3.081799056079373
COSTA RICA,CRI,1972,20.936966298746345,3.0881731726678727
COSTA RICA,CRI,1973,21.147831264518878,3.097739580389117
COSTA RICA,CRI,1974,21.234018310496005,3.1016234723469305
COSTA RICA,CRI,1975,21.396650756840007,3.1089114278978687
COSTA RICA,CRI,1976,21.603952365381616,3.118124774411882
COSTA RICA,CRI,1977,21.845733644146062,3.12876438849154
COSTA RICA,CRI,1978,21.982638005000872,3.1347390615240323
COSTA RICA,CRI,1979,22.11840083502613,3.140628873376756
COSTA RICA,CRI,1980,22.29841184590683,3.1483851971287016
COSTA RICA,CRI,1981,21.687890665496553,3.1218313312926433
COSTA RICA,CRI,1982,21.681321563529625,3.121541747158818
COSTA RICA,CRI,1983,21.869643202902395,3.1298104068155883
COSTA RICA,CRI,1984,22.020859537648647,3.1364007413303145
COSTA RICA,CRI,1985,22.08915439879947,3.139363000729561
COSTA RICA,CRI,1986,22.209175613160255,3.144547701049783
COSTA RICA,CRI,1987,22.23463923023816,3.145644235419976
COSTA RICA,CRI,1988,22.252497506323216,3.146412545891095
COSTA RICA,CRI,1989,22.381689278746116,3.1519532065880282
COSTA RICA,CRI,1990,22.465780401309136,3.1555432067930287
COSTA RICA,CRI,1991,22.696829519789095,3.165341263656015
COSTA RICA,CRI,1992,22.870838102121557,3.1726575508412522
COSTA RICA,CRI,1993,22.983242808685972,3.1773553701766692
COSTA RICA,CRI,1994,23.073381921503035,3.1811067455190862
COSTA RICA,CRI,1995,23.17242390792861,3.1852124754930067
COSTA RICA,CRI,1996,23.181008917169997,3.185567569592019
COSTA RICA,CRI,1997,23.258120899097676,3.188751443759902
COSTA RICA,CRI,1998,23.339511807962886,3.192101030166897
COSTA RICA,CRI,1999,23.380364178779764,3.1937780615453244
COSTA RICA,CRI,2000,23.432224269391785,3.195902927764197
COSTA RICA,CRI,2001,23.494364345429783,3.1984430643733264
COSTA RICA,CRI,2002,23.5313918554922,3.1999535976102305
COSTA RICA,CRI,2003,23.57233866409175,3.2016213657271226
COSTA RICA,CRI,2004,23.646996870883843,3.2046550622709375
COSTA RICA,CRI,2005,23.721028172378798,3.2076542244583064
COSTA RICA,CRI,2006,23.846315123006473,3.2127094567588896
COSTA RICA,CRI,2007,24.014823201333797,3.2194685772091676
COSTA RICA,CRI,2008,24.150837177332647,3.2248911833608274
COSTA RICA,CRI,2009,24.1490164495505,3.2248187884072976
COSTA RICA,CRI,2010,24.351827577869855,3.232850821240131
COSTA RICA,CRI,2011,24.47893004611716,3.237851837911648
COSTA RICA,CRI,2012,24.578330170656,3.241745515312209
COSTA RICA,CRI,2013,24.65410409690549,3.244703562595531
COSTA RICA,CRI,2014,24.674825062516092,3.2455109422574697
COSTA RICA,CRI,2015,24.756477996326414,3.248686168143517
COSTA RICA,CRI,2016,24.798207025524118,3.2503049943779487
COSTA RICA,CRI,2017,24.82617436776953,3.251388488038372
COSTA RICA,CRI,2018,24.857154217033507,3.2525873215432037
COSTA RICA,CRI,2019,24.88865381939441,3.2538047962507033
COSTA RICA,CRI,2020,24.856760769469446,3.252572105229986
COSTA RICA,CRI,2021,24.897048704754,3.2541290125893427
COSTA RICA,CRI,2022,24.960896934869254,3.2565914418888466
COSTA RICA,CRI,2023,25.183386452208197,3.2651251047599743
COTE D'IVOIRE,CIV,1960,20.118502283541343,3.050149541718451
COTE D'IVOIRE,CIV,1961,20.24239640276356,3.055999014998346
COTE D'IVOIRE,CIV,1962,20.285201822076846,3.058012081127427
COTE D'IVOIRE,CIV,1963,20.450205934966668,3.0657342460256864
COTE D'IVOIRE,CIV,1964,20.64103935036822,3.074591481954689
COTE D'IVOIRE,CIV,1965,20.639635532754927,3.0745266115423133
COTE D'IVOIRE,CIV,1966,20.74708282732432,3.0794796256577746
COTE D'IVOIRE,CIV,1967,20.80292944957732,3.08204433918805
COTE D'IVOIRE,CIV,1968,20.97112641165437,3.0897291555262205
COTE D'IVOIRE,CIV,1969,21.03175025256678,3.0924846062542386
COTE D'IVOIRE,CIV,1970,21.09860350067948,3.095514416512631
COTE D'IVOIRE,CIV,1971,21.183300256762916,3.099339765116884
COTE D'IVOIRE,CIV,1972,21.33812731628484,3.1062949636406163
COTE D'IVOIRE,CIV,1973,21.642919478366597,3.119847197246032
COTE D'IVOIRE,CIV,1974,21.84499300943834,3.1287319690155533
COTE D'IVOIRE,CIV,1975,22.08266144624555,3.139081748953867
COTE D'IVOIRE,CIV,1976,22.262721922932958,3.1468521618662475
COTE D'IVOIRE,CIV,1977,22.558255309413635,3.159476302960406
COTE D'IVOIRE,CIV,1978,22.790195214240867,3.169273530008012
COTE D'IVOIRE,CIV,1979,22.93624717383363,3.1753939281856756
COTE D'IVOIRE,CIV,1980,23.04326026511565,3.1798547188209065
COTE D'IVOIRE,CIV,1981,22.855369791003213,3.172009340461974
COTE D'IVOIRE,CIV,1982,22.747077173543477,3.1674594565302456
COTE D'IVOIRE,CIV,1983,22.645788149225858,3.163185008136043
COTE D'IVOIRE,CIV,1984,22.646293195847438,3.1632063667486157
COTE D'IVOIRE,CIV,1985,22.66597811310871,3.1640384941376647
COTE D'IVOIRE,CIV,1986,22.937926638143196,3.175464089785408
COTE D'IVOIRE,CIV,1987,23.034578182922573,3.179493551074281
COTE D'IVOIRE,CIV,1988,23.051047786675905,3.1801785626163066
COTE D'IVOIRE,CIV,1989,23.00129289937198,3.1781076997041318
COTE D'IVOIRE,CIV,1990,23.102427691952578,3.182312569529186
COTE D'IVOIRE,CIV,1991,23.07393880763574,3.1811298781098225
COTE D'IVOIRE,CIV,1992,23.13497178132009,3.1836618999102018
COTE D'IVOIRE,CIV,1993,23.125312506951524,3.1832616007971737
COTE D'IVOIRE,CIV,1994,22.84115345410257,3.171413224168609
COTE D'IVOIRE,CIV,1995,23.121174406612152,3.1830900608317068
COTE D'IVOIRE,CIV,1996,23.617582737557054,3.203460933058598
COTE D'IVOIRE,CIV,1997,23.616276223803066,3.203407859268249
COTE D'IVOIRE,CIV,1998,23.699797694378297,3.206795053089389
COTE D'IVOIRE,CIV,1999,23.66089178930356,3.2052186604766235
COTE D'IVOIRE,CIV,2000,23.53131423565573,3.1999504335027993
COTE D'IVOIRE,CIV,2001,23.5452717317353,3.200519238205928
COTE D'IVOIRE,CIV,2002,23.616654335503892,3.203423219381756
COTE D'IVOIRE,CIV,2003,23.779705286105912,3.2100249829142067
COTE D'IVOIRE,CIV,2004,23.880716185858258,3.2140930530619167
COTE D'IVOIRE,CIV,2005,23.902856764653652,3.2149825263938983
COTE D'IVOIRE,CIV,2006,23.95333530906798,3.2170074929853536
COTE D'IVOIRE,CIV,2007,24.082254532287582,3.222160605356411
COTE D'IVOIRE,CIV,2008,24.251924902986854,3.228902386597379
COTE D'IVOIRE,CIV,2009,24.246291785987196,3.2286792849754855
COTE D'IVOIRE,CIV,2010,24.27679246864105,3.229886681032523
COTE D'IVOIRE,CIV,2011,24.325871209512467,3.2318264507083896
COTE D'IVOIRE,CIV,2012,24.31514701635092,3.2314029128848007
COTE D'IVOIRE,CIV,2013,24.47887443021179,3.237849655089765
COTE D'IVOIRE,CIV,2014,24.61187702429764,3.2430561901573527
COTE D'IVOIRE,CIV,2015,24.54787749819268,3.2405542407212224
COTE D'IVOIRE,CIV,2016,24.60292598981448,3.2427066414313
COTE D'IVOIRE,CIV,2017,24.684314102653207,3.245880459363844
COTE D'IVOIRE,CIV,2018,24.792676753054497,3.2500906048546163
COTE D'IVOIRE,CIV,2019,24.823971701403476,3.251303196261484
COTE D'IVOIRE,CIV,2020,24.866842573659532,3.2529619390260147
COTE D'IVOIRE,CIV,2021,25.010908117096914,3.258515993003206
COTE D'IVOIRE,CIV,2022,24.97423145512288,3.2571049486793373
COTE D'IVOIRE,CIV,2023,25.09003705861929,3.2615535195623195
CROATIA,HRV,1990,23.967817718806113,3.217587704349315
CROATIA,HRV,1991,23.65501339730542,3.204980263066955
CROATIA,HRV,1992,23.086114949429906,3.1816355312851705
CROATIA,HRV,1993,23.144491186921957,3.1840562458759596
CROATIA,HRV,1994,23.435501375081806,3.196037049238103
CROATIA,HRV,1995,23.84907403276578,3.212820489585436
CROATIA,HRV,1996,23.90744807174806,3.2151668780907006
CROATIA,HRV,1997,23.90848622345232,3.215208557594221
CROATIA,HRV,1998,23.97693815054071,3.2179529251488654
CROATIA,HRV,1999,23.89171930118415,3.21453518997555
CROATIA,HRV,2000,23.820128345810488,3.2116549508271723
CROATIA,HRV,2001,23.861476413991085,3.2133194734579207
CROATIA,HRV,2002,24.010098940855745,3.2192797009335115
CROATIA,HRV,2003,24.285903449432574,3.2302470645415386
CROATIA,HRV,2004,24.4574817739576,3.237009679123433
CROATIA,HRV,2005,24.530498821499112,3.2398737697032955
CROATIA,HRV,2006,24.627290009338655,3.2436577996837435
CROATIA,HRV,2007,24.80621403568725,3.2506153170232857
CROATIA,HRV,2008,24.950483921841023,3.256190257678523
CROATIA,HRV,2009,24.851903616394143,3.252384239109394
CROATIA,HRV,2010,24.79802664989182,3.2502980025640333
CROATIA,HRV,2011,24.862784842405247,3.252805056733785
CROATIA,HRV,2012,24.773507941921846,3.249347140426174
CROATIA,HRV,2013,24.81073969429967,3.2507906725333253
CROATIA,HRV,2014,24.80906454573721,3.2507257692045464
CROATIA,HRV,2015,24.65531046748992,3.244750585957419
CROATIA,HRV,2016,24.688641141561185,3.2460489152721186
CROATIA,HRV,2017,24.75435904650353,3.2486038961422947
CROATIA,HRV,2018,24.848158126603224,3.252239346060094
CROATIA,HRV,2019,24.84825530522587,3.2522431056486685
CROATIA,HRV,2020,24.787517119533042,3.2498905422665842
CROATIA,HRV,2021,24.966061529542003,3.2567903595548335
CROATIA,HRV,2022,24.999891269863735,3.2580923560844197
CROATIA,HRV,2023,25.138350517146495,3.2634036043361516
CUBA,CUB,1970,22.462504100317364,3.155403576673075
CUBA,CUB,1971,22.656909400987534,3.1636552245314093
CUBA,CUB,1972,22.819460125929748,3.170502898931839
CUBA,CUB,1973,23.024621139075656,3.179079185286675
CUBA,CUB,1974,23.15740162752692,3.1845908187533416
CUBA,CUB,1975,23.29032183878923,3.190077992773533
CUBA,CUB,1976,23.34717906436865,3.1924159933049445
CUBA,CUB,1977,23.376941417014685,3.1936376615897126
CUBA,CUB,1978,23.60497268070514,3.2029485640025572
CUBA,CUB,1979,23.698001378215785,3.2067223244983576
CUBA,CUB,1980,23.71463309070334,3.207395501036884
CUBA,CUB,1981,23.726482735502053,3.207874844790664
CUBA,CUB,1982,23.765572022276455,3.2094544637858204
CUBA,CUB,1983,23.8235806466607,3.2117940339426703
CUBA,CUB,1984,23.90295930603609,3.2149866440408132
CUBA,CUB,1985,23.85529714104634,3.2130708944559174
CUBA,CUB,1986,23.910715992983533,3.215298072055854
CUBA,CUB,1987,23.950662655298448,3.216900381175434
CUBA,CUB,1988,24.035959800799258,3.2203131834052807
CUBA,CUB,1989,24.019971535254687,3.219674367358449
CUBA,CUB,1990,24.078259985366287,3.2220013347840033
CUBA,CUB,1991,23.914423273229556,3.2154468836922074
CUBA,CUB,1992,23.818203342151914,3.2115773896524074
CUBA,CUB,1993,23.830863889892186,3.21208739109737
CUBA,CUB,1994,24.071355182318406,3.2217259666453475
CUBA,CUB,1995,24.138688348360574,3.2244080279092135
CUBA,CUB,1996,23.94283616858894,3.216586653457066
CUBA,CUB,1997,23.956671908625218,3.217141197616878
CUBA,CUB,1998,23.97116949593306,3.2177219392354797
CUBA,CUB,1999,24.06840826161847,3.221608418396177
CUBA,CUB,2000,24.14313448720553,3.2245848766631293
CUBA,CUB,2001,24.179027158598934,3.2260113923892493
CUBA,CUB,2002,24.23750912584238,3.2283313452374
CUBA,CUB,2003,24.304036558065846,3.230963930756724
CUBA,CUB,2004,24.366179883506717,3.233416786140503
CUBA,CUB,2005,24.47614857757917,3.2377426645528433
CUBA,CUB,2006,24.611732065959462,3.243050530332098
CUBA,CUB,2007,24.717106043079728,3.2471563752736463
CUBA,CUB,2008,24.75399819783544,3.2485898848754866
CUBA,CUB,2009,24.774728671685246,3.24939450304588
CUBA,CUB,2010,24.81029979105613,3.2507736289693856
CUBA,CUB,2011,24.95722740350443,3.256450083493577
CUBA,CUB,2012,25.01565492198326,3.2586984692085226
CUBA,CUB,2013,25.06899149189396,3.260746542574738
CUBA,CUB,2014,25.113460274119284,3.2624509007060607
CUBA,CUB,2015,25.190699228562163,3.2654043564664788
CUBA,CUB,2016,25.23818749781586,3.2672158876740047
CUBA,CUB,2017,25.29643593500346,3.26943341422129
CUBA,CUB,2018,25.32893625875693,3.2706685723410547
CUBA,CUB,2019,25.362137687967515,3.2719288022478623
CUBA,CUB,2020,25.3993771287133,3.2733404162645923
CURACAO,CUW,2011,21.79829973887817,3.126685960323481
CURACAO,CUW,2012,21.82614775010942,3.1279067099970543
CURACAO,CUW,2013,21.833005520337966,3.1282070997234905
CURACAO,CUW,2014,21.84148693780304,3.1285784850243927
CURACAO,CUW,2015,21.841281724903435,3.1285695007659684
CURACAO,CUW,2016,21.830074499248905,3.12807872375359
CURACAO,CUW,2017,21.832960897596124,3.128205145412859
CURACAO,CUW,2018,21.8372148493398,3.128391435554572
CURACAO,CUW,2019,21.830548473968932,3.1280994845180814
CURACAO,CUW,2020,21.6531941913754,3.120300865887891
CURACAO,CUW,2021,21.73108073003247,3.1237331831500157
CURACAO,CUW,2022,21.846193537132976,3.1287845186552383
CYPRUS,CYP,1975,20.009741976146344,3.044986233779419
CYPRUS,CYP,1976,20.171774584411896,3.052668907066396
CYPRUS,CYP,1977,20.41522862920111,3.0641022871346086
CYPRUS,CYP,1978,20.686629354476555,3.076695911862699
CYPRUS,CYP,1979,20.976911597455473,3.089992429433161
CYPRUS,CYP,1980,21.490736916358077,3.113103531835399
CYPRUS,CYP,1981,21.459231277576226,3.111701722436774
CYPRUS,CYP,1982,21.493023264144167,3.113205183977367
CYPRUS,CYP,1983,21.49354259591623,3.1132282722821603
CYPRUS,CYP,1984,21.54667298183885,3.1155875154556156
CYPRUS,CYP,1985,21.611326586186134,3.1184509571112216
CYPRUS,CYP,1986,21.851674589993035,3.1290244008690475
CYPRUS,CYP,1987,22.032898861100872,3.13692357916788
CYPRUS,CYP,1988,22.176936703292775,3.143157676602877
CYPRUS,CYP,1989,22.24135189782898,3.145933101454871
CYPRUS,CYP,1990,22.444447289306293,3.154633677484658
CYPRUS,CYP,1991,22.475972119391898,3.155977435073637
CYPRUS,CYP,1992,22.65654663561915,3.1636398899776155
CYPRUS,CYP,1993,22.608863349628535,3.16162220718666
CYPRUS,CYP,1994,22.728213322336252,3.1666647756761455
CYPRUS,CYP,1995,23.019141798676312,3.1788510873989138
CYPRUS,CYP,1996,23.027042064674294,3.179179948733319
CYPRUS,CYP,1997,22.979578556984862,3.1772025746736565
CYPRUS,CYP,1998,23.050408669734324,3.1801519889119447
CYPRUS,CYP,1999,23.074441865347502,3.1811507742523197
CYPRUS,CYP,2000,23.024434375734494,3.1790714114256007
CYPRUS,CYP,2001,23.064869419341182,3.18075307657543
CYPRUS,CYP,2002,23.15865199584518,3.1846425766360644
CYPRUS,CYP,2003,23.40067296681064,3.1946107125258116
CYPRUS,CYP,2004,23.575159639110026,3.20173616200847
CYPRUS,CYP,2005,23.63743068467769,3.204266859067583
CYPRUS,CYP,2006,23.72263082173382,3.20771905175419
CYPRUS,CYP,2007,23.900017320841112,3.214868499086529
CYPRUS,CYP,2008,24.049908443705412,3.220870172582295
CYPRUS,CYP,2009,23.98321639969507,3.2182042554037027
CYPRUS,CYP,2010,23.973638019422527,3.2178207892907422
CYPRUS,CYP,2011,24.042585977804602,3.2205778147735042
CYPRUS,CYP,2012,23.944037188174075,3.2166348031808134
CYPRUS,CYP,2013,23.899639463056292,3.214853323970505
CYPRUS,CYP,2014,23.8685343968494,3.2136033255138776
CYPRUS,CYP,2015,23.714451242350645,3.2073881430874036
CYPRUS,CYP,2016,23.769997837329306,3.2096331561911837
CYPRUS,CYP,2017,23.856434889810732,3.213116668309216
CYPRUS,CYP,2018,23.96575276064505,3.217504996137488
CYPRUS,CYP,2019,23.979322607688403,3.2180483869433756
CYPRUS,CYP,2020,23.951188207938095,3.216921444628215
CYPRUS,CYP,2021,24.10707670655619,3.223149746900231
CYPRUS,CYP,2022,24.099163599179363,3.222834522840665
CYPRUS,CYP,2023,24.1961518252648,3.226691277510094
CZECHIA,CZE,1990,24.430204996050907,3.2359376405911124
CZECHIA,CZE,1991,24.119782988694613,3.2236557025775947
CZECHIA,CZE,1992,24.273027271672472,3.2297377112836734
CZECHIA,CZE,1993,24.433582579244323,3.2360704495445702
CZECHIA,CZE,1994,24.591341215153438,3.2422540604885004
CZECHIA,CZE,1995,24.820060296997696,3.251151720698407
CZECHIA,CZE,1996,24.93372966089783,3.25554442495336
CZECHIA,CZE,1997,24.853301804715,3.252438322187096
CZECHIA,CZE,1998,24.925080134528883,3.255210845124464
CZECHIA,CZE,1999,24.900313119641652,3.2542550581938676
CZECHIA,CZE,2000,24.84762486612433,3.2522187153452444
CZECHIA,CZE,2001,24.93994650539873,3.2557841166424835
CZECHIA,CZE,2002,25.132372488807473,3.2631748710024113
CZECHIA,CZE,2003,25.329340289774663,3.2706839177357097
CZECHIA,CZE,2004,25.509210002461383,3.27749221987431
CZECHIA,CZE,2005,25.644293450778285,3.2825749982561687
CZECHIA,CZE,2006,25.774813333747755,3.2874616446474283
CZECHIA,CZE,2007,25.971256814576886,3.2947717365321996
CZECHIA,CZE,2008,26.190551356464514,3.3028695363521545
CZECHIA,CZE,2009,26.058080484573505,3.297985684697164
CZECHIA,CZE,2010,26.06593467868665,3.2982759142429425
CZECHIA,CZE,2011,26.159442177237775,3.3017247640862726
CZECHIA,CZE,2012,26.0649190882822,3.2982383907112083
CZECHIA,CZE,2013,26.07836807037437,3.2987351829480507
CZECHIA,CZE,2014,26.067315526545276,3.2983269308677965
CZECHIA,CZE,2015,25.959883584643812,3.2943499679577735
CZECHIA,CZE,2016,26.00276763863115,3.295939365885524
CZECHIA,CZE,2017,26.11064179620241,3.2999263370113363
CZECHIA,CZE,2018,26.240720905011887,3.3047129458728204
CZECHIA,CZE,2019,26.254867879201747,3.3052321429242983
CZECHIA,CZE,2020,26.22849394742503,3.3042639965782383
CZECHIA,CZE,2021,26.36443227377888,3.309244077944672
CZECHIA,CZE,2022,26.395095394022277,3.3103639971534085
CZECHIA,CZE,2023,26.524956144497043,3.315093089310364
DENMARK,DNK,1960,22.573477580024836,3.1601222487046963
DENMARK,DNK,1961,22.677478704617855,3.1645243307245297
DENMARK,DNK,1962,22.796849561540355,3.169553200551716
DENMARK,DNK,1963,22.859329255632126,3.1721753046079124
DENMARK,DNK,1964,22.99305920888879,3.1777645888920345
DENMARK,DNK,1965,23.109334216914466,3.182599077415879
DENMARK,DNK,1966,23.20246790137538,3.1864546073587725
DENMARK,DNK,1967,23.2927483176946,3.1901778826693166
DENMARK,DNK,1968,23.326368316192056,3.191560877926483
DENMARK,DNK,1969,23.458600558119546,3.196981915135745
DENMARK,DNK,1970,23.560908041458514,3.2011560749675696
DENMARK,DNK,1971,23.67220683796843,3.205677380856171
DENMARK,DNK,1972,23.86881283013557,3.2136145216592973
DENMARK,DNK,1973,24.14852560544061,3.2247992707891453
DENMARK,DNK,1974,24.25433422680396,3.2289977935374474
DENMARK,DNK,1975,24.423935666020338,3.235691079348283
DENMARK,DNK,1976,24.520459022326214,3.239480445083098
DENMARK,DNK,1977,24.630966283954315,3.2438012409510755
DENMARK,DNK,1978,24.823641042456778,3.2512903918382343
DENMARK,DNK,1979,24.976979467622282,3.257210740727421
DENMARK,DNK,1980,24.987740281659917,3.2576248991889067
DENMARK,DNK,1981,24.848427535027284,3.252249768737747
DENMARK,DNK,1982,24.824467579519986,3.251322398317671
DENMARK,DNK,1983,24.828299436913394,3.251470768196838
DENMARK,DNK,1984,24.802585367480095,3.2504746949489456
DENMARK,DNK,1985,24.86096627330011,3.252734738202485
DENMARK,DNK,1986,25.201497252329638,3.265816556169704
DENMARK,DNK,1987,25.41840856402745,3.2740610612476475
DENMARK,DNK,1988,25.472993808730322,3.276125111797766
DENMARK,DNK,1989,25.44541181892908,3.275082677054247
DENMARK,DNK,1990,25.652309844721092,3.2828758202038193
DENMARK,DNK,1991,25.659354931290864,3.2831401183322075
DENMARK,DNK,1992,25.753152328413524,3.2866523104517924
DENMARK,DNK,1993,25.68747755339917,3.2841944498980604
DENMARK,DNK,1994,25.774162243334835,3.2874373270799704
DENMARK,DNK,1995,25.94365885871166,3.293747976857126
DENMARK,DNK,1996,25.957750280766337,3.2942708360031365
DENMARK,DNK,1997,25.8796603987251,3.2913698815991386
DENMARK,DNK,1998,25.8993700034699,3.2921028663881855
DENMARK,DNK,1999,25.904853797070928,3.2923067088835385
DENMARK,DNK,2000,25.824099717963787,3.289300726647466
DENMARK,DNK,2001,25.827946526759092,3.289444125047756
DENMARK,DNK,2002,25.9086113713254,3.292446360706695
DENMARK,DNK,2003,26.10820132345496,3.299836313963677
DENMARK,DNK,2004,26.250203740519883,3.3050609977976286
DENMARK,DNK,2005,26.300983588963728,3.3069227304416593
DENMARK,DNK,2006,26.368306106708538,3.309385632453025
DENMARK,DNK,2007,26.48978340913979,3.313814423249782
DENMARK,DNK,2008,26.590756144060514,3.317480794307451
DENMARK,DNK,2009,26.49545840259179,3.3140208420372663
DENMARK,DNK,2010,26.497802722139575,3.3141061004671633
DENMARK,DNK,2011,26.56391661524121,3.316507548357648
DENMARK,DNK,2012,26.513681389805583,3.3146833860417413
DENMARK,DNK,2013,26.562698600087373,3.3164633586264527
DENMARK,DNK,2014,26.589715852973935,3.317443089262566
DENMARK,DNK,2015,26.435919085841395,3.311853070436101
DENMARK,DNK,2016,26.46983934010835,3.3130886515319564
DENMARK,DNK,2017,26.52876538941349,3.3152314721414022
DENMARK,DNK,2018,26.60055674782507,3.317835944542299
DENMARK,DNK,2019,26.571145013323374,3.3167697553058244
DENMARK,DNK,2020,26.594715088461133,3.3176242720858946
DENMARK,DNK,2021,26.728850225387017,3.322473395565288
DENMARK,DNK,2022,26.715148289091687,3.3219791333568836
DENMARK,DNK,2023,26.725172568031876,3.3223407574923307
DJIBOUTI,DJI,1985,19.64736232500496,3.027587578803278
DJIBOUTI,DJI,1987,19.73808509870455,3.031971869643172
DJIBOUTI,DJI,1988,19.796405792732276,3.034780173349571
DJIBOUTI,DJI,1989,19.829763679553498,3.03638291001186
DJIBOUTI,DJI,1990,19.929918331310372,3.0411796344584356
DJIBOUTI,DJI,1991,19.951988448857282,3.042233555890696
DJIBOUTI,DJI,1992,19.985243259734997,3.043819488795326
DJIBOUTI,DJI,1993,19.959800197904006,3.0426063268646586
DJIBOUTI,DJI,1994,20.013357409719404,3.045158302647961
DJIBOUTI,DJI,1995,20.025556185305916,3.0457386590314024
DJIBOUTI,DJI,1996,20.01805548347711,3.0453818532475667
DJIBOUTI,DJI,1997,20.035455474209307,3.0462093699675212
DJIBOUTI,DJI,1998,20.058254834169293,3.047292636898494
DJIBOUTI,DJI,1999,20.099794237888847,3.04926328867565
DJIBOUTI,DJI,2000,20.127664266402032,3.050583284410513
DJIBOUTI,DJI,2001,20.16537907481928,3.052366784269349
DJIBOUTI,DJI,2002,20.19753305084032,3.0538848093805737
DJIBOUTI,DJI,2003,20.248522457634998,3.056287361547594
DJIBOUTI,DJI,2004,20.316908483572057,3.0595005833223627
DJIBOUTI,DJI,2005,20.37884859480586,3.062402049834536
DJIBOUTI,DJI,2006,20.46043725394244,3.0662111122951856
DJIBOUTI,DJI,2007,20.55829558671897,3.070760688496488
DJIBOUTI,DJI,2008,20.722370775766365,3.0783426408479
DJIBOUTI,DJI,2009,20.771208675308067,3.080588393930716
DJIBOUTI,DJI,2010,20.844254130592308,3.083937918107617
DJIBOUTI,DJI,2011,20.937687060537282,3.0882060281657884
DJIBOUTI,DJI,2012,21.026057882749942,3.092226201667654
DJIBOUTI,DJI,2013,21.437595654335713,3.1107379293852917
DJIBOUTI,DJI,2014,21.51837334563822,3.11433156911907
DJIBOUTI,DJI,2015,21.60884651974948,3.1183412686129786
DJIBOUTI,DJI,2016,21.680681325325033,3.1215135192074994
DJIBOUTI,DJI,2017,21.739431345610665,3.1241004812203865
DJIBOUTI,DJI,2018,21.792609525956408,3.1264363398161006
DJIBOUTI,DJI,2019,21.85106586826738,3.1289977625659793
DJIBOUTI,DJI,2020,21.881765528624744,3.130340328247174
DJIBOUTI,DJI,2021,21.94286350351599,3.1330069296964873
DJIBOUTI,DJI,2022,22.024628061342245,3.136564428323265
DJIBOUTI,DJI,2023,22.13389433508461,3.141298829346768
DOMINICA,DMA,1977,17.641386120175223,2.9253841691630234
DOMINICA,DMA,1978,17.86084370376469,2.937088011292993
DOMINICA,DMA,1979,17.823166579968234,2.9350883761125948
DOMINICA,DMA,1980,18.103290430538074,2.9498605940653095
DOMINICA,DMA,1981,18.223538596084484,2.9561354966940105
DOMINICA,DMA,1982,18.31005725496675,2.960626061478324
DOMINICA,DMA,1983,18.407242772307253,2.9656463351744256
DOMINICA,DMA,1984,18.508298418896363,2.9708399349881534
DOMINICA,DMA,1985,18.598759420471083,2.9754662693593423
DOMINICA,DMA,1986,18.721984310076188,2.981733968355424
DOMINICA,DMA,1987,18.83852724821397,2.987625867660609
DOMINICA,DMA,1988,18.95779488124887,2.9936197878889574
DOMINICA,DMA,1989,19.0366079618589,2.997560998509707
DOMINICA,DMA,1990,19.120950645747804,3.001761592909972
DOMINICA,DMA,1991,19.208060082382293,3.0060815388015723
DOMINICA,DMA,1992,19.27108488595864,3.0091954807859205
DOMINICA,DMA,1993,19.318913104209333,3.011552132313619
DOMINICA,DMA,1994,19.392875605438395,3.015185604825887
DOMINICA,DMA,1995,19.43054277090937,3.017030975824122
DOMINICA,DMA,1996,19.49324054520203,3.0200951022692974
DOMINICA,DMA,1997,19.52920669246757,3.0218485889041946
DOMINICA,DMA,1998,19.59133803174703,3.0248705034716177
DOMINICA,DMA,1999,19.619920141139055,3.0262576056976602
DOMINICA,DMA,2000,19.625064574906393,3.0265070631203956
DOMINICA,DMA,2001,19.645055124708936,3.0274758294584383
DOMINICA,DMA,2002,19.62424235263785,3.0264671971284605
DOMINICA,DMA,2003,19.654147623506002,3.027916152677238
DOMINICA,DMA,2004,19.72141721671061,3.0311678135421065
DOMINICA,DMA,2005,19.713366254963237,3.0307792046886686
DOMINICA,DMA,2006,19.78230286264478,3.0341018006398643
DOMINICA,DMA,2007,19.859031534124387,3.037787021559311
DOMINICA,DMA,2008,19.94279207821101,3.0417945336221326
DOMINICA,DMA,2009,20.008024516691176,3.044904484576666
DOMINICA,DMA,2010,20.017693636384784,3.0453646370875167
DOMINICA,DMA,2011,20.03216840606538,3.0460530945306212
DOMINICA,DMA,2012,20.001711561046214,3.044603937309204
DOMINICA,DMA,2013,20.026705430545498,3.0457933169829947
DOMINICA,DMA,2014,20.070165239241675,3.047858070179351
DOMINICA,DMA,2015,20.10844365031785,3.049673133435006
DOMINICA,DMA,2016,20.172016801766805,3.0526803475797264
DOMINICA,DMA,2017,20.072319255749786,3.0479602955956167
DOMINICA,DMA,2018,20.134064839013355,3.050886186009465
DOMINICA,DMA,2019,20.231486078775003,3.0554852722655848
DOMINICA,DMA,2020,20.03851295510042,3.046354708332816
DOMINICA,DMA,2021,20.134959036797405,3.050928495847838
DOMINICA,DMA,2022,20.224301685713062,3.055146831100843
DOMINICA,DMA,2023,20.298606583046308,3.0586416519391637
DOMINICAN REPUBLIC,DOM,1960,20.326363513335636,3.0599440309977286
DOMINICAN REPUBLIC,DOM,1961,20.29877110869504,3.0586493766235288
DOMINICAN REPUBLIC,DOM,1962,20.52980243973361,3.069438135288357
DOMINICAN REPUBLIC,DOM,1963,20.662241028816116,3.0755707001550827
DOMINICAN REPUBLIC,DOM,1964,20.748543546626774,3.0795467919190647
DOMINICAN REPUBLIC,DOM,1965,20.604594907228734,3.072906019253415
DOMINICAN REPUBLIC,DOM,1966,20.707034823835993,3.0776363934399016
DOMINICAN REPUBLIC,DOM,1967,20.757474008276148,3.0799573310709665
DOMINICAN REPUBLIC,DOM,1968,20.799393197333963,3.0818821344229623
DOMINICAN REPUBLIC,DOM,1969,20.930686427795386,3.087886862796998
DOMINICAN REPUBLIC,DOM,1970,21.119017252866936,3.0964377476774407
DOMINICAN REPUBLIC,DOM,1971,21.23399145571207,3.101622264522066
DOMINICAN REPUBLIC,DOM,1972,21.41009308876154,3.1095114416980745
DOMINICAN REPUBLIC,DOM,1973,21.575465947360957,3.11686373906174
DOMINICAN REPUBLIC,DOM,1974,21.796799605237982,3.126620157916542
DOMINICAN REPUBLIC,DOM,1975,22.003977435491237,3.135667132956019
DOMINICAN REPUBLIC,DOM,1976,22.097361090609304,3.1397183725002717
DOMINICAN REPUBLIC,DOM,1977,22.24651385306504,3.146155178987315
DOMINICAN REPUBLIC,DOM,1978,22.27812083961022,3.1475138996571923
DOMINICAN REPUBLIC,DOM,1979,22.427795723561537,3.15392316886058
DOMINICAN REPUBLIC,DOM,1980,22.634481016204838,3.1627067057305713
DOMINICAN REPUBLIC,DOM,1981,22.746308970026785,3.167427106614641
DOMINICAN REPUBLIC,DOM,1982,22.835585907192186,3.1711796701542077
DOMINICAN REPUBLIC,DOM,1983,22.944705948319477,3.1757472534234696
DOMINICAN REPUBLIC,DOM,1984,23.173753559863954,3.185267480955913
DOMINICAN REPUBLIC,DOM,1985,22.341580232426413,3.150236329469125
DOMINICAN REPUBLIC,DOM,1986,22.535175676525927,3.1584961393047846
DOMINICAN REPUBLIC,DOM,1987,22.485776835084753,3.156394996857583
DOMINICAN REPUBLIC,DOM,1988,22.404894166478133,3.152945152907934
DOMINICAN REPUBLIC,DOM,1989,22.623370322765997,3.1622364899535627
DOMINICAN REPUBLIC,DOM,1990,22.67964606080141,3.1646158631474037
DOMINICAN REPUBLIC,DOM,1991,23.008143407053907,3.178393081423038
DOMINICAN REPUBLIC,DOM,1992,23.174734836405378,3.1853080727747725
DOMINICAN REPUBLIC,DOM,1993,23.294429873989653,3.1902471007782216
DOMINICAN REPUBLIC,DOM,1994,23.40734669480023,3.1948841810286295
DOMINICAN REPUBLIC,DOM,1995,23.534917257401496,3.20009729710502
DOMINICAN REPUBLIC,DOM,1996,23.626971773096315,3.203842255856472
DOMINICAN REPUBLIC,DOM,1997,23.719870232157106,3.207607383067504
DOMINICAN REPUBLIC,DOM,1998,23.799296887543726,3.21081530146031
DOMINICAN REPUBLIC,DOM,1999,23.820497253506716,3.2116698139636366
DOMINICAN REPUBLIC,DOM,2000,23.91398004495594,3.2154290935065255
DOMINICAN REPUBLIC,DOM,2001,23.9659294236905,3.217512072327904
DOMINICAN REPUBLIC,DOM,2002,24.024180190158802,3.2198425650306617
DOMINICAN REPUBLIC,DOM,2003,23.786804778305935,3.2103114461830287
DOMINICAN REPUBLIC,DOM,2004,23.828855930320813,3.2120065223538594
DOMINICAN REPUBLIC,DOM,2005,24.30058673729591,3.2308275866620297
DOMINICAN REPUBLIC,DOM,2006,24.357684619622304,3.2330818249128024
DOMINICAN REPUBLIC,DOM,2007,24.5066701286666,3.238939991633152
DOMINICAN REPUBLIC,DOM,2008,24.597017789981635,3.242475852120887
DOMINICAN REPUBLIC,DOM,2009,24.599891253166227,3.2425881035533
DOMINICAN REPUBLIC,DOM,2010,24.709657401077614,3.2468666956766676
DOMINICAN REPUBLIC,DOM,2011,24.784222053701633,3.249762756549495
DOMINICAN REPUBLIC,DOM,2012,24.828905298498363,3.2514942251991323
DOMINICAN REPUBLIC,DOM,2013,24.86134270403285,3.2527492940388423
DOMINICAN REPUBLIC,DOM,2014,24.930640761369684,3.2554253104434703
DOMINICAN REPUBLIC,DOM,2015,24.988264528198677,3.257645071825903
DOMINICAN REPUBLIC,DOM,2016,25.050105394153025,3.2600218140319988
DOMINICAN REPUBLIC,DOM,2017,25.105268050144467,3.262137134963197
DOMINICAN REPUBLIC,DOM,2018,25.17242984101717,3.2647065605703616
DOMINICAN REPUBLIC,DOM,2019,25.211243254316447,3.2661884505604544
DOMINICAN REPUBLIC,DOM,2020,25.090745377585602,3.2615806682148802
DOMINICAN REPUBLIC,DOM,2021,25.26914690952471,3.268395129227437
DOMINICAN REPUBLIC,DOM,2022,25.455397854713894,3.2754602151662358
DOMINICAN REPUBLIC,DOM,2023,25.5227213880652,3.278001776495836
EARLY-DEMOGRAPHIC DIVIDEND,EAR,1960,25.603314569115653,3.2810358158862294
EARLY-DEMOGRAPHIC DIVIDEND,EAR,1961,25.665170484522775,3.283358237601329
EARLY-DEMOGRAPHIC DIVIDEND,EAR,1962,25.694396932553317,3.2844536906706834
EARLY-DEMOGRAPHIC DIVIDEND,EAR,1963,25.809633203361535,3.2887612708175205
EARLY-DEMOGRAPHIC DIVIDEND,EAR,1964,25.91643934042588,3.2927372278420592
EARLY-DEMOGRAPHIC DIVIDEND,EAR,1965,25.991787653354553,3.2955326587511258
EARLY-DEMOGRAPHIC DIVIDEND,EAR,1966,25.972954275099262,3.2948346704592564
EARLY-DEMOGRAPHIC DIVIDEND,EAR,1967,26.06101465655065,3.2980941185862513
EARLY-DEMOGRAPHIC DIVIDEND,EAR,1968,26.152324992377753,3.3014626777918408
EARLY-DEMOGRAPHIC DIVIDEND,EAR,1969,26.25613847927129,3.3052787610351957
EARLY-DEMOGRAPHIC DIVIDEND,EAR,1970,26.322961775254242,3.3077274393410248
EARLY-DEMOGRAPHIC DIVIDEND,EAR,1971,26.398387835023577,3.3104841735251678
EARLY-DEMOGRAPHIC DIVIDEND,EAR,1972,26.503578368735813,3.3143161187068118
EARLY-DEMOGRAPHIC DIVIDEND,EAR,1973,26.73107277463641,3.322553545306952
EARLY-DEMOGRAPHIC DIVIDEND,EAR,1974,27.074244936957687,3.334852605764453
EARLY-DEMOGRAPHIC DIVIDEND,EAR,1975,27.182215532507787,3.3386911241220227
EARLY-DEMOGRAPHIC DIVIDEND,EAR,1976,27.28355077481847,3.342280390954941
EARLY-DEMOGRAPHIC DIVIDEND,EAR,1977,27.400381989132196,3.3464025953982617
EARLY-DEMOGRAPHIC DIVIDEND,EAR,1978,27.51048025105915,3.350271747786534
EARLY-DEMOGRAPHIC DIVIDEND,EAR,1979,27.70909076906545,3.3572138241457803
EARLY-DEMOGRAPHIC DIVIDEND,EAR,1980,27.935136956301527,3.365056668254674
EARLY-DEMOGRAPHIC DIVIDEND,EAR,1981,28.04105615878395,3.368710558399386
EARLY-DEMOGRAPHIC DIVIDEND,EAR,1982,27.9855916561594,3.366798867078082
EARLY-DEMOGRAPHIC DIVIDEND,EAR,1983,27.983039853082367,3.3667108262528203
EARLY-DEMOGRAPHIC DIVIDEND,EAR,1984,27.994550820218183,3.367107909579443
EARLY-DEMOGRAPHIC DIVIDEND,EAR,1985,27.993028631912573,3.3670554090846703
EARLY-DEMOGRAPHIC DIVIDEND,EAR,1986,27.99795432326926,3.3672252869214483
EARLY-DEMOGRAPHIC DIVIDEND,EAR,1987,28.01297139334568,3.3677430194080915
EARLY-DEMOGRAPHIC DIVIDEND,EAR,1988,28.068575699286583,3.369657717817886
EARLY-DEMOGRAPHIC DIVIDEND,EAR,1989,28.08739762887593,3.370305009202395
EARLY-DEMOGRAPHIC DIVIDEND,EAR,1990,28.241054742669245,3.375573706141715
EARLY-DEMOGRAPHIC DIVIDEND,EAR,1991,28.300389826796057,3.377600820603323
EARLY-DEMOGRAPHIC DIVIDEND,EAR,1992,28.39457588832394,3.3808101637291754
EARLY-DEMOGRAPHIC DIVIDEND,EAR,1993,28.499122582414795,3.3843605199344533
EARLY-DEMOGRAPHIC DIVIDEND,EAR,1994,28.548158275354215,3.3860214162026465
EARLY-DEMOGRAPHIC DIVIDEND,EAR,1995,28.567703934666692,3.386682682377037
EARLY-DEMOGRAPHIC DIVIDEND,EAR,1996,28.649114552330694,3.389432261670015
EARLY-DEMOGRAPHIC DIVIDEND,EAR,1997,28.71492891898296,3.391649576723653
EARLY-DEMOGRAPHIC DIVIDEND,EAR,1998,28.70310195229527,3.391251483193105
EARLY-DEMOGRAPHIC DIVIDEND,EAR,1999,28.759376648925393,3.393144263808875
EARLY-DEMOGRAPHIC DIVIDEND,EAR,2000,28.84821634799915,3.396125084217405
EARLY-DEMOGRAPHIC DIVIDEND,EAR,2001,28.840321472354635,3.395860548479763
EARLY-DEMOGRAPHIC DIVIDEND,EAR,2002,28.811213135791544,3.3948846024604453
EARLY-DEMOGRAPHIC DIVIDEND,EAR,2003,28.918320105122067,3.3984710053108365
EARLY-DEMOGRAPHIC DIVIDEND,EAR,2004,29.0685027043745,3.403478202091736
EARLY-DEMOGRAPHIC DIVIDEND,EAR,2005,29.219413902739173,3.408484562306394
EARLY-DEMOGRAPHIC DIVIDEND,EAR,2006,29.3532056410973,3.4129021343692765
EARLY-DEMOGRAPHIC DIVIDEND,EAR,2007,29.52184511804804,3.418442660619272
EARLY-DEMOGRAPHIC DIVIDEND,EAR,2008,29.64058911373608,3.422325571637166
EARLY-DEMOGRAPHIC DIVIDEND,EAR,2009,29.60130744600238,3.421042735039105
EARLY-DEMOGRAPHIC DIVIDEND,EAR,2010,29.79528722695955,3.4273616661602784
EARLY-DEMOGRAPHIC DIVIDEND,EAR,2011,29.914810732068478,3.4312353807879576
EARLY-DEMOGRAPHIC DIVIDEND,EAR,2012,29.959444888110184,3.4326781185901813
EARLY-DEMOGRAPHIC DIVIDEND,EAR,2013,29.973476179055428,3.4331312311172035
EARLY-DEMOGRAPHIC DIVIDEND,EAR,2014,30.007470766837905,3.4342281679297657
EARLY-DEMOGRAPHIC DIVIDEND,EAR,2015,29.95703168747169,3.4326001683974963
EARLY-DEMOGRAPHIC DIVIDEND,EAR,2016,29.98591671458537,3.433532801730346
EARLY-DEMOGRAPHIC DIVIDEND,EAR,2017,30.06405955012666,3.4360515094416497
EARLY-DEMOGRAPHIC DIVIDEND,EAR,2018,30.075490046664015,3.4364194070765843
EARLY-DEMOGRAPHIC DIVIDEND,EAR,2019,30.096375916745295,3.4370912823868496
EARLY-DEMOGRAPHIC DIVIDEND,EAR,2020,30.02718882168662,3.434863878857932
EARLY-DEMOGRAPHIC DIVIDEND,EAR,2021,30.17822215895984,3.439719843368979
EARLY-DEMOGRAPHIC DIVIDEND,EAR,2022,30.279402609823265,3.4429598173433082
EARLY-DEMOGRAPHIC DIVIDEND,EAR,2023,30.328874427510524,3.444540177970522
EAST ASIA & PACIFIC,EAS,1960,25.780454446525802,3.2876723097428604
EAST ASIA & PACIFIC,EAS,1961,25.788443644124115,3.2879705872114027
EAST ASIA & PACIFIC,EAS,1962,25.811696999203612,3.2888382474921123
EAST ASIA & PACIFIC,EAS,1963,25.921518961171003,3.2929259281910483
EAST ASIA & PACIFIC,EAS,1964,26.05968444077569,3.2980449612103335
EAST ASIA & PACIFIC,EAS,1965,26.16680303459615,3.301995751244495
EAST ASIA & PACIFIC,EAS,1966,26.279185679627613,3.3061239820761945
EAST ASIA & PACIFIC,EAS,1967,26.362409035305205,3.309170138414226
EAST ASIA & PACIFIC,EAS,1968,26.462079828759414,3.3128061377760947
EAST ASIA & PACIFIC,EAS,1969,26.604548252192924,3.3179805508925564
EAST ASIA & PACIFIC,EAS,1970,26.745819810473336,3.3230851913850614
EAST ASIA & PACIFIC,EAS,1971,26.8513274518792,3.326880629577751
EAST ASIA & PACIFIC,EAS,1972,27.06910629385609,3.3346695513865687
EAST ASIA & PACIFIC,EAS,1973,27.345353105770194,3.3444631051257403
EAST ASIA & PACIFIC,EAS,1974,27.486923066315484,3.349445142197018
EAST ASIA & PACIFIC,EAS,1975,27.577146276835574,3.3526073171606945
EAST ASIA & PACIFIC,EAS,1976,27.672248334565165,3.3559296979772903
EAST ASIA & PACIFIC,EAS,1977,27.847610419225923,3.3620271617672333
EAST ASIA & PACIFIC,EAS,1978,28.081494051411173,3.3701020286292915
EAST ASIA & PACIFIC,EAS,1979,28.163457668562312,3.3729164758503583
EAST ASIA & PACIFIC,EAS,1980,28.240834528084733,3.3755661751064743
EAST ASIA & PACIFIC,EAS,1981,28.338200800018438,3.378890448408446
EAST ASIA & PACIFIC,EAS,1982,28.31758826448443,3.3781876179901276
EAST ASIA & PACIFIC,EAS,1983,28.38035666874497,3.380326310520409
EAST ASIA & PACIFIC,EAS,1984,28.447967926160487,3.382624906907439
EAST ASIA & PACIFIC,EAS,1985,28.50150946568684,3.3844414303650874
EAST ASIA & PACIFIC,EAS,1986,28.770053199023035,3.393502962027198
EAST ASIA & PACIFIC,EAS,1987,28.93052638811393,3.398878909017468
EAST ASIA & PACIFIC,EAS,1988,29.11469506330793,3.405013260703357
EAST ASIA & PACIFIC,EAS,1989,29.155059168259026,3.406352709038615
EAST ASIA & PACIFIC,EAS,1990,29.197749855505133,3.4077674135091014
EAST ASIA & PACIFIC,EAS,1991,29.319792731522895,3.4118007247192383
EAST ASIA & PACIFIC,EAS,1992,29.4088907655497,3.4147350250473463
EAST ASIA & PACIFIC,EAS,1993,29.521032448101124,3.418416034418825
EAST ASIA & PACIFIC,EAS,1994,29.63309363623664,3.422080915948119
EAST ASIA & PACIFIC,EAS,1995,29.760157378801235,3.4262202609702985
EAST ASIA & PACIFIC,EAS,1996,29.723070528281834,3.4250138553771015
EAST ASIA & PACIFIC,EAS,1997,29.67791485626854,3.4235430099217314
EAST ASIA & PACIFIC,EAS,1998,29.567129557717738,3.419925234134533
EAST ASIA & PACIFIC,EAS,1999,29.677862319376317,3.4235412973888733
EAST ASIA & PACIFIC,EAS,2000,29.756554353821524,3.4261031212571265
EAST ASIA & PACIFIC,EAS,2001,29.683799483235603,3.423734811179191
EAST ASIA & PACIFIC,EAS,2002,29.69949766795195,3.4242462918518544
EAST ASIA & PACIFIC,EAS,2003,29.79459859503126,3.4273393043091684
EAST ASIA & PACIFIC,EAS,2004,29.909153668612017,3.4310523752648696
EAST ASIA & PACIFIC,EAS,2005,29.97391486673516,3.433145394350629
EAST ASIA & PACIFIC,EAS,2006,30.032075949406945,3.435021377589136
EAST ASIA & PACIFIC,EAS,2007,30.143149761327834,3.4385943096955733
EAST ASIA & PACIFIC,EAS,2008,30.28568099982099,3.4431605168279593
EAST ASIA & PACIFIC,EAS,2009,30.314139151184953,3.4440697256166026
EAST ASIA & PACIFIC,EAS,2010,30.468815553089172,3.4489970730337003
EAST ASIA & PACIFIC,EAS,2011,30.616548148862947,3.453680659119581
EAST ASIA & PACIFIC,EAS,2012,30.683803569030513,3.4558056218930826
EAST ASIA & PACIFIC,EAS,2013,30.69493919137977,3.456157021178674
EAST ASIA & PACIFIC,EAS,2014,30.72613263346066,3.4571407145694892
EAST ASIA & PACIFIC,EAS,2015,30.721848738019855,3.4570056781079748
EAST ASIA & PACIFIC,EAS,2016,30.756729026253158,3.4581046407177958
EAST ASIA & PACIFIC,EAS,2017,30.82269407156388,3.460179685308202
EAST ASIA & PACIFIC,EAS,2018,30.90770761400717,3.4628475985998275
EAST ASIA & PACIFIC,EAS,2019,30.928060774665617,3.463485271235777
EAST ASIA & PACIFIC,EAS,2020,30.932636896623862,3.463628586988124
EAST ASIA & PACIFIC,EAS,2021,31.069778875144582,3.4679141186125237
EAST ASIA & PACIFIC,EAS,2022,31.054102297072333,3.4674251719643174
EAST ASIA & PACIFIC,EAS,2023,31.057745207734566,3.4675388143192936
EAST ASIA & PACIFIC (IDA & IBRD COUNTRIES),TEA,1960,25.113821665569702,3.2624647398888404
EAST ASIA & PACIFIC (IDA & IBRD COUNTRIES),TEA,1961,24.987076885302624,3.25759937158175
EAST ASIA & PACIFIC (IDA & IBRD COUNTRIES),TEA,1962,24.8950499698207,3.25405182958323
EAST ASIA & PACIFIC (IDA & IBRD COUNTRIES),TEA,1963,24.973503392185187,3.2570769180851302
EAST ASIA & PACIFIC (IDA & IBRD COUNTRIES),TEA,1964,25.117731113465624,3.2626144366791983
EAST ASIA & PACIFIC (IDA & IBRD COUNTRIES),TEA,1965,25.270642275875762,3.2684520524231577
EAST ASIA & PACIFIC (IDA & IBRD COUNTRIES),TEA,1966,25.36053418923051,3.2718679745742865
EAST ASIA & PACIFIC (IDA & IBRD COUNTRIES),TEA,1967,25.33103567054337,3.2707483069748053
EAST ASIA & PACIFIC (IDA & IBRD COUNTRIES),TEA,1968,25.34195592738951,3.271162950482657
EAST ASIA & PACIFIC (IDA & IBRD COUNTRIES),TEA,1969,25.459288082385356,3.275607252897239
EAST ASIA & PACIFIC (IDA & IBRD COUNTRIES),TEA,1970,25.5668686973092,3.279664901765739
EAST ASIA & PACIFIC (IDA & IBRD COUNTRIES),TEA,1971,25.63818363486773,3.2823456614733644
EAST ASIA & PACIFIC (IDA & IBRD COUNTRIES),TEA,1972,25.768019660983192,3.2872078787399843
EAST ASIA & PACIFIC (IDA & IBRD COUNTRIES),TEA,1973,25.997449188386923,3.295742387037144
EAST ASIA & PACIFIC (IDA & IBRD COUNTRIES),TEA,1974,26.122632451383318,3.300368525152939
EAST ASIA & PACIFIC (IDA & IBRD COUNTRIES),TEA,1975,26.23796365978276,3.304611722972396
EAST ASIA & PACIFIC (IDA & IBRD COUNTRIES),TEA,1976,26.25460111702045,3.305222355187004
EAST ASIA & PACIFIC (IDA & IBRD COUNTRIES),TEA,1977,26.396579935994303,3.310418185749156
EAST ASIA & PACIFIC (IDA & IBRD COUNTRIES),TEA,1978,26.366739395858357,3.3093283853698727
EAST ASIA & PACIFIC (IDA & IBRD COUNTRIES),TEA,1979,26.513295529079443,3.314669361621439
EAST ASIA & PACIFIC (IDA & IBRD COUNTRIES),TEA,1980,26.65624839316115,3.3198516841078134
EAST ASIA & PACIFIC (IDA & IBRD COUNTRIES),TEA,1981,26.721658958109842,3.3222140195046035
EAST ASIA & PACIFIC (IDA & IBRD COUNTRIES),TEA,1982,26.770682139471358,3.3239808649158813
EAST ASIA & PACIFIC (IDA & IBRD COUNTRIES),TEA,1983,26.816674381738665,3.325635638793992
EAST ASIA & PACIFIC (IDA & IBRD COUNTRIES),TEA,1984,26.896860776663896,3.3285141655313595
EAST ASIA & PACIFIC (IDA & IBRD COUNTRIES),TEA,1985,26.987531435338695,3.331759105116335
EAST ASIA & PACIFIC (IDA & IBRD COUNTRIES),TEA,1986,26.98489054388804,3.33166474109351
EAST ASIA & PACIFIC (IDA & IBRD COUNTRIES),TEA,1987,26.973252747604807,3.3312487946104254
EAST ASIA & PACIFIC (IDA & IBRD COUNTRIES),TEA,1988,27.077618232974878,3.334972754797123
EAST ASIA & PACIFIC (IDA & IBRD COUNTRIES),TEA,1989,27.15553325060533,3.337743898346275
EAST ASIA & PACIFIC (IDA & IBRD COUNTRIES),TEA,1990,27.224591166486082,3.3401936251296185
EAST ASIA & PACIFIC (IDA & IBRD COUNTRIES),TEA,1991,27.306353399643235,3.343086281206622
EAST ASIA & PACIFIC (IDA & IBRD COUNTRIES),TEA,1992,27.42097124248587,3.3471272966974674
EAST ASIA & PACIFIC (IDA & IBRD COUNTRIES),TEA,1993,27.514083223220382,3.3503981134067686
EAST ASIA & PACIFIC (IDA & IBRD COUNTRIES),TEA,1994,27.699307319868787,3.3568729872781073
EAST ASIA & PACIFIC (IDA & IBRD COUNTRIES),TEA,1995,27.909056593000965,3.364154922946544
EAST ASIA & PACIFIC (IDA & IBRD COUNTRIES),TEA,1996,28.047491327802007,3.3689321225225335
EAST ASIA & PACIFIC (IDA & IBRD COUNTRIES),TEA,1997,28.081343980618588,3.3700968682623746
EAST ASIA & PACIFIC (IDA & IBRD COUNTRIES),TEA,1998,27.989802176330908,3.366944119051396
EAST ASIA & PACIFIC (IDA & IBRD COUNTRIES),TEA,1999,28.08598049431415,3.370256288134175
EAST ASIA & PACIFIC (IDA & IBRD COUNTRIES),TEA,2000,28.181533081151464,3.373536080479142
EAST ASIA & PACIFIC (IDA & IBRD COUNTRIES),TEA,2001,28.243491433597978,3.3756570338270424
EAST ASIA & PACIFIC (IDA & IBRD COUNTRIES),TEA,2002,28.344940221278573,3.379120136907476
EAST ASIA & PACIFIC (IDA & IBRD COUNTRIES),TEA,2003,28.46876119148603,3.3833307596083704
EAST ASIA & PACIFIC (IDA & IBRD COUNTRIES),TEA,2004,28.616750951912948,3.388340111800632
EAST ASIA & PACIFIC (IDA & IBRD COUNTRIES),TEA,2005,28.76371780046194,3.393290128253068
EAST ASIA & PACIFIC (IDA & IBRD COUNTRIES),TEA,2006,28.94965207212306,3.399517707536487
EAST ASIA & PACIFIC (IDA & IBRD COUNTRIES),TEA,2007,29.18411265308676,3.4073157148670363
EAST ASIA & PACIFIC (IDA & IBRD COUNTRIES),TEA,2008,29.419411804628595,3.4150809508331816
EAST ASIA & PACIFIC (IDA & IBRD COUNTRIES),TEA,2009,29.50025786943202,3.417735138313101
EAST ASIA & PACIFIC (IDA & IBRD COUNTRIES),TEA,2010,29.6967265032746,3.4241560203500923
EAST ASIA & PACIFIC (IDA & IBRD COUNTRIES),TEA,2011,29.896822508084192,3.4306533471625973
EAST ASIA & PACIFIC (IDA & IBRD COUNTRIES),TEA,2012,30.005621817194914,3.434168536985186
EAST ASIA & PACIFIC (IDA & IBRD COUNTRIES),TEA,2013,30.103811457176345,3.437330366569081
EAST ASIA & PACIFIC (IDA & IBRD COUNTRIES),TEA,2014,30.179252111928093,3.4397528771946875
EAST ASIA & PACIFIC (IDA & IBRD COUNTRIES),TEA,2015,30.219302859698942,3.4410365849116062
EAST ASIA & PACIFIC (IDA & IBRD COUNTRIES),TEA,2016,30.240935685344535,3.4417292760384575
EAST ASIA & PACIFIC (IDA & IBRD COUNTRIES),TEA,2017,30.329884175043425,3.4445724080228084
EAST ASIA & PACIFIC (IDA & IBRD COUNTRIES),TEA,2018,30.441621300057793,3.4481325342994147
EAST ASIA & PACIFIC (IDA & IBRD COUNTRIES),TEA,2019,30.4754664428917,3.449208399292937
EAST ASIA & PACIFIC (IDA & IBRD COUNTRIES),TEA,2020,30.491264297768428,3.4497101834898416
EAST ASIA & PACIFIC (IDA & IBRD COUNTRIES),TEA,2021,30.666659890431454,3.4552643889460333
EAST ASIA & PACIFIC (IDA & IBRD COUNTRIES),TEA,2022,30.679711404784957,3.455676457207287
EAST ASIA & PACIFIC (IDA & IBRD COUNTRIES),TEA,2023,30.68143669310396,3.4557309160790477
EAST ASIA & PACIFIC (EXCLUDING HIGH INCOME),EAP,1960,25.114846182790824,3.2625039718763085
EAST ASIA & PACIFIC (EXCLUDING HIGH INCOME),EAP,1961,24.988101402523743,3.257638794908615
EAST ASIA & PACIFIC (EXCLUDING HIGH INCOME),EAP,1962,24.89607448704182,3.2540913930115973
EAST ASIA & PACIFIC (EXCLUDING HIGH INCOME),EAP,1963,24.974527909406305,3.2571163620138255
EAST ASIA & PACIFIC (EXCLUDING HIGH INCOME),EAP,1964,25.118755630686742,3.2626536627943183
EAST ASIA & PACIFIC (EXCLUDING HIGH INCOME),EAP,1965,25.27166679309688,3.268491050222813
EAST ASIA & PACIFIC (EXCLUDING HIGH INCOME),EAP,1966,25.361558706451632,3.271906839390343
EAST ASIA & PACIFIC (EXCLUDING HIGH INCOME),EAP,1967,25.33206018776449,3.270787215330061
EAST ASIA & PACIFIC (EXCLUDING HIGH INCOME),EAP,1968,25.342980444610628,3.2712018427084733
EAST ASIA & PACIFIC (EXCLUDING HIGH INCOME),EAP,1969,25.460312599606475,3.275645972661109
EAST ASIA & PACIFIC (EXCLUDING HIGH INCOME),EAP,1970,25.56789321453032,3.2797034647397463
EAST ASIA & PACIFIC (EXCLUDING HIGH INCOME),EAP,1971,25.63920486900026,3.282383997967
EAST ASIA & PACIFIC (EXCLUDING HIGH INCOME),EAP,1972,25.76904373297817,3.2872461353020808
EAST ASIA & PACIFIC (EXCLUDING HIGH INCOME),EAP,1973,25.998489445865722,3.2957809179898505
EAST ASIA & PACIFIC (EXCLUDING HIGH INCOME),EAP,1974,26.123647287442626,3.3004059410297257
EAST ASIA & PACIFIC (EXCLUDING HIGH INCOME),EAP,1975,26.23898132879836,3.3046490844292813
EAST ASIA & PACIFIC (EXCLUDING HIGH INCOME),EAP,1976,26.255614507014837,3.305259536841228
EAST ASIA & PACIFIC (EXCLUDING HIGH INCOME),EAP,1977,26.397618846618514,3.310456106209621
EAST ASIA & PACIFIC (EXCLUDING HIGH INCOME),EAP,1978,26.367758540126506,3.3093656249283487
EAST ASIA & PACIFIC (EXCLUDING HIGH INCOME),EAP,1979,26.514331537447564,3.31470701573896
EAST ASIA & PACIFIC (EXCLUDING HIGH INCOME),EAP,1980,26.65730018946953,3.319889714439819
EAST ASIA & PACIFIC (EXCLUDING HIGH INCOME),EAP,1981,26.722704162115523,3.322251722309613
EAST ASIA & PACIFIC (EXCLUDING HIGH INCOME),EAP,1982,26.77172673943732,3.3240184794157623
EAST ASIA & PACIFIC (EXCLUDING HIGH INCOME),EAP,1983,26.817730604642456,3.325673608927911
EAST ASIA & PACIFIC (EXCLUDING HIGH INCOME),EAP,1984,26.897924048853312,3.328552279207857
EAST ASIA & PACIFIC (EXCLUDING HIGH INCOME),EAP,1985,26.988611036032452,3.3317976787173813
EAST ASIA & PACIFIC (EXCLUDING HIGH INCOME),EAP,1986,26.985959238330484,3.3317029286302984
EAST ASIA & PACIFIC (EXCLUDING HIGH INCOME),EAP,1987,26.97430333856957,3.33128635088771
EAST ASIA & PACIFIC (EXCLUDING HIGH INCOME),EAP,1988,27.078663084019013,3.3350099670561884
EAST ASIA & PACIFIC (EXCLUDING HIGH INCOME),EAP,1989,27.15656453360906,3.3377805257511994
EAST ASIA & PACIFIC (EXCLUDING HIGH INCOME),EAP,1990,27.225616800663747,3.3402299627876966
EAST ASIA & PACIFIC (EXCLUDING HIGH INCOME),EAP,1991,27.307389059008692,3.343122868060647
EAST ASIA & PACIFIC (EXCLUDING HIGH INCOME),EAP,1992,27.422034673142146,3.3471647131091884
EAST ASIA & PACIFIC (EXCLUDING HIGH INCOME),EAP,1993,27.51518164099318,3.3504366346037555
EAST ASIA & PACIFIC (EXCLUDING HIGH INCOME),EAP,1994,27.700426853340396,3.356911995593664
EAST ASIA & PACIFIC (EXCLUDING HIGH INCOME),EAP,1995,27.910190468653592,3.3641941443377035
EAST ASIA & PACIFIC (EXCLUDING HIGH INCOME),EAP,1996,28.048631756712542,3.368971382591885
EAST ASIA & PACIFIC (EXCLUDING HIGH INCOME),EAP,1997,28.082484272544026,3.3701360779210177
EAST ASIA & PACIFIC (EXCLUDING HIGH INCOME),EAP,1998,27.990933105557634,3.3669831295682986
EAST ASIA & PACIFIC (EXCLUDING HIGH INCOME),EAP,1999,28.087127448482658,3.370295720587046
EAST ASIA & PACIFIC (EXCLUDING HIGH INCOME),EAP,2000,28.18268711020922,3.373575626250648
EAST ASIA & PACIFIC (EXCLUDING HIGH INCOME),EAP,2001,28.244648541271232,3.375696601085427
EAST ASIA & PACIFIC (EXCLUDING HIGH INCOME),EAP,2002,28.346106058412705,3.3791598648458305
EAST ASIA & PACIFIC (EXCLUDING HIGH INCOME),EAP,2003,28.46993938580821,3.383370739937451
EAST ASIA & PACIFIC (EXCLUDING HIGH INCOME),EAP,2004,28.617933237763292,3.3883800305025438
EAST ASIA & PACIFIC (EXCLUDING HIGH INCOME),EAP,2005,28.764902356089724,3.393329926105759
EAST ASIA & PACIFIC (EXCLUDING HIGH INCOME),EAP,2006,28.95084824426554,3.3995576461726027
EAST ASIA & PACIFIC (EXCLUDING HIGH INCOME),EAP,2007,29.185321119488254,3.407355750571403
EAST ASIA & PACIFIC (EXCLUDING HIGH INCOME),EAP,2008,29.420627669226278,3.4151209200576713
EAST ASIA & PACIFIC (EXCLUDING HIGH INCOME),EAP,2009,29.501477544048193,3.4177751265071437
EAST ASIA & PACIFIC (EXCLUDING HIGH INCOME),EAP,2010,29.69795242274702,3.4241959560413937
EAST ASIA & PACIFIC (EXCLUDING HIGH INCOME),EAP,2011,29.898050918777837,3.430693104852052
EAST ASIA & PACIFIC (EXCLUDING HIGH INCOME),EAP,2012,30.006848130932227,3.4342080875381154
EAST ASIA & PACIFIC (EXCLUDING HIGH INCOME),EAP,2013,30.105040373553564,3.437369875942465
EAST ASIA & PACIFIC (EXCLUDING HIGH INCOME),EAP,2014,30.180480929659865,3.439792287810224
EAST ASIA & PACIFIC (EXCLUDING HIGH INCOME),EAP,2015,30.22053069250786,3.4410759134216047
EAST ASIA & PACIFIC (EXCLUDING HIGH INCOME),EAP,2016,30.24216184653106,3.441768523810579
EAST ASIA & PACIFIC (EXCLUDING HIGH INCOME),EAP,2017,30.331112942034476,3.4446116275388627
EAST ASIA & PACIFIC (EXCLUDING HIGH INCOME),EAP,2018,30.44285187418034,3.4481716719135376
EAST ASIA & PACIFIC (EXCLUDING HIGH INCOME),EAP,2019,30.47669856410363,3.4492475439740438
EAST ASIA & PACIFIC (EXCLUDING HIGH INCOME),EAP,2020,30.49249799951331,3.4497493587216805
EAST ASIA & PACIFIC (EXCLUDING HIGH INCOME),EAP,2021,30.667896215115288,3.455303430024396
EAST ASIA & PACIFIC (EXCLUDING HIGH INCOME),EAP,2022,30.680948413004177,3.4557155037772858
EAST ASIA & PACIFIC (EXCLUDING HIGH INCOME),EAP,2023,30.682672740027495,3.4557699301813445
ECUADOR,ECU,1960,21.4505559260753,3.1113153767358024
ECUADOR,ECU,1961,21.285079752850177,3.103917385160353
ECUADOR,ECU,1962,21.140796333891966,3.0974218947407888
ECUADOR,ECU,1963,21.324486236276094,3.1056841135649993
ECUADOR,ECU,1964,21.531590930857913,3.114918365837391
ECUADOR,ECU,1965,21.593323039867414,3.1176544219132034
ECUADOR,ECU,1966,21.610872543051748,3.118430876569225
ECUADOR,ECU,1967,21.660768074588056,3.1206351506383054
ECUADOR,ECU,1968,21.671899787732784,3.121126262849141
ECUADOR,ECU,1969,21.85858469614518,3.1293267446453767
ECUADOR,ECU,1970,21.774962302421304,3.125661787927146
ECUADOR,ECU,1971,21.736399853194126,3.1239671579873143
ECUADOR,ECU,1972,21.882027681612378,3.1303517850329534
ECUADOR,ECU,1973,22.08212583129913,3.139058544473655
ECUADOR,ECU,1974,22.610222910570318,3.161679792415424
ECUADOR,ECU,1975,22.76859129601874,3.168365015670563
ECUADOR,ECU,1976,22.930652057260343,3.1751601500764335
ECUADOR,ECU,1977,23.12355303028559,3.183188667407046
ECUADOR,ECU,1978,23.20169303002658,3.1864225906340136
ECUADOR,ECU,1979,23.374757037612,3.1935480491465205
ECUADOR,ECU,1980,23.607032956738696,3.2030322946291827
ECUADOR,ECU,1981,23.805669233322792,3.2110722251642225
ECUADOR,ECU,1982,23.71548426398757,3.2074299404972724
ECUADOR,ECU,1983,23.565408433744018,3.2013392921359225
ECUADOR,ECU,1984,23.55131936802514,3.200765594874893
ECUADOR,ECU,1985,23.565210855405127,3.2013312491541015
ECUADOR,ECU,1986,23.45204232180152,3.1967137429764287
ECUADOR,ECU,1987,23.358417467773634,3.1928774763543113
ECUADOR,ECU,1988,23.292198163491772,3.190155235563878
ECUADOR,ECU,1989,23.354494293938135,3.1927164030904844
ECUADOR,ECU,1990,23.447141657166963,3.1965133034495414
ECUADOR,ECU,1991,23.5558045574738,3.2009482644797322
ECUADOR,ECU,1992,23.61885938857498,3.203512791030583
ECUADOR,ECU,1993,23.664474201116505,3.2053639168471464
ECUADOR,ECU,1994,23.84601277377355,3.2126972879092612
ECUADOR,ECU,1995,23.919195784923875,3.2156384215254654
ECUADOR,ECU,1996,23.95115663244777,3.2169201791369666
ECUADOR,ECU,1997,24.061241271349825,3.221322480218502
ECUADOR,ECU,1998,24.05482360047159,3.2210663678948497
ECUADOR,ECU,1999,23.70110256801366,3.2068478810187884
ECUADOR,ECU,2000,23.587718736027732,3.202247079904492
ECUADOR,ECU,2001,23.864268981261517,3.2134317922276514
ECUADOR,ECU,2002,24.02110798731973,3.2197197881237916
ECUADOR,ECU,2003,24.1561300885753,3.2251016079421464
ECUADOR,ECU,2004,24.28416835810965,3.2301784432696445
ECUADOR,ECU,2005,24.419092329413328,3.2355005581770384
ECUADOR,ECU,2006,24.545161969992503,3.2404479433378217
ECUADOR,ECU,2007,24.632258756296977,3.2438516658840335
ECUADOR,ECU,2008,24.836422961348536,3.251785239043675
ECUADOR,ECU,2009,24.819192114264066,3.251118095783515
ECUADOR,ECU,2010,24.944996495999323,3.255978777764744
ECUADOR,ECU,2011,25.092544662470956,3.261649628408256
ECUADOR,ECU,2012,25.19758729161143,3.265667318420247
ECUADOR,ECU,2013,25.2935374295503,3.269323183876201
ECUADOR,ECU,2014,25.355251200800755,3.2716675416903467
ECUADOR,ECU,2015,25.300134876911734,3.2695740675702543
ECUADOR,ECU,2016,25.304874958152368,3.2697542816323115
ECUADOR,ECU,2017,25.372141721181592,3.272308215162808
ECUADOR,ECU,2018,25.400560963036348,3.2733852585263836
ECUADOR,ECU,2019,25.401647719982233,3.2734264218403113
ECUADOR,ECU,2020,25.28621171229511,3.269044532211933
ECUADOR,ECU,2021,25.40015279057898,3.2733697976574536
ECUADOR,ECU,2022,25.481895712654502,3.276461318863383
ECUADOR,ECU,2023,25.50108449593877,3.277185656529845
"EGYPT, ARAB REP.",EGY,1965,22.32238419353514,3.1494135944010604
"EGYPT, ARAB REP.",EGY,1966,22.38681413829233,3.1521723651752094
"EGYPT, ARAB REP.",EGY,1967,22.447011294551903,3.1547430366441125
"EGYPT, ARAB REP.",EGY,1968,22.503668223069294,3.1571565035673124
"EGYPT, ARAB REP.",EGY,1969,22.598823293307127,3.161196850335403
"EGYPT, ARAB REP.",EGY,1970,22.80796857076961,3.1700203385376464
"EGYPT, ARAB REP.",EGY,1971,22.87610691685622,3.1728782483017475
"EGYPT, ARAB REP.",EGY,1972,22.95324131762169,3.1761036515523986
"EGYPT, ARAB REP.",EGY,1973,23.035656162489268,3.1795384012640735
"EGYPT, ARAB REP.",EGY,1974,22.945612552456502,3.175785115110989
"EGYPT, ARAB REP.",EGY,1975,23.177041134933404,3.1854034694167135
"EGYPT, ARAB REP.",EGY,1976,23.312231261751617,3.1909795678163557
"EGYPT, ARAB REP.",EGY,1977,23.390550075013202,3.194195765274581
"EGYPT, ARAB REP.",EGY,1978,23.418683520259197,3.195348557330072
"EGYPT, ARAB REP.",EGY,1979,23.614779799421353,3.2033470673818645
"EGYPT, ARAB REP.",EGY,1980,23.799190415124784,3.2108110080866714
"EGYPT, ARAB REP.",EGY,1981,23.820474742284876,3.211668907002273
"EGYPT, ARAB REP.",EGY,1982,24.043078614826452,3.220597486550883
"EGYPT, ARAB REP.",EGY,1983,24.156163409731946,3.2251029325153007
"EGYPT, ARAB REP.",EGY,1984,24.248778619731418,3.228777783055645
"EGYPT, ARAB REP.",EGY,1985,24.388198395537625,3.234284435953537
"EGYPT, ARAB REP.",EGY,1986,24.443001987356304,3.23644073415781
"EGYPT, ARAB REP.",EGY,1987,24.423471325040833,3.2356728152515672
"EGYPT, ARAB REP.",EGY,1988,24.278045877971817,3.2299362671600633
"EGYPT, ARAB REP.",EGY,1989,24.406034132158382,3.234986710068775
"EGYPT, ARAB REP.",EGY,1990,24.483975467519492,3.238049841591696
"EGYPT, ARAB REP.",EGY,1991,24.34461126094298,3.232566133907415
"EGYPT, ARAB REP.",EGY,1992,24.457500670710743,3.2370104214099755
"EGYPT, ARAB REP.",EGY,1993,24.564407720390932,3.2412010606669117
"EGYPT, ARAB REP.",EGY,1994,24.672545770730316,3.245422162958733
"EGYPT, ARAB REP.",EGY,1995,24.820260967647126,3.2511594925574707
"EGYPT, ARAB REP.",EGY,1996,24.937313323712026,3.2556826008069266
"EGYPT, ARAB REP.",EGY,1997,25.085556213803027,3.261381759375372
"EGYPT, ARAB REP.",EGY,1998,25.163901033801526,3.264380637558619
"EGYPT, ARAB REP.",EGY,1999,25.2309412114344,3.2669396762481324
"EGYPT, ARAB REP.",EGY,2000,25.326820157727976,3.2705881974238906
"EGYPT, ARAB REP.",EGY,2001,25.294720344865304,3.2693681716877494
"EGYPT, ARAB REP.",EGY,2002,25.167634058792817,3.2645233058365903
"EGYPT, ARAB REP.",EGY,2003,25.10889175564994,3.2622759366033947
"EGYPT, ARAB REP.",EGY,2004,25.089956315812152,3.261550424782044
"EGYPT, ARAB REP.",EGY,2005,25.218628584995738,3.266470172810349
"EGYPT, ARAB REP.",EGY,2006,25.400068884839005,3.2733666194230713
"EGYPT, ARAB REP.",EGY,2007,25.59416253924135,3.2806917382922505
"EGYPT, ARAB REP.",EGY,2008,25.815899966208754,3.2889949939156544
"EGYPT, ARAB REP.",EGY,2009,25.9657903562567,3.2945690388086257
"EGYPT, ARAB REP.",EGY,2010,26.112262979788248,3.2999861340138397
"EGYPT, ARAB REP.",EGY,2011,26.187053882445202,3.3027408997927195
"EGYPT, ARAB REP.",EGY,2012,26.35489569145879,3.308895514364991
"EGYPT, ARAB REP.",EGY,2013,26.38773250348867,3.310095194287236
"EGYPT, ARAB REP.",EGY,2014,26.44552787087745,3.312203235589065
"EGYPT, ARAB REP.",EGY,2015,26.520437182691225,3.314928898937916
"EGYPT, ARAB REP.",EGY,2016,26.529730396840275,3.3152665260386476
"EGYPT, ARAB REP.",EGY,2017,26.23815630354805,3.304618795567339
"EGYPT, ARAB REP.",EGY,2018,26.293854509708805,3.3066615673154836
"EGYPT, ARAB REP.",EGY,2019,26.487449584524814,3.3137295217554983
"EGYPT, ARAB REP.",EGY,2020,26.67343390601354,3.3204728882315644
"EGYPT, ARAB REP.",EGY,2021,26.774582390905923,3.3241212999817304
"EGYPT, ARAB REP.",EGY,2022,26.890253299799863,3.3282772836992622
"EGYPT, ARAB REP.",EGY,2023,26.70449335189292,3.321594614907664
EL SALVADOR,SLV,1965,20.592838194131943,3.072361694623779
EL SALVADOR,SLV,1966,20.65017888183888,3.07501371685496
EL SALVADOR,SLV,1967,20.699178041417323,3.0772743815533143
EL SALVADOR,SLV,1968,20.732978614833634,3.0788308587279416
EL SALVADOR,SLV,1969,20.771484409216885,3.0806010589217534
EL SALVADOR,SLV,1970,20.848064207496698,3.084112322994287
EL SALVADOR,SLV,1971,20.893953312841997,3.0862104942621693
EL SALVADOR,SLV,1972,20.95732558914478,3.0891008236667963
EL SALVADOR,SLV,1973,21.089518765198218,3.095103232006777
EL SALVADOR,SLV,1974,21.233619349285338,3.1016055284564215
EL SALVADOR,SLV,1975,21.35672675841488,3.1071272493069975
EL SALVADOR,SLV,1976,21.568395677447405,3.1165505062226835
EL SALVADOR,SLV,1977,21.80223311989541,3.1268584750192705
EL SALVADOR,SLV,1978,21.863646871823928,3.1295481763439548
EL SALVADOR,SLV,1979,21.96558586727755,3.133996828764239
EL SALVADOR,SLV,1980,21.996940033699047,3.1353611650651914
EL SALVADOR,SLV,1981,21.957923081590238,3.1336631092408913
EL SALVADOR,SLV,1982,21.94680274012288,3.13317861264557
EL SALVADOR,SLV,1983,21.977840819894404,3.134530308906717
EL SALVADOR,SLV,1984,22.021188823972434,3.1364150450520434
EL SALVADOR,SLV,1985,22.058363898974555,3.1380285625829485
EL SALVADOR,SLV,1986,22.050781908229485,3.137699691133232
EL SALVADOR,SLV,1987,22.099016255560596,3.1397900302815556
EL SALVADOR,SLV,1988,22.155937930852197,3.1422512457351988
EL SALVADOR,SLV,1989,22.198535651244903,3.144089158199386
EL SALVADOR,SLV,1990,22.29552971877488,3.148261484601328
EL SALVADOR,SLV,1991,22.38193998547364,3.1519639288836014
EL SALVADOR,SLV,1992,22.483431314171817,3.1562951220243756
EL SALVADOR,SLV,1993,22.622424123084166,3.1621964356082795
EL SALVADOR,SLV,1994,22.7618051725558,3.168079466884387
EL SALVADOR,SLV,1995,22.91178004447104,3.174371226397637
EL SALVADOR,SLV,1996,22.983603732801257,3.1773704190757033
EL SALVADOR,SLV,1997,23.04777932560096,3.180042656554716
EL SALVADOR,SLV,1998,23.11538719089284,3.182850109410817
EL SALVADOR,SLV,1999,23.146669088281868,3.1841464446348615
EL SALVADOR,SLV,2000,23.19008723839842,3.1859429309981704
EL SALVADOR,SLV,2001,23.231444057602765,3.187651130972597
EL SALVADOR,SLV,2002,23.262044186259978,3.188913161559664
EL SALVADOR,SLV,2003,23.3068023170634,3.1907562419165525
EL SALVADOR,SLV,2004,23.342471046469313,3.192222604447013
EL SALVADOR,SLV,2005,23.41097726705309,3.1950329191238738
EL SALVADOR,SLV,2006,23.49584768416256,3.1985036209078577
EL SALVADOR,SLV,2007,23.557170118720766,3.2010038734611195
EL SALVADOR,SLV,2008,23.612908996145663,3.203271061242947
EL SALVADOR,SLV,2009,23.59125678020914,3.202390964324628
EL SALVADOR,SLV,2010,23.63821746395027,3.2042987928645883
EL SALVADOR,SLV,2011,23.73308738883338,3.208141917608078
EL SALVADOR,SLV,2012,23.78600935319063,3.210279355000419
EL SALVADOR,SLV,2013,23.813897296767543,3.21140387108923
EL SALVADOR,SLV,2014,23.840926763420914,3.2124925656857646
EL SALVADOR,SLV,2015,23.877634713511945,3.2139691955668606
EL SALVADOR,SLV,2016,23.90926427515802,3.2152397935170787
EL SALVADOR,SLV,2017,23.94130891517736,3.2165254214399797
EL SALVADOR,SLV,2018,23.982163976676304,3.218162129315159
EL SALVADOR,SLV,2019,24.014690762416336,3.2194632827776624
EL SALVADOR,SLV,2020,23.938984282534523,3.2164322129804663
EL SALVADOR,SLV,2021,24.092048147779497,3.2225509890824684
EL SALVADOR,SLV,2022,24.188655429787765,3.2263937117976997
EL SALVADOR,SLV,2023,24.250085667830003,3.22882954850096
EQUATORIAL GUINEA,GNQ,1962,16.026282010977912,2.8347581508732587
EQUATORIAL GUINEA,GNQ,1963,16.198762329616688,2.844837423649911
EQUATORIAL GUINEA,GNQ,1964,16.35809406926925,2.8540589145684265
EQUATORIAL GUINEA,GNQ,1965,17.986018518186903,2.9437028408192334
EQUATORIAL GUINEA,GNQ,1966,18.051209996067577,2.947130616409541
EQUATORIAL GUINEA,GNQ,1967,18.09657597105668,2.9495090504509967
EQUATORIAL GUINEA,GNQ,1968,18.027849773661767,2.945903683524247
EQUATORIAL GUINEA,GNQ,1969,18.02356638536159,2.9456785466567847
EQUATORIAL GUINEA,GNQ,1970,18.010174378604784,2.9449743294516795
EQUATORIAL GUINEA,GNQ,1971,17.989081414020163,2.943864151564715
EQUATORIAL GUINEA,GNQ,1972,17.996479173044847,2.9442536553131857
EQUATORIAL GUINEA,GNQ,1973,18.21246554466044,2.955559315481737
EQUATORIAL GUINEA,GNQ,1974,18.360504562837164,2.963235143638838
EQUATORIAL GUINEA,GNQ,1975,18.46274014909321,2.9685018761510795
EQUATORIAL GUINEA,GNQ,1976,18.456559821767414,2.9681842791037343
EQUATORIAL GUINEA,GNQ,1977,18.459781450634267,2.9683498459976856
EQUATORIAL GUINEA,GNQ,1980,17.74030922149952,2.9306767772877773
EQUATORIAL GUINEA,GNQ,1981,17.419143155017004,2.9133905126451527
EQUATORIAL GUINEA,GNQ,1982,17.606374409058844,2.923504232171895
EQUATORIAL GUINEA,GNQ,1983,17.609705808058028,2.9236832622572044
EQUATORIAL GUINEA,GNQ,1984,17.733931342023006,2.9303363898940806
EQUATORIAL GUINEA,GNQ,1985,17.944555535462207,2.941516583412152
EQUATORIAL GUINEA,GNQ,1986,18.151590054068684,2.952385743723784
EQUATORIAL GUINEA,GNQ,1987,18.351822072707265,2.962786579006843
EQUATORIAL GUINEA,GNQ,1988,18.426013070612523,2.96661304782108
EQUATORIAL GUINEA,GNQ,1989,18.295865255651364,2.9598908375006676
EQUATORIAL GUINEA,GNQ,1990,18.535075035317053,2.9722115695704048
EQUATORIAL GUINEA,GNQ,1991,18.52419381095912,2.971654404781568
EQUATORIAL GUINEA,GNQ,1992,18.718613972153136,2.9815630613165838
EQUATORIAL GUINEA,GNQ,1993,18.728517633478695,2.982065184595541
EQUATORIAL GUINEA,GNQ,1994,18.428718380833427,2.9667523003715015
EQUATORIAL GUINEA,GNQ,1995,18.77030441204988,2.984181034739748
EQUATORIAL GUINEA,GNQ,1996,19.264241728635515,3.0088578415976044
EQUATORIAL GUINEA,GNQ,1997,19.90758456136258,3.0401119908121816
EQUATORIAL GUINEA,GNQ,1998,19.730870310202068,3.031623908692426
EQUATORIAL GUINEA,GNQ,1999,20.247031453876307,3.056217189323817
EQUATORIAL GUINEA,GNQ,2000,20.768237765149024,3.080451924112814
EQUATORIAL GUINEA,GNQ,2001,21.102482120581236,3.0956899153655297
EQUATORIAL GUINEA,GNQ,2002,21.314791471112578,3.1052497532521155
EQUATORIAL GUINEA,GNQ,2003,21.63343625186912,3.1194282930969144
EQUATORIAL GUINEA,GNQ,2004,22.207313830812787,3.144467480319143
EQUATORIAL GUINEA,GNQ,2005,22.829515933062677,3.1709249775624384
EQUATORIAL GUINEA,GNQ,2006,23.03446657830905,3.179488907561431
EQUATORIAL GUINEA,GNQ,2007,23.293716860048136,3.1902177514825807
EQUATORIAL GUINEA,GNQ,2008,23.706413937712956,3.2070628835161976
EQUATORIAL GUINEA,GNQ,2009,23.43316733488856,3.1959415262677977
EQUATORIAL GUINEA,GNQ,2010,23.51531665278985,3.199298091715263
EQUATORIAL GUINEA,GNQ,2011,23.78466148323692,3.210224973248819
EQUATORIAL GUINEA,GNQ,2012,23.83180630965982,3.2121253439405804
EQUATORIAL GUINEA,GNQ,2013,23.81197986725712,3.211326595699012
EQUATORIAL GUINEA,GNQ,2014,23.80358982873297,3.2109883938540857
EQUATORIAL GUINEA,GNQ,2015,23.30238334136714,3.1905744254286366
EQUATORIAL GUINEA,GNQ,2016,23.142816640378705,3.183986888248903
EQUATORIAL GUINEA,GNQ,2017,23.224776693993487,3.187375939736139
EQUATORIAL GUINEA,GNQ,2018,23.295649959735634,3.190297320318935
EQUATORIAL GUINEA,GNQ,2019,23.15372805287104,3.184438738903946
EQUATORIAL GUINEA,GNQ,2020,23.015175753231713,3.178685953567281
EQUATORIAL GUINEA,GNQ,2021,23.226002420588653,3.1874265365115813
EQUATORIAL GUINEA,GNQ,2022,23.324976441690314,3.191503659590215
EQUATORIAL GUINEA,GNQ,2023,23.217868869455316,3.1870907437273477
ERITREA,ERI,1992,19.9832401323298,3.043724030144223
ERITREA,ERI,1993,19.963706839871524,3.0427926968634904
ERITREA,ERI,1994,20.09156799532587,3.0488733395376366
ERITREA,ERI,1995,20.175111459143242,3.052826504238231
ERITREA,ERI,1996,20.357313640917553,3.061394240308157
ERITREA,ERI,1997,20.34710234772964,3.060916009045833
ERITREA,ERI,1998,20.429596700273223,3.064772989909109
ERITREA,ERI,1999,20.350633588483525,3.0610814155098764
ERITREA,ERI,2000,20.37565089210897,3.062252465452016
ERITREA,ERI,2001,20.43874102675017,3.06519961371122
ERITREA,ERI,2002,20.407625454859826,3.0637471882238145
ERITREA,ERI,2003,20.584289093904243,3.0719656932741572
ERITREA,ERI,2004,20.826773241549798,3.083137346606187
ERITREA,ERI,2005,20.817142886365872,3.082696031701631
ERITREA,ERI,2006,20.91484596696425,3.0871643051882685
ERITREA,ERI,2007,20.999361918557874,3.0910134492357857
ERITREA,ERI,2008,21.045486138351876,3.0931078706580193
ERITREA,ERI,2009,21.342064159306272,3.1064711868349044
ERITREA,ERI,2010,21.186695056515454,3.0994927874345652
ERITREA,ERI,2011,21.448396850776174,3.1112192018734834
ESTONIA,EST,1993,22.11282777429252,3.140387778301922
ESTONIA,EST,1994,22.139849660432493,3.1415562247881805
ESTONIA,EST,1995,22.228003213457857,3.1453585858539412
ESTONIA,EST,1996,22.28896479386411,3.1479796343838724
ESTONIA,EST,1997,22.363120561917874,3.1511587347367906
ESTONIA,EST,1998,22.459174368312645,3.1552616494394816
ESTONIA,EST,1999,22.47366710294746,3.1558792440551557
ESTONIA,EST,2000,22.461374805500856,3.155355443618304
ESTONIA,EST,2001,22.556590950356338,3.159405651809437
ESTONIA,EST,2002,22.720408863327183,3.166335811052097
ESTONIA,EST,2003,23.013172203343302,3.1786025215953386
ESTONIA,EST,2004,23.220258472847778,3.187189409944459
ESTONIA,EST,2005,23.36992209289472,3.1933496707873075
ESTONIA,EST,2006,23.557823594827287,3.201030483506531
ESTONIA,EST,2007,23.834517674552895,3.2122345271729302
ESTONIA,EST,2008,23.915455887985324,3.215488329297667
ESTONIA,EST,2009,23.70047926008807,3.206822646688123
ESTONIA,EST,2010,23.694883543747544,3.2065960781988223
ESTONIA,EST,2011,23.86802112745424,3.213582685990703
ESTONIA,EST,2012,23.85959231823737,3.213243686842602
ESTONIA,EST,2013,23.946761110358352,3.2167439985547053
ESTONIA,EST,2014,24.005457584574476,3.2190941044264636
ESTONIA,EST,2015,23.853999263941237,3.2130186757684984
ESTONIA,EST,2016,23.904349625530156,3.2150424719714623
ESTONIA,EST,2017,24.01629822233035,3.2195275413480875
ESTONIA,EST,2018,24.1450733693199,3.2246619874689415
ESTONIA,EST,2019,24.16657888137254,3.2255168794234033
ESTONIA,EST,2020,24.167855342751096,3.225567598633761
ESTONIA,EST,2021,24.330522800042743,3.232010103360115
ESTONIA,EST,2022,24.358783566354,3.23312516179217
ESTONIA,EST,2023,24.430595259513005,3.235952986927
ESWATINI,SWZ,1960,17.373051811769972,2.9108850156287214
ESWATINI,SWZ,1961,17.577316136597524,2.921941273899045
ESWATINI,SWZ,1962,17.64258467536539,2.9254484624861328
ESWATINI,SWZ,1963,17.806888742739737,2.934223225205735
ESWATINI,SWZ,1964,17.989598613988804,2.9438913878966932
ESWATINI,SWZ,1965,18.067997421283252,2.9480114021046453
ESWATINI,SWZ,1966,18.15749574310105,2.95269406165705
ESWATINI,SWZ,1967,18.129793140551715,2.951246970040415
ESWATINI,SWZ,1968,18.195033662420116,2.9546515821589656
ESWATINI,SWZ,1969,18.473462529391416,2.9690526427811896
ESWATINI,SWZ,1970,18.53525824865988,2.9722209482128386
ESWATINI,SWZ,1971,18.7315573372137,2.9822192493682653
ESWATINI,SWZ,1972,18.804148877743643,2.985891455030183
ESWATINI,SWZ,1973,19.217805558408198,3.0065636794340715
ESWATINI,SWZ,1974,19.392674608214136,3.0151757485300563
ESWATINI,SWZ,1975,19.47951142902541,3.0194249438821297
ESWATINI,SWZ,1976,19.423332891474594,3.016678016434457
ESWATINI,SWZ,1977,19.532735858316997,3.022020483638778
ESWATINI,SWZ,1978,19.646307652173164,3.0275364972291476
ESWATINI,SWZ,1979,19.836759934585643,3.0367187314095214
ESWATINI,SWZ,1980,20.11073385106953,3.0497816244520966
ESWATINI,SWZ,1981,20.162505337532256,3.052230999675749
ESWATINI,SWZ,1982,20.10256593211461,3.049394641245439
ESWATINI,SWZ,1983,20.135084156418085,3.0509344158616933
ESWATINI,SWZ,1984,20.01902415715674,3.045427939878136
ESWATINI,SWZ,1985,19.701835174489194,3.0302223521140577
ESWATINI,SWZ,1986,19.922845909991466,3.040841667706923
ESWATINI,SWZ,1987,20.185627428889077,3.053323000297455
ESWATINI,SWZ,1988,20.35513474224121,3.0612922139078584
ESWATINI,SWZ,1989,20.362183397651847,3.0616222278591803
ESWATINI,SWZ,1990,20.83184580121644,3.083369720410063
ESWATINI,SWZ,1991,20.868349003372852,3.0850403404523576
ESWATINI,SWZ,1992,20.973837711026793,3.089852550751589
ESWATINI,SWZ,1993,21.028681892409935,3.0923453266324814
ESWATINI,SWZ,1994,21.073425581081416,3.0943744225912195
ESWATINI,SWZ,1995,21.253299478316833,3.102490288778509
ESWATINI,SWZ,1996,21.194981645641946,3.0998662113265194
ESWATINI,SWZ,1997,21.263677876237576,3.102956555750146
ESWATINI,SWZ,1998,21.17873234766212,3.0991338273431275
ESWATINI,SWZ,1999,21.16015757850168,3.098295972797017
ESWATINI,SWZ,2000,21.276054855638165,3.1035123282687502
ESWATINI,SWZ,2001,21.1566556030321,3.0981379300486576
ESWATINI,SWZ,2002,21.08249273925408,3.094785110836194
ESWATINI,SWZ,2003,21.510630994826666,3.113987686281719
ESWATINI,SWZ,2004,21.742143045328646,3.1242197251013426
ESWATINI,SWZ,2005,21.879553303641167,3.1302436428787557
ESWATINI,SWZ,2006,21.914557581178936,3.131772410822008
ESWATINI,SWZ,2007,21.967242095549185,3.1340689439962333
ESWATINI,SWZ,2008,21.915394064655572,3.131808914612507
ESWATINI,SWZ,2009,21.998748198036477,3.1354397882756646
ESWATINI,SWZ,2010,22.213642040906382,3.1447401248614173
ESWATINI,SWZ,2011,22.296139071319327,3.1482876417474577
ESWATINI,SWZ,2012,22.30975267364054,3.1488718426799447
ESWATINI,SWZ,2013,22.24879003837143,3.146253089318798
ESWATINI,SWZ,2014,22.210080931995016,3.1445867072253337
ESWATINI,SWZ,2015,22.125247917615752,3.140925004102784
ESWATINI,SWZ,2016,22.06247362017536,3.138206777959457
ESWATINI,SWZ,2017,22.205544974352346,3.1443912576297057
ESWATINI,SWZ,2018,22.263696168681975,3.146894041116322
ESWATINI,SWZ,2019,22.226290961559506,3.1452848681522934
ESWATINI,SWZ,2020,22.10510948176401,3.1400537827556696
ESWATINI,SWZ,2021,22.30241824660057,3.148557142593864
ESWATINI,SWZ,2022,22.289988878814516,3.148023606387098
ESWATINI,SWZ,2023,22.248855911130587,3.1462559226991904
ETHIOPIA,ETH,1960,21.19981778767497,3.1000840810821613
ETHIOPIA,ETH,1961,21.242571115078377,3.1020080703927
ETHIOPIA,ETH,1962,21.281489975350283,3.1037562878387708
ETHIOPIA,ETH,1963,21.324878057963033,3.10570166461833
ETHIOPIA,ETH,1964,21.408445957331192,3.109437939461449
ETHIOPIA,ETH,1965,21.49337340641603,3.1132207505618363
ETHIOPIA,ETH,1966,21.566756351201597,3.1164778654461336
ETHIOPIA,ETH,1967,21.62414319178163,3.1190176188924017
ETHIOPIA,ETH,1968,21.68642063730188,3.121766535677989
ETHIOPIA,ETH,1969,21.741747520593147,3.1242023332410342
ETHIOPIA,ETH,1970,21.836883136841283,3.128376910363571
ETHIOPIA,ETH,1971,21.893975765387328,3.1308738089383437
ETHIOPIA,ETH,1972,21.981798681452535,3.134702540961226
ETHIOPIA,ETH,1973,22.12704901082491,3.14100288534673
ETHIOPIA,ETH,1974,22.244355471791792,3.146062327151841
ETHIOPIA,ETH,1975,22.244320053946065,3.1460608034325555
ETHIOPIA,ETH,1976,22.321401335754977,3.149371451261555
ETHIOPIA,ETH,1977,22.45524709624867,3.155094226632142
ETHIOPIA,ETH,1978,22.517515774848363,3.1577454956343773
ETHIOPIA,ETH,1979,22.608219369511318,3.161594929765855
ETHIOPIA,ETH,1980,22.670972293692035,3.164249499728812
ETHIOPIA,ETH,1981,22.73919014465465,3.167127275063612
ETHIOPIA,ETH,1982,22.790127183845893,3.16927067040591
ETHIOPIA,ETH,1983,22.895931796885836,3.173708226745266
ETHIOPIA,ETH,1984,22.83931766600752,3.171336220395247
ETHIOPIA,ETH,1985,22.99718317732973,3.177936455848567
ETHIOPIA,ETH,1986,23.035239607834622,3.1795210704177066
ETHIOPIA,ETH,1987,23.10188576059709,3.182290084763127
ETHIOPIA,ETH,1988,23.137492453293902,3.1837663350997483
ETHIOPIA,ETH,1989,23.188219068685022,3.1858656992859866
ETHIOPIA,ETH,1990,23.247308572503336,3.188305624523119
ETHIOPIA,ETH,1991,23.347919887240902,3.192446420304304
ETHIOPIA,ETH,1992,23.098617913910353,3.1821544908816266
ETHIOPIA,ETH,1993,22.92614593277141,3.1749718330685472
ETHIOPIA,ETH,1994,22.68347424185259,3.1647775155484728
ETHIOPIA,ETH,1995,22.78444223268374,3.169031679228105
ETHIOPIA,ETH,1996,22.89360049351097,3.173610661305096
ETHIOPIA,ETH,1997,22.898419748942544,3.1738123374603813
ETHIOPIA,ETH,1998,22.804365270026647,3.16986897856601
ETHIOPIA,ETH,1999,22.789238774290702,3.169233326085009
ETHIOPIA,ETH,2000,22.83255128801989,3.1710523474034167
ETHIOPIA,ETH,2001,22.831212958520275,3.170996190298701
ETHIOPIA,ETH,2002,22.783882484209883,3.169008144723696
ETHIOPIA,ETH,2003,22.877779055022565,3.1729482798031845
ETHIOPIA,ETH,2004,23.038884350850882,3.1796727005556313
ETHIOPIA,ETH,2005,23.241054196785143,3.1880476502218364
ETHIOPIA,ETH,2006,23.449867021882323,3.196624777128272
ETHIOPIA,ETH,2007,23.70427103617824,3.2069761451300693
ETHIOPIA,ETH,2008,24.021577882912876,3.2197385679148836
ETHIOPIA,ETH,2009,24.20257757947864,3.22694627418658
ETHIOPIA,ETH,2010,24.12225379076418,3.2237540585452242
ETHIOPIA,ETH,2011,24.1875244956998,3.226348812240416
ETHIOPIA,ETH,2012,24.491666049020665,3.238351577139527
ETHIOPIA,ETH,2013,24.587112298606872,3.2420887988885165
ETHIOPIA,ETH,2014,24.74166894627891,3.248111038693822
ETHIOPIA,ETH,2015,24.891315041373904,3.25390758588308
ETHIOPIA,ETH,2016,25.031332981625443,3.25930092713156
ETHIOPIA,ETH,2017,25.127187110427815,3.2629764239264527
ETHIOPIA,ETH,2018,25.157282233350454,3.264127631029597
ETHIOPIA,ETH,2019,25.286703277580575,3.2690632325364466
ETHIOPIA,ETH,2020,25.40222290576013,3.2734482075833298
ETHIOPIA,ETH,2021,25.435152565398095,3.2746946610117127
ETHIOPIA,ETH,2022,25.565661580125365,3.279619463794773
ETHIOPIA,ETH,2023,25.82128866146317,3.2891959252250844
EURO AREA,EMU,1960,26.250899408619468,3.305086526385471
EURO AREA,EMU,1961,26.358059766937036,3.3090111752886338
EURO AREA,EMU,1962,26.458814526994363,3.312687228504598
EURO AREA,EMU,1963,26.554759426426507,3.316175276628478
EURO AREA,EMU,1964,26.657336372664144,3.3198910227081857
EURO AREA,EMU,1965,26.746355804467523,3.3231045092073765
EURO AREA,EMU,1966,26.82514586981962,3.3259401395492914
EURO AREA,EMU,1967,26.886034043136778,3.328125991568784
EURO AREA,EMU,1968,26.958548304803408,3.330722995588635
EURO AREA,EMU,1969,27.069396178860444,3.3346798788798786
EURO AREA,EMU,1970,27.193751808009193,3.3391003863025808
EURO AREA,EMU,1971,27.31898367685719,3.343532381064936
EURO AREA,EMU,1972,27.507971166788693,3.350183738231392
EURO AREA,EMU,1973,27.768944753993516,3.3592964981974682
EURO AREA,EMU,1974,27.894753690018575,3.3636600454218875
EURO AREA,EMU,1975,28.042752992241166,3.368768985471663
EURO AREA,EMU,1976,28.085435617771097,3.3702375546537313
EURO AREA,EMU,1977,28.21424148932505,3.374656312613563
EURO AREA,EMU,1978,28.416814597886702,3.381566435955996
EURO AREA,EMU,1979,28.60856455360146,3.3880636625054703
EURO AREA,EMU,1980,28.721882159269803,3.391883547564027
EURO AREA,EMU,1981,28.581563181332694,3.387151301773198
EURO AREA,EMU,1982,28.549240657522812,3.386058046652997
EURO AREA,EMU,1983,28.524510320468803,3.385220776695044
EURO AREA,EMU,1984,28.482855446796783,3.383808923105252
EURO AREA,EMU,1985,28.509834140994908,3.3847235685051293
EURO AREA,EMU,1986,28.848762193043342,3.3961433714090705
EURO AREA,EMU,1987,29.061334704427942,3.4032397846840263
EURO AREA,EMU,1988,29.156458404156005,3.4063991093267707
EURO AREA,EMU,1989,29.17769109929323,3.4071029460821904
EURO AREA,EMU,1990,29.407630075726683,3.4146935662527373
EURO AREA,EMU,1991,29.44425970379343,3.4158974609098665
EURO AREA,EMU,1992,29.5408090505299,3.4190637909435186
EURO AREA,EMU,1993,29.452489801223614,3.4161677576842324
EURO AREA,EMU,1994,29.50723891693664,3.417963996991225
EURO AREA,EMU,1995,29.651043041070693,3.4226666925069638
EURO AREA,EMU,1996,29.6629442241116,3.4230548970169363
EURO AREA,EMU,1997,29.573558912446142,3.420135547590694
EURO AREA,EMU,1998,29.6016451415378,3.4210537703085206
EURO AREA,EMU,1999,29.59672682423709,3.4208930367088084
EURO AREA,EMU,2000,29.50553188889457,3.4179080405735776
EURO AREA,EMU,2001,29.521023219215756,3.41841573204089
EURO AREA,EMU,2002,29.6088024536195,3.4212876294745787
EURO AREA,EMU,2003,29.81679661759736,3.42805988606032
EURO AREA,EMU,2004,29.953627961991035,3.432490212357507
EURO AREA,EMU,2005,29.988904673427136,3.433629226658314
EURO AREA,EMU,2006,30.049934552955058,3.435596700581938
EURO AREA,EMU,2007,30.191223225137648,3.4401367483546186
EURO AREA,EMU,2008,30.286147512031572,3.4431754280818474
EURO AREA,EMU,2009,30.19602455188706,3.440290668488299
EURO AREA,EMU,2010,30.172668943851832,3.4395417155178936
EURO AREA,EMU,2011,30.248477648696227,3.441970659754064
EURO AREA,EMU,2012,30.17228278554451,3.439529327720755
EURO AREA,EMU,2013,30.21544532864492,3.440913014907054
EURO AREA,EMU,2014,30.23888777630564,3.4416637217866635
EURO AREA,EMU,2015,30.09292403236861,3.436980270222923
EURO AREA,EMU,2016,30.11808414653865,3.437789134000518
EURO AREA,EMU,2017,30.175524491677624,3.439633315536128
EURO AREA,EMU,2018,30.252868132608633,3.4421111522143377
EURO AREA,EMU,2019,30.232313241696538,3.4414532396916746
EURO AREA,EMU,2020,30.207835507910357,3.4406692013595994
EURO AREA,EMU,2021,30.3225777177705,3.444339170346736
EURO AREA,EMU,2022,30.28597618980014,3.443169952089623
EURO AREA,EMU,2023,30.3747510684281,3.4460034633464685
EUROPE & CENTRAL ASIA,ECS,1960,26.778744997045198,3.324271159813456
EUROPE & CENTRAL ASIA,ECS,1961,26.874465449816075,3.327711052908195
EUROPE & CENTRAL ASIA,ECS,1962,26.963970392672433,3.330916909883352
EUROPE & CENTRAL ASIA,ECS,1963,27.05347914099877,3.3341126578243743
EUROPE & CENTRAL ASIA,ECS,1964,27.153535086256255,3.3376729270299688
EUROPE & CENTRAL ASIA,ECS,1965,27.240140563276448,3.340744390065786
EUROPE & CENTRAL ASIA,ECS,1966,27.318570366201754,3.34351778613186
EUROPE & CENTRAL ASIA,ECS,1967,27.379237363193766,3.3456577990379808
EUROPE & CENTRAL ASIA,ECS,1968,27.4313310653039,3.3474917436068155
EUROPE & CENTRAL ASIA,ECS,1969,27.53484119776223,3.351125838799267
EUROPE & CENTRAL ASIA,ECS,1970,27.651625190965802,3.355210167240068
EUROPE & CENTRAL ASIA,ECS,1971,27.772528607688372,3.359421064131919
EUROPE & CENTRAL ASIA,ECS,1972,27.954216363338066,3.365715836361874
EUROPE & CENTRAL ASIA,ECS,1973,28.195006694259156,3.373997691030188
EUROPE & CENTRAL ASIA,ECS,1974,28.317373295501188,3.378180285539401
EUROPE & CENTRAL ASIA,ECS,1975,28.47290071423037,3.3834712212993816
EUROPE & CENTRAL ASIA,ECS,1976,28.51188534393324,3.3847930752208626
EUROPE & CENTRAL ASIA,ECS,1977,28.634980671267893,3.388955443013096
EUROPE & CENTRAL ASIA,ECS,1978,28.838722203284366,3.3958069528129373
EUROPE & CENTRAL ASIA,ECS,1979,29.036878103326636,3.4024258968391554
EUROPE & CENTRAL ASIA,ECS,1980,29.15960108758797,3.4065033165134233
EUROPE & CENTRAL ASIA,ECS,1981,29.043994133483256,3.4026627785595758
EUROPE & CENTRAL ASIA,ECS,1982,29.007271645548645,3.40143974047584
EUROPE & CENTRAL ASIA,ECS,1983,28.976578949973614,3.400416375088358
EUROPE & CENTRAL ASIA,ECS,1984,28.93693091818583,3.3990928659945805
EUROPE & CENTRAL ASIA,ECS,1985,28.97107386603856,3.4002327120526283
EUROPE & CENTRAL ASIA,ECS,1986,29.281164530983084,3.410525886580822
EUROPE & CENTRAL ASIA,ECS,1987,29.49221328942813,3.417471349032303
EUROPE & CENTRAL ASIA,ECS,1988,29.599476653768416,3.4209829059940544
EUROPE & CENTRAL ASIA,ECS,1989,29.612679648523116,3.4214142907305845
EUROPE & CENTRAL ASIA,ECS,1990,29.813579664993455,3.4279554910265437
EUROPE & CENTRAL ASIA,ECS,1991,29.843451597562904,3.428924461938539
EUROPE & CENTRAL ASIA,ECS,1992,29.912263130985995,3.431152970254036
EUROPE & CENTRAL ASIA,ECS,1993,29.828356777527702,3.4284349410136836
EUROPE & CENTRAL ASIA,ECS,1994,29.87300175685617,3.429882072427973
EUROPE & CENTRAL ASIA,ECS,1995,30.016928617884446,3.4345331398831798
EUROPE & CENTRAL ASIA,ECS,1996,30.037406483276555,3.4351931378060345
EUROPE & CENTRAL ASIA,ECS,1997,29.984474535085567,3.433486257583344
EUROPE & CENTRAL ASIA,ECS,1998,30.01005547422231,3.4343115220247307
EUROPE & CENTRAL ASIA,ECS,1999,29.999038801746067,3.4339561976091497
EUROPE & CENTRAL ASIA,ECS,2000,29.940177080302487,3.4320555684738063
EUROPE & CENTRAL ASIA,ECS,2001,29.950295446445818,3.43238254501221
EUROPE & CENTRAL ASIA,ECS,2002,30.041054370749098,3.4353106628679178
EUROPE & CENTRAL ASIA,ECS,2003,30.23627039921697,3.441579932416084
EUROPE & CENTRAL ASIA,ECS,2004,30.38947953688423,3.446472790177513
EUROPE & CENTRAL ASIA,ECS,2005,30.45126267688447,3.44843913104908
EUROPE & CENTRAL ASIA,ECS,2006,30.530668485186624,3.450960674892214
EUROPE & CENTRAL ASIA,ECS,2007,30.68632814576371,3.45588529907431
EUROPE & CENTRAL ASIA,ECS,2008,30.78218930624938,3.4589060481709617
EUROPE & CENTRAL ASIA,ECS,2009,30.65364406620488,3.4548532783354835
EUROPE & CENTRAL ASIA,ECS,2010,30.676329583361607,3.4555697011229793
EUROPE & CENTRAL ASIA,ECS,2011,30.77973080954922,3.4588286906368624
EUROPE & CENTRAL ASIA,ECS,2012,30.74247676064943,3.45765574484055
EUROPE & CENTRAL ASIA,ECS,2013,30.78610439856875,3.4590292256890653
EUROPE & CENTRAL ASIA,ECS,2014,30.800049897084342,3.4594678588756027
EUROPE & CENTRAL ASIA,ECS,2015,30.65054121732791,3.4547552485175324
EUROPE & CENTRAL ASIA,ECS,2016,30.646977771307153,3.454642654972589
EUROPE & CENTRAL ASIA,ECS,2017,30.70615785527588,3.4565109161279977
EUROPE & CENTRAL ASIA,ECS,2018,30.774687747910193,3.4586699900535174
EUROPE & CENTRAL ASIA,ECS,2019,30.76251705711719,3.4582868856667504
EUROPE & CENTRAL ASIA,ECS,2020,30.729154250125166,3.4572359506582435
EUROPE & CENTRAL ASIA,ECS,2021,30.863065628502092,3.4614475217142098
EUROPE & CENTRAL ASIA,ECS,2022,30.865347671131417,3.46151913945933
EUROPE & CENTRAL ASIA,ECS,2023,30.935730681950208,3.4637254670383286
EUROPE & CENTRAL ASIA (IDA & IBRD COUNTRIES),TEC,1988,27.616661342568918,3.353989112626514
EUROPE & CENTRAL ASIA (IDA & IBRD COUNTRIES),TEC,1989,27.587494214261476,3.3529693569618733
EUROPE & CENTRAL ASIA (IDA & IBRD COUNTRIES),TEC,1990,27.64757978915754,3.3550689645194933
EUROPE & CENTRAL ASIA (IDA & IBRD COUNTRIES),TEC,1991,27.629595687580544,3.354440997025695
EUROPE & CENTRAL ASIA (IDA & IBRD COUNTRIES),TEC,1992,27.55338703990113,3.3517755644384692
EUROPE & CENTRAL ASIA (IDA & IBRD COUNTRIES),TEC,1993,27.550017980684444,3.351657565898124
EUROPE & CENTRAL ASIA (IDA & IBRD COUNTRIES),TEC,1994,27.44992649687191,3.3481455769792627
EUROPE & CENTRAL ASIA (IDA & IBRD COUNTRIES),TEC,1995,27.55178047175418,3.35171929744137
EUROPE & CENTRAL ASIA (IDA & IBRD COUNTRIES),TEC,1996,27.58018281161931,3.3527135689689933
EUROPE & CENTRAL ASIA (IDA & IBRD COUNTRIES),TEC,1997,27.611126035533136,3.35379566439772
EUROPE & CENTRAL ASIA (IDA & IBRD COUNTRIES),TEC,1998,27.577239576963976,3.352610582006498
EUROPE & CENTRAL ASIA (IDA & IBRD COUNTRIES),TEC,1999,27.434520252338984,3.3476039088857843
EUROPE & CENTRAL ASIA (IDA & IBRD COUNTRIES),TEC,2000,27.519580216122044,3.3505908765079684
EUROPE & CENTRAL ASIA (IDA & IBRD COUNTRIES),TEC,2001,27.53620501713914,3.3511736325394423
EUROPE & CENTRAL ASIA (IDA & IBRD COUNTRIES),TEC,2002,27.653467863476056,3.355274478190899
EUROPE & CENTRAL ASIA (IDA & IBRD COUNTRIES),TEC,2003,27.860701329303055,3.3624808541351103
EUROPE & CENTRAL ASIA (IDA & IBRD COUNTRIES),TEC,2004,28.118381717397227,3.371369648892676
EUROPE & CENTRAL ASIA (IDA & IBRD COUNTRIES),TEC,2005,28.34362381757612,3.37907527625279
EUROPE & CENTRAL ASIA (IDA & IBRD COUNTRIES),TEC,2006,28.53376603447051,3.3855342201156366
EUROPE & CENTRAL ASIA (IDA & IBRD COUNTRIES),TEC,2007,28.785510933614813,3.3940220649914306
EUROPE & CENTRAL ASIA (IDA & IBRD COUNTRIES),TEC,2008,28.998855188292136,3.401159220543767
EUROPE & CENTRAL ASIA (IDA & IBRD COUNTRIES),TEC,2009,28.76684506401325,3.393395192388319
EUROPE & CENTRAL ASIA (IDA & IBRD COUNTRIES),TEC,2010,28.927901967327703,3.3987912214232554
EUROPE & CENTRAL ASIA (IDA & IBRD COUNTRIES),TEC,2011,29.12397448375447,3.405321349198329
EUROPE & CENTRAL ASIA (IDA & IBRD COUNTRIES),TEC,2012,29.167213525010364,3.4067556897743585
EUROPE & CENTRAL ASIA (IDA & IBRD COUNTRIES),TEC,2013,29.223465143756286,3.408618614194295
EUROPE & CENTRAL ASIA (IDA & IBRD COUNTRIES),TEC,2014,29.166682720114476,3.40673809419612
EUROPE & CENTRAL ASIA (IDA & IBRD COUNTRIES),TEC,2015,28.919688167790525,3.3985167308524504
EUROPE & CENTRAL ASIA (IDA & IBRD COUNTRIES),TEC,2016,28.879832917468647,3.3971837684641315
EUROPE & CENTRAL ASIA (IDA & IBRD COUNTRIES),TEC,2017,28.994488982514312,3.4010136642042803
EUROPE & CENTRAL ASIA (IDA & IBRD COUNTRIES),TEC,2018,29.036538814106407,3.402414601020218
EUROPE & CENTRAL ASIA (IDA & IBRD COUNTRIES),TEC,2019,29.056466394752118,3.4030778256769616
EUROPE & CENTRAL ASIA (IDA & IBRD COUNTRIES),TEC,2020,28.99220237211099,3.4009374269472223
EUROPE & CENTRAL ASIA (IDA & IBRD COUNTRIES),TEC,2021,29.162201900370192,3.4065895477815555
EUROPE & CENTRAL ASIA (IDA & IBRD COUNTRIES),TEC,2022,29.283531077344307,3.4106040359494814
EUROPE & CENTRAL ASIA (IDA & IBRD COUNTRIES),TEC,2023,29.32961871396941,3.4121247503708743
EUROPE & CENTRAL ASIA (EXCLUDING HIGH INCOME),ECA,1987,26.168794612140562,3.302069057792377
EUROPE & CENTRAL ASIA (EXCLUDING HIGH INCOME),ECA,1988,26.267794870555694,3.3057063307553474
EUROPE & CENTRAL ASIA (EXCLUDING HIGH INCOME),ECA,1989,26.390030276939854,3.310179088675612
EUROPE & CENTRAL ASIA (EXCLUDING HIGH INCOME),ECA,1990,26.572420389998257,3.3168160118968077
EUROPE & CENTRAL ASIA (EXCLUDING HIGH INCOME),ECA,1991,26.533584274103447,3.3154065058888436
EUROPE & CENTRAL ASIA (EXCLUDING HIGH INCOME),ECA,1992,26.501623943940086,3.314245055435907
EUROPE & CENTRAL ASIA (EXCLUDING HIGH INCOME),ECA,1993,26.559631865914483,3.316352088505972
EUROPE & CENTRAL ASIA (EXCLUDING HIGH INCOME),ECA,1994,26.33405898927752,3.3081335066319433
EUROPE & CENTRAL ASIA (EXCLUDING HIGH INCOME),ECA,1995,26.448474246868347,3.3123105834187023
EUROPE & CENTRAL ASIA (EXCLUDING HIGH INCOME),ECA,1996,26.506757874731594,3.3144317153825074
EUROPE & CENTRAL ASIA (EXCLUDING HIGH INCOME),ECA,1997,26.56610106137138,3.316586795425702
EUROPE & CENTRAL ASIA (EXCLUDING HIGH INCOME),ECA,1998,26.76279139255209,3.323696685070087
EUROPE & CENTRAL ASIA (EXCLUDING HIGH INCOME),ECA,1999,26.670383392898124,3.320362649608087
EUROPE & CENTRAL ASIA (EXCLUDING HIGH INCOME),ECA,2000,26.6900652963803,3.3210736953014446
EUROPE & CENTRAL ASIA (EXCLUDING HIGH INCOME),ECA,2001,26.535703871485378,3.31548348518
EUROPE & CENTRAL ASIA (EXCLUDING HIGH INCOME),ECA,2002,26.68691857167838,3.3209600479163575
EUROPE & CENTRAL ASIA (EXCLUDING HIGH INCOME),ECA,2003,26.92983393753757,3.329695434273014
EUROPE & CENTRAL ASIA (EXCLUDING HIGH INCOME),ECA,2004,27.183371665021127,3.338732146759096
EUROPE & CENTRAL ASIA (EXCLUDING HIGH INCOME),ECA,2005,27.402924304437843,3.346492108332393
EUROPE & CENTRAL ASIA (EXCLUDING HIGH INCOME),ECA,2006,27.55412280073183,3.3518013320067905
EUROPE & CENTRAL ASIA (EXCLUDING HIGH INCOME),ECA,2007,27.784155294207512,3.359825072350916
EUROPE & CENTRAL ASIA (EXCLUDING HIGH INCOME),ECA,2008,27.963961535886806,3.3660523515284133
EUROPE & CENTRAL ASIA (EXCLUDING HIGH INCOME),ECA,2009,27.78214539674331,3.3597552433905387
EUROPE & CENTRAL ASIA (EXCLUDING HIGH INCOME),ECA,2010,27.9513853071317,3.3656180545885412
EUROPE & CENTRAL ASIA (EXCLUDING HIGH INCOME),ECA,2011,28.080055855532276,3.370052573417679
EUROPE & CENTRAL ASIA (EXCLUDING HIGH INCOME),ECA,2012,28.133314480618587,3.3718823468748154
EUROPE & CENTRAL ASIA (EXCLUDING HIGH INCOME),ECA,2013,28.220076919120245,3.3748560387325126
EUROPE & CENTRAL ASIA (EXCLUDING HIGH INCOME),ECA,2014,28.17897731121039,3.3734484948865715
EUROPE & CENTRAL ASIA (EXCLUDING HIGH INCOME),ECA,2015,28.041571237776235,3.3687282944769494
EUROPE & CENTRAL ASIA (EXCLUDING HIGH INCOME),ECA,2016,28.00078671697131,3.3673229577899364
EUROPE & CENTRAL ASIA (EXCLUDING HIGH INCOME),ECA,2017,28.026508788395944,3.3682095086065944
EUROPE & CENTRAL ASIA (EXCLUDING HIGH INCOME),ECA,2018,28.009444744991214,3.36762145782574
EUROPE & CENTRAL ASIA (EXCLUDING HIGH INCOME),ECA,2019,28.02897153921636,3.3682943498931706
EUROPE & CENTRAL ASIA (EXCLUDING HIGH INCOME),ECA,2020,27.987525101515406,3.366865568524023
EUROPE & CENTRAL ASIA (EXCLUDING HIGH INCOME),ECA,2021,28.137501817664823,3.372026066744193
EUROPE & CENTRAL ASIA (EXCLUDING HIGH INCOME),ECA,2022,28.220494265989885,3.374870321511109
EUROPE & CENTRAL ASIA (EXCLUDING HIGH INCOME),ECA,2023,28.372172301150865,3.3800477057423497
EUROPEAN UNION,EUU,1960,26.376011310986392,3.309667130321377
EUROPEAN UNION,EUU,1961,26.48175872708598,3.313522465564079
EUROPEAN UNION,EUU,1962,26.581832545809387,3.317157314893458
EUROPEAN UNION,EUU,1963,26.6760457415687,3.320567264387356
EUROPEAN UNION,EUU,1964,26.779716650866494,3.324306137521354
EUROPEAN UNION,EUU,1965,26.86977175030944,3.327542651661592
EUROPEAN UNION,EUU,1966,26.949217082809,3.3303891878602676
EUROPEAN UNION,EUU,1967,27.012052889379078,3.3326348778887
EUROPEAN UNION,EUU,1968,27.082837048121288,3.3351586085312253
EUROPEAN UNION,EUU,1969,27.19258224170368,3.339058902268359
EUROPEAN UNION,EUU,1970,27.315255308145737,3.3434007162351915
EUROPEAN UNION,EUU,1971,27.437786345289265,3.3477187659453715
EUROPEAN UNION,EUU,1972,27.62540673534769,3.3542946708685712
EUROPEAN UNION,EUU,1973,27.883127116465705,3.3632575878188216
EUROPEAN UNION,EUU,1974,28.00722354469873,3.3675448867175035
EUROPEAN UNION,EUU,1975,28.159548262579495,3.3727824153393726
EUROPEAN UNION,EUU,1976,28.20606195247,3.3743762888400934
EUROPEAN UNION,EUU,1977,28.330538709800358,3.378629250014696
EUROPEAN UNION,EUU,1978,28.527739815714764,3.3853301542460006
EUROPEAN UNION,EUU,1979,28.717074523794032,3.3917217804081234
EUROPEAN UNION,EUU,1980,28.829441478195005,3.3954958748580752
EUROPEAN UNION,EUU,1981,28.693609208444006,3.390931844487642
EUROPEAN UNION,EUU,1982,28.657805390457476,3.3897253417422015
EUROPEAN UNION,EUU,1983,28.629716313360483,3.388777787235235
EUROPEAN UNION,EUU,1984,28.592567261018377,3.3875232237509363
EUROPEAN UNION,EUU,1985,28.620564440182577,3.3884688647074666
EUROPEAN UNION,EUU,1986,28.954329159831424,3.3996738603537686
EUROPEAN UNION,EUU,1987,29.166229594003816,3.4067230733362512
EUROPEAN UNION,EUU,1988,29.259537336560136,3.4098114186385686
EUROPEAN UNION,EUU,1989,29.280767433947098,3.410512772830216
EUROPEAN UNION,EUU,1990,29.504340737008594,3.4178689927331263
EUROPEAN UNION,EUU,1991,29.538135872232157,3.4189762590353356
EUROPEAN UNION,EUU,1992,29.631444660685755,3.422027084625885
EUROPEAN UNION,EUU,1993,29.54074477355578,3.4190616863155223
EUROPEAN UNION,EUU,1994,29.598902873876312,3.420964154520681
EUROPEAN UNION,EUU,1995,29.746805586127277,3.4257861054783003
EUROPEAN UNION,EUU,1996,29.76300661772881,3.426312884260277
EUROPEAN UNION,EUU,1997,29.676627101542863,3.423501032435313
EUROPEAN UNION,EUU,1998,29.706690643491463,3.4244805671185725
EUROPEAN UNION,EUU,1999,29.701149999179943,3.424300113148247
EUROPEAN UNION,EUU,2000,29.61565607044079,3.4215115144060304
EUROPEAN UNION,EUU,2001,29.631637496941394,3.4220333799753466
EUROPEAN UNION,EUU,2002,29.720848504770252,3.42494152849602
EUROPEAN UNION,EUU,2003,29.9267965476903,3.4316230102917538
EUROPEAN UNION,EUU,2004,30.066291018023932,3.436123341255822
EUROPEAN UNION,EUU,2005,30.108405297252215,3.437478049462374
EUROPEAN UNION,EUU,2006,30.173617548317026,3.439572145701266
EUROPEAN UNION,EUU,2007,30.320739030065493,3.444280466951035
EUROPEAN UNION,EUU,2008,30.421903429790323,3.4475052111895876
EUROPEAN UNION,EUU,2009,30.323134502520148,3.444356946016608
EUROPEAN UNION,EUU,2010,30.309032786848032,3.4439066433519963
EUROPEAN UNION,EUU,2011,30.388823473357714,3.446451889213483
EUROPEAN UNION,EUU,2012,30.314890287905907,3.444093712471507
EUROPEAN UNION,EUU,2013,30.35853754378399,3.445486559949124
EUROPEAN UNION,EUU,2014,30.3815797444621,3.44622108843616
EUROPEAN UNION,EUU,2015,30.237695242573977,3.44162554640401
EUROPEAN UNION,EUU,2016,30.2621062853694,3.4424067022937876
EUROPEAN UNION,EUU,2017,30.323340241708557,3.4443635142772884
EUROPEAN UNION,EUU,2018,30.402449532136625,3.4468859004491406
EUROPEAN UNION,EUU,2019,30.384302795345725,3.4463078569408045
EUROPEAN UNION,EUU,2020,30.36418131139929,3.4456665192281073
EUROPEAN UNION,EUU,2021,30.4826016353157,3.4494350642041187
EUROPEAN UNION,EUU,2022,30.450105502387608,3.448402337747742
EUROPEAN UNION,EUU,2023,30.54061736294002,3.4512761553109854
FAROE ISLANDS,FRO,1965,17.875169164769364,2.9378472574668133
FAROE ISLANDS,FRO,1966,17.98057964170721,2.943416332320685
FAROE ISLANDS,FRO,1967,18.00857468685706,2.9448901766698024
FAROE ISLANDS,FRO,1968,17.99276550700661,2.9440581438687574
FAROE ISLANDS,FRO,1969,18.06552844971779,2.947881911242601
FAROE ISLANDS,FRO,1970,18.257377192994173,2.9578942181245163
FAROE ISLANDS,FRO,1971,18.412840921232664,2.9659347502643265
FAROE ISLANDS,FRO,1972,18.59745274553748,2.9753995958283106
FAROE ISLANDS,FRO,1973,18.89838257724083,2.9906384509016632
FAROE ISLANDS,FRO,1974,19.097551534294205,3.0005979934308575
FAROE ISLANDS,FRO,1975,19.242240646626406,3.0077715421767457
FAROE ISLANDS,FRO,1976,19.415673021588127,3.016302891242008
FAROE ISLANDS,FRO,1977,19.667133285333378,3.028544674444678
FAROE ISLANDS,FRO,1978,19.801542964889208,3.0350271649602867
FAROE ISLANDS,FRO,1979,19.921571942761158,3.040780777041163
FAROE ISLANDS,FRO,1980,20.01604873768207,3.0452863714556386
FAROE ISLANDS,FRO,1981,19.938540326384526,3.0415914955812213
FAROE ISLANDS,FRO,1982,19.911442086117127,3.040296477399974
FAROE ISLANDS,FRO,1983,20.002963526077085,3.0446635480562767
FAROE ISLANDS,FRO,1984,19.869970713153684,3.0383113177893075
FAROE ISLANDS,FRO,1985,19.94523000197972,3.0419109355743084
FAROE ISLANDS,FRO,1986,20.35062742193389,3.0610811266870415
FAROE ISLANDS,FRO,1987,20.60280140969668,3.0728230011738287
FAROE ISLANDS,FRO,1988,20.691338497572225,3.0769130332884993
FAROE ISLANDS,FRO,1989,20.58622583965794,3.072055418669278
FAROE ISLANDS,FRO,1990,20.683282458345627,3.0765415700161207
FAROE ISLANDS,FRO,1991,20.628134177515065,3.0739949753804416
FAROE ISLANDS,FRO,1992,20.631885380314237,3.0741684012293855
FAROE ISLANDS,FRO,1993,20.45008765899738,3.06572873203222
FAROE ISLANDS,FRO,1994,20.447168638110636,3.0655926384382135
FAROE ISLANDS,FRO,1995,20.61946489322457,3.073594061360108
FAROE ISLANDS,FRO,1996,20.712747628687058,3.077899536392784
FAROE ISLANDS,FRO,1997,20.654733305981814,3.0752240590045976
FAROE ISLANDS,FRO,1998,20.822879683858865,3.0829589462093767
FAROE ISLANDS,FRO,1999,20.843432542608905,3.0839003062290278
FAROE ISLANDS,FRO,2000,20.78821945690102,3.0813694318454505
FAROE ISLANDS,FRO,2001,20.871917032642315,3.0852034866606792
FAROE ISLANDS,FRO,2002,20.96628549463838,3.089508800397161
FAROE ISLANDS,FRO,2003,21.13002449531693,3.0969352609451715
FAROE ISLANDS,FRO,2004,21.26835999212646,3.1031668365336116
FAROE ISLANDS,FRO,2005,21.288431680065358,3.1040677851227407
FAROE ISLANDS,FRO,2006,21.425214587251006,3.1101859770072595
FAROE ISLANDS,FRO,2007,21.572995871468077,3.116754318904515
FAROE ISLANDS,FRO,2008,21.635497642363593,3.1195193661714744
FAROE ISLANDS,FRO,2009,21.554462699171427,3.1159329487708707
FAROE ISLANDS,FRO,2010,21.5699049594249,3.116617379895674
FAROE ISLANDS,FRO,2011,21.641850204135046,3.1197999727933405
FAROE ISLANDS,FRO,2012,21.61000432679185,3.1183924776561516
FAROE ISLANDS,FRO,2013,21.71284811556206,3.122930760652143
FAROE ISLANDS,FRO,2014,21.792796895867394,3.126444560425532
FAROE ISLANDS,FRO,2015,21.66869041517128,3.1209846955447675
FAROE ISLANDS,FRO,2016,21.75761649726112,3.124899880455329
FAROE ISLANDS,FRO,2017,21.815208391600397,3.127427348310932
FAROE ISLANDS,FRO,2018,21.88284807680712,3.1303876376461743
FAROE ISLANDS,FRO,2019,21.906964319419608,3.131440983077408
FAROE ISLANDS,FRO,2020,21.90562040707112,3.131382313069728
FAROE ISLANDS,FRO,2021,22.019379423273246,3.1363364447754174
FAROE ISLANDS,FRO,2022,21.991882422415344,3.1351412154759655
FIJI,FJI,1960,18.53693747863121,2.9723069034524205
FIJI,FJI,1961,18.577580084865037,2.9743850382929997
FIJI,FJI,1962,18.626933932464294,2.976902803142689
FIJI,FJI,1963,18.67884179206631,2.979544037863108
FIJI,FJI,1964,18.75738682086173,2.9835274376666536
FIJI,FJI,1965,18.806519509439372,2.9860111516571313
FIJI,FJI,1966,18.830163938832676,2.9872042097104754
FIJI,FJI,1967,18.906962942059486,2.9910695671168153
FIJI,FJI,1968,18.93322251710128,2.992387812930278
FIJI,FJI,1969,19.020517117000086,2.9967576035734695
FIJI,FJI,1970,19.208585597956574,3.0061075437094744
FIJI,FJI,1971,19.32792801763393,3.0119957049664308
FIJI,FJI,1972,19.573328617702828,3.0239955096160087
FIJI,FJI,1973,19.8698336709997,3.038304751292123
FIJI,FJI,1974,20.140921113075454,3.0512105515399464
FIJI,FJI,1975,20.343881306093177,3.0607651087213665
FIJI,FJI,1976,20.358761474920186,3.0614620290270063
FIJI,FJI,1977,20.394069538469434,3.0631137592511646
FIJI,FJI,1978,20.5360538085818,3.069728452000327
FIJI,FJI,1979,20.74276592845753,3.079281101220258
FIJI,FJI,1980,20.907767362720847,3.0868412480373077
FIJI,FJI,1981,20.934844184773706,3.088076431095054
FIJI,FJI,1982,20.9006250543625,3.0865151777102513
FIJI,FJI,1983,20.839345369188937,3.0837131764892414
FIJI,FJI,1984,20.88708449772682,3.0858967138898876
FIJI,FJI,1985,20.855318963453318,3.0844443227387863
FIJI,FJI,1986,20.978115273887546,3.0900471979781057
FIJI,FJI,1987,20.887039748977283,3.085894669360143
FIJI,FJI,1988,20.827634431294605,3.0831768014878738
FIJI,FJI,1989,20.891032200450294,3.0860770643952047
FIJI,FJI,1990,21.013707268485792,3.091665316996924
FIJI,FJI,1991,21.048159333351684,3.093229121462959
FIJI,FJI,1992,21.150108174533283,3.0978423802053268
FIJI,FJI,1993,21.21558196009433,3.100793932762922
FIJI,FJI,1994,21.325246890144033,3.1057181856104408
FIJI,FJI,1995,21.401452406670135,3.1091257963424876
FIJI,FJI,1996,21.478775724976778,3.112571562909751
FIJI,FJI,1997,21.46053570451674,3.111759800518141
FIJI,FJI,1998,21.22594640960963,3.101260363602878
FIJI,FJI,1999,21.3841273936733,3.10835210918969
FIJI,FJI,2000,21.240999251631507,3.101937398752157
FIJI,FJI,2001,21.225532148162593,3.1012417247876805
FIJI,FJI,2002,21.329372541202844,3.105902966093315
FIJI,FJI,2003,21.556389052319815,3.1160183540813344
FIJI,FJI,2004,21.71950517112976,3.1232238141760638
FIJI,FJI,2005,21.81532464664468,3.127432443804521
FIJI,FJI,2006,21.84699518563143,3.1288196069701906
FIJI,FJI,2007,21.940642782956438,3.132910131489854
FIJI,FJI,2008,21.98263150799233,3.1347387788319647
FIJI,FJI,2009,21.777795486131307,3.1257861792417976
FIJI,FJI,2010,21.867541728704385,3.12971851335067
FIJI,FJI,2011,22.052834252297774,3.1377887229377
FIJI,FJI,2012,22.10254265875216,3.1399426832777437
FIJI,FJI,2013,22.15595893326519,3.1422521527338065
FIJI,FJI,2014,22.303708370772956,3.1486125054513403
FIJI,FJI,2015,22.267093698407965,3.1470400747315574
FIJI,FJI,2016,22.318648159633355,3.1492533906610793
FIJI,FJI,2017,22.401010631533204,3.152779210812782
FIJI,FJI,2018,22.442710015747462,3.154559573032203
FIJI,FJI,2019,22.4178547165385,3.153498753484601
FIJI,FJI,2020,22.212221974874424,3.144678949218809
FIJI,FJI,2021,22.1830503266555,3.143421422293496
FIJI,FJI,2022,22.32869161778828,3.1496840029257034
FIJI,FJI,2023,22.427067579852736,3.1538920880438823
FINLAND,FIN,1960,22.387004675111243,3.1521805123320483
FINLAND,FIN,1961,22.512338448663492,3.1575253237333047
FINLAND,FIN,1962,22.580692102296037,3.160428245920896
FINLAND,FIN,1963,22.663200515434934,3.1639211205530198
FINLAND,FIN,1964,22.783561301433636,3.168994640412735
FINLAND,FIN,1965,22.884243622364213,3.1732189788656924
FINLAND,FIN,1966,22.953851352296645,3.1761291189577867
FINLAND,FIN,1967,22.97112317888057,3.1768499050406445
FINLAND,FIN,1968,22.911087508865453,3.174342263868158
FINLAND,FIN,1969,23.04335856354035,3.179858807210862
FINLAND,FIN,1970,23.153145651308137,3.1844146263287256
FINLAND,FIN,1971,23.251184522397313,3.1884654624749764
FINLAND,FIN,1972,23.414046855022125,3.1951586574323856
FINLAND,FIN,1973,23.692262039134114,3.206489916784351
FINLAND,FIN,1974,23.936076163433583,3.2163155968168673
FINLAND,FIN,1975,24.106727643724398,3.2231358438376643
FINLAND,FIN,1976,24.184287952642386,3.226220306121436
FINLAND,FIN,1977,24.23480528534855,3.228224203707317
FINLAND,FIN,1978,24.313875142810716,3.231352670020679
FINLAND,FIN,1979,24.517973950060462,3.239383064653371
FINLAND,FIN,1980,24.705657878402906,3.2467111185821373
FINLAND,FIN,1981,24.683094386232465,3.2458329694687196
FINLAND,FIN,1982,24.68973123752415,3.246091349312461
FINLAND,FIN,1983,24.65457225451139,3.2447218112676546
FINLAND,FIN,1984,24.69145745112528,3.246158541747896
FINLAND,FIN,1985,24.746398341969652,3.2482947471122237
FINLAND,FIN,1986,25.020980410260577,3.2589031514775395
FINLAND,FIN,1987,25.240639812140497,3.2673093468632484
FINLAND,FIN,1988,25.41515477241731,3.273937889861552
FINLAND,FIN,1989,25.502490626359606,3.277238714476141
FINLAND,FIN,1990,25.67512973832613,3.2837316608433236
FINLAND,FIN,1991,25.573527794472227,3.279915524555086
FINLAND,FIN,1992,25.446508076786298,3.2751241298076934
FINLAND,FIN,1993,25.214305100651334,3.2663052579734213
FINLAND,FIN,1994,25.360902662101896,3.2718819526785796
FINLAND,FIN,1995,25.62252116303608,3.2817575178375424
FINLAND,FIN,1996,25.60704587357574,3.2811760631777402
FINLAND,FIN,1997,25.5667609683247,3.2796608467450232
FINLAND,FIN,1998,25.621394537632042,3.2817151984329915
FINLAND,FIN,1999,25.6304948798151,3.28205698319861
FINLAND,FIN,2000,25.559702838325155,3.2793951362295726
FINLAND,FIN,2001,25.587202340329316,3.280429984989471
FINLAND,FIN,2002,25.66779309586215,3.2834565862084726
FINLAND,FIN,2003,25.868737678620036,3.2909634426857517
FINLAND,FIN,2004,26.00890033475255,3.296166453712205
FINLAND,FIN,2005,26.045717097525213,3.297528659947848
FINLAND,FIN,2006,26.103574487421557,3.2996656190924822
FINLAND,FIN,2007,26.269919019146087,3.3057842272581515
FINLAND,FIN,2008,26.378265236386568,3.3097494590651233
FINLAND,FIN,2009,26.25861988016066,3.305369796966226
FINLAND,FIN,2010,26.24242134265373,3.3047753665619455
FINLAND,FIN,2011,26.342232182083336,3.3084324732476955
FINLAND,FIN,2012,26.277349054804617,3.3060566528430373
FINLAND,FIN,2013,26.326721055557922,3.3078650167290307
FINLAND,FIN,2014,26.339537998427407,3.308333932778021
FINLAND,FIN,2015,26.180868034062765,3.3025133447127724
FINLAND,FIN,2016,26.20711357029174,3.3034784674289313
FINLAND,FIN,2017,26.267067256686737,3.3056796463982
FINLAND,FIN,2018,26.342608178014704,3.308446224624819
FINLAND,FIN,2019,26.316172306046894,3.3074789189588314
FINLAND,FIN,2020,26.32864898235327,3.3079355652147444
FINLAND,FIN,2021,26.415213276663682,3.31109808838671
FINLAND,FIN,2022,26.364773646614893,3.3092565529232605
FINLAND,FIN,2023,26.427672125976905,3.3115524353612016
FRAGILE AND CONFLICT AFFECTED SITUATIONS,FCS,1960,24.14877347696844,3.2248091270451416
FRAGILE AND CONFLICT AFFECTED SITUATIONS,FCS,1961,24.210361450465467,3.2272550786799683
FRAGILE AND CONFLICT AFFECTED SITUATIONS,FCS,1962,24.295818934221742,3.2306391225596887
FRAGILE AND CONFLICT AFFECTED SITUATIONS,FCS,1963,24.36160769466859,3.2332365224598343
FRAGILE AND CONFLICT AFFECTED SITUATIONS,FCS,1964,24.368056775762973,3.2334907753194364
FRAGILE AND CONFLICT AFFECTED SITUATIONS,FCS,1965,24.432283027936286,3.236019352358164
FRAGILE AND CONFLICT AFFECTED SITUATIONS,FCS,1966,24.48999926028393,3.23828618936817
FRAGILE AND CONFLICT AFFECTED SITUATIONS,FCS,1967,24.511416293475214,3.2391260497609706
FRAGILE AND CONFLICT AFFECTED SITUATIONS,FCS,1968,24.606247984360415,3.242836383596338
FRAGILE AND CONFLICT AFFECTED SITUATIONS,FCS,1969,24.705007533446206,3.2466858185806093
FRAGILE AND CONFLICT AFFECTED SITUATIONS,FCS,1970,24.90381034589793,3.2543900754869957
FRAGILE AND CONFLICT AFFECTED SITUATIONS,FCS,1971,24.921390495044307,3.2550685156873396
FRAGILE AND CONFLICT AFFECTED SITUATIONS,FCS,1972,25.073281211059516,3.260911081592808
FRAGILE AND CONFLICT AFFECTED SITUATIONS,FCS,1973,25.282502365359637,3.268903408465358
FRAGILE AND CONFLICT AFFECTED SITUATIONS,FCS,1974,25.713022563245744,3.2851511829525935
FRAGILE AND CONFLICT AFFECTED SITUATIONS,FCS,1975,25.807854921759912,3.2886949386686464
FRAGILE AND CONFLICT AFFECTED SITUATIONS,FCS,1976,25.99782572541594,3.2957563340734217
FRAGILE AND CONFLICT AFFECTED SITUATIONS,FCS,1977,26.085863955694013,3.2990119665407316
FRAGILE AND CONFLICT AFFECTED SITUATIONS,FCS,1978,26.167227299767397,3.3020113681670256
FRAGILE AND CONFLICT AFFECTED SITUATIONS,FCS,1979,26.41891532546672,3.3112331155642374
FRAGILE AND CONFLICT AFFECTED SITUATIONS,FCS,1980,26.67066107747233,3.3203726850014146
FRAGILE AND CONFLICT AFFECTED SITUATIONS,FCS,1981,26.963167598079416,3.330888201294931
FRAGILE AND CONFLICT AFFECTED SITUATIONS,FCS,1982,26.91191529009555,3.3290536689879056
FRAGILE AND CONFLICT AFFECTED SITUATIONS,FCS,1983,26.76774174885776,3.3238749782014056
FRAGILE AND CONFLICT AFFECTED SITUATIONS,FCS,1984,26.66945851466078,3.3203292242058615
FRAGILE AND CONFLICT AFFECTED SITUATIONS,FCS,1985,26.688893080877808,3.321031360973136
FRAGILE AND CONFLICT AFFECTED SITUATIONS,FCS,1986,26.601614139019734,3.3178742543108393
FRAGILE AND CONFLICT AFFECTED SITUATIONS,FCS,1987,26.60872764500821,3.3181319417584434
FRAGILE AND CONFLICT AFFECTED SITUATIONS,FCS,1988,26.68724148859881,3.3209717110068704
FRAGILE AND CONFLICT AFFECTED SITUATIONS,FCS,1989,26.669802620174575,3.3203416604222746
FRAGILE AND CONFLICT AFFECTED SITUATIONS,FCS,1990,27.03396894533869,3.3334169514903307
FRAGILE AND CONFLICT AFFECTED SITUATIONS,FCS,1991,26.680463163162617,3.3207268633826934
FRAGILE AND CONFLICT AFFECTED SITUATIONS,FCS,1992,26.567308279370792,3.316630588037624
FRAGILE AND CONFLICT AFFECTED SITUATIONS,FCS,1993,26.584665208377476,3.3172600099234453
FRAGILE AND CONFLICT AFFECTED SITUATIONS,FCS,1994,26.590414376197543,3.317468407188448
FRAGILE AND CONFLICT AFFECTED SITUATIONS,FCS,1995,26.791141646766842,3.3247173241184775
FRAGILE AND CONFLICT AFFECTED SITUATIONS,FCS,1996,26.86839710074794,3.3274933264114046
FRAGILE AND CONFLICT AFFECTED SITUATIONS,FCS,1997,26.98155923621891,3.3315456944973385
FRAGILE AND CONFLICT AFFECTED SITUATIONS,FCS,1998,27.00758660676297,3.332475423716351
FRAGILE AND CONFLICT AFFECTED SITUATIONS,FCS,1999,26.715158198032142,3.3219794908847806
FRAGILE AND CONFLICT AFFECTED SITUATIONS,FCS,2000,26.87181102474165,3.327615820535944
FRAGILE AND CONFLICT AFFECTED SITUATIONS,FCS,2001,26.85017318765488,3.3268391849412065
FRAGILE AND CONFLICT AFFECTED SITUATIONS,FCS,2002,26.8256654396128,3.3259588120459167
FRAGILE AND CONFLICT AFFECTED SITUATIONS,FCS,2003,26.877312394671062,3.3278131822022745
FRAGILE AND CONFLICT AFFECTED SITUATIONS,FCS,2004,27.11512486159681,3.336307682836804
FRAGILE AND CONFLICT AFFECTED SITUATIONS,FCS,2005,27.350196689025942,3.344633968034207
FRAGILE AND CONFLICT AFFECTED SITUATIONS,FCS,2006,27.575461136517056,3.352548347311539
FRAGILE AND CONFLICT AFFECTED SITUATIONS,FCS,2007,27.77886638418177,3.359641311669617
FRAGILE AND CONFLICT AFFECTED SITUATIONS,FCS,2008,28.02437733050381,3.3681360744857534
FRAGILE AND CONFLICT AFFECTED SITUATIONS,FCS,2009,27.925725020778412,3.364731338306777
FRAGILE AND CONFLICT AFFECTED SITUATIONS,FCS,2010,28.09725583944678,3.3706438686808844
FRAGILE AND CONFLICT AFFECTED SITUATIONS,FCS,2011,28.140438681151537,3.372126854914264
FRAGILE AND CONFLICT AFFECTED SITUATIONS,FCS,2012,28.252572292354113,3.375967511430172
FRAGILE AND CONFLICT AFFECTED SITUATIONS,FCS,2013,28.291409792674347,3.3772942918996356
FRAGILE AND CONFLICT AFFECTED SITUATIONS,FCS,2014,28.35070746902315,3.3793166505499714
FRAGILE AND CONFLICT AFFECTED SITUATIONS,FCS,2015,28.11179360053734,3.3711433704433316
FRAGILE AND CONFLICT AFFECTED SITUATIONS,FCS,2016,28.030222414754153,3.3683374395557304
FRAGILE AND CONFLICT AFFECTED SITUATIONS,FCS,2017,28.069090320571124,3.3696754213591458
FRAGILE AND CONFLICT AFFECTED SITUATIONS,FCS,2018,28.182134466148288,3.3735566886767456
FRAGILE AND CONFLICT AFFECTED SITUATIONS,FCS,2019,28.241957162777158,3.375604567073072
FRAGILE AND CONFLICT AFFECTED SITUATIONS,FCS,2020,28.15629982676257,3.3726710070026438
FRAGILE AND CONFLICT AFFECTED SITUATIONS,FCS,2021,28.21673587870947,3.3747416916196413
FRAGILE AND CONFLICT AFFECTED SITUATIONS,FCS,2022,28.298853799862652,3.377548395799223
FRAGILE AND CONFLICT AFFECTED SITUATIONS,FCS,2023,28.276448173916428,3.376783376199358
FRANCE,FRA,1960,24.85403036698466,3.2524665024176014
FRANCE,FRA,1961,24.934825039571287,3.255586661668069
FRANCE,FRA,1962,25.048821715832517,3.259972535538487
FRANCE,FRA,1963,25.16308007414603,3.2643492594955936
FRANCE,FRA,1964,25.266644137509175,3.2682998504863146
FRANCE,FRA,1965,25.343691544940516,3.2712288362650246
FRANCE,FRA,1966,25.424162953867175,3.2742788549581796
FRANCE,FRA,1967,25.50216222432354,3.277226323034318
FRANCE,FRA,1968,25.58914847396638,3.2805031804460274
FRANCE,FRA,1969,25.678410046532626,3.283854625813365
FRANCE,FRA,1970,25.723556879850975,3.285545456570085
FRANCE,FRA,1971,25.835052492826584,3.289708961759787
FRANCE,FRA,1972,26.0389030858602,3.2972766840006025
FRANCE,FRA,1973,26.300841934955645,3.306917541823633
FRANCE,FRA,1974,26.377696069147618,3.309728669831389
FRANCE,FRA,1975,26.611678828523242,3.318238829183086
FRANCE,FRA,1976,26.643016954078888,3.319373144682319
FRANCE,FRA,1977,26.740104438785234,3.3228791797961534
FRANCE,FRA,1978,26.95120330790507,3.3304602508355736
FRANCE,FRA,1979,27.14318442637864,3.3373052089787625
FRANCE,FRA,1980,27.27618507979829,3.3420199337604184
FRANCE,FRA,1981,27.14578559258306,3.3373976308584097
FRANCE,FRA,1982,27.094668657733102,3.3355798308563567
FRANCE,FRA,1983,27.050968985870334,3.3340231763228565
FRANCE,FRA,1984,26.997432162773418,3.332112797497347
FRANCE,FRA,1985,27.03887410437758,3.3335919081639935
FRANCE,FRA,1986,27.37156463793287,3.3453873984432017
FRANCE,FRA,1987,27.56292781008883,3.3521096465759985
FRANCE,FRA,1988,27.64969275416939,3.3551427189904834
FRANCE,FRA,1989,27.65592034464895,3.3553600656051454
FRANCE,FRA,1990,27.869391836735776,3.3627819278740136
FRANCE,FRA,1991,27.869468427659672,3.362784580885297
FRANCE,FRA,1992,27.96853989271569,3.366210409845438
FRANCE,FRA,1993,27.91078362074672,3.364214661186563
FRANCE,FRA,1994,27.963186054067357,3.366025577145356
FRANCE,FRA,1995,28.101708733831796,3.370796891829195
FRANCE,FRA,1996,28.104565398749596,3.3708950484270073
FRANCE,FRA,1997,28.004572294323594,3.367453482880107
FRANCE,FRA,1998,28.038556572159195,3.3686244839058155
FRANCE,FRA,1999,28.031910262073158,3.368395578905481
FRANCE,FRA,2000,27.942644050764255,3.3653160802215534
FRANCE,FRA,2001,27.951405592351925,3.3656187552532213
FRANCE,FRA,2002,28.037425371547187,3.3685855280216686
FRANCE,FRA,2003,28.243253637796098,3.3756489022135767
FRANCE,FRA,2004,28.38226416211052,3.3803912325180754
FRANCE,FRA,2005,28.418088980679748,3.3816097565944516
FRANCE,FRA,2006,28.47281940477309,3.3834684625085103
FRANCE,FRA,2007,28.609569487035113,3.388097602562854
FRANCE,FRA,2008,28.706127213046702,3.3913533280006054
FRANCE,FRA,2009,28.62460148936307,3.3886051475289727
FRANCE,FRA,2010,28.603763211652453,3.387901488777777
FRANCE,FRA,2011,28.68364445306308,3.390596202306167
FRANCE,FRA,2012,28.618207016442312,3.3883892741392105
FRANCE,FRA,2013,28.664873313431247,3.3899636291277897
FRANCE,FRA,2014,28.68043072636156,3.390487930537595
FRANCE,FRA,2015,28.522686576641473,3.3851590042850486
FRANCE,FRA,2016,28.53643868648567,3.38562471081326
FRANCE,FRA,2017,28.584665837094352,3.387256181053692
FRANCE,FRA,2018,28.657405620254696,3.389711862225026
FRANCE,FRA,2019,28.63490881042908,3.3889530181447713
FRANCE,FRA,2020,28.60460620256168,3.3879299641746723
FRANCE,FRA,2021,28.715992731921347,3.3916853767048396
FRANCE,FRA,2022,28.653145456676388,3.3895682060455345
FRANCE,FRA,2023,28.73988207035209,3.392488975669476
FRENCH POLYNESIA,PYF,1965,18.989027383427597,2.99518349217241
FRENCH POLYNESIA,PYF,1966,19.189211117569766,3.0051483586326904
FRENCH POLYNESIA,PYF,1967,19.213602522258853,3.006355769971403
FRENCH POLYNESIA,PYF,1968,19.374614308349624,3.0142897292962063
FRENCH POLYNESIA,PYF,1969,19.308340629448796,3.0110316701101683
FRENCH POLYNESIA,PYF,1970,19.352986550185726,3.0132276603434085
FRENCH POLYNESIA,PYF,1971,19.50878977854772,3.0208535639341627
FRENCH POLYNESIA,PYF,1972,19.603736988502444,3.025472466552094
FRENCH POLYNESIA,PYF,1973,19.882205339181816,3.0388973771296866
FRENCH POLYNESIA,PYF,1974,20.135092614489107,3.0509348160526395
FRENCH POLYNESIA,PYF,1975,20.35267072478872,3.0611768243471786
FRENCH POLYNESIA,PYF,1976,20.411685674761767,3.0639368325598393
FRENCH POLYNESIA,PYF,1977,20.491581389179455,3.067661295158714
FRENCH POLYNESIA,PYF,1978,20.728820218168124,3.078639500027204
FRENCH POLYNESIA,PYF,1979,20.918036632454704,3.0873098883809256
FRENCH POLYNESIA,PYF,1980,21.001212694310066,3.091097574307768
FRENCH POLYNESIA,PYF,1981,20.934128747330774,3.088043814081471
FRENCH POLYNESIA,PYF,1982,20.935063634234503,3.088086435650418
FRENCH POLYNESIA,PYF,1983,20.97338676518583,3.0898320285981944
FRENCH POLYNESIA,PYF,1984,21.00506723589402,3.0912727557409596
FRENCH POLYNESIA,PYF,1985,21.09364333039352,3.0952899350407677
FRENCH POLYNESIA,PYF,1986,21.51717571417759,3.1142783830700083
FRENCH POLYNESIA,PYF,1987,21.708327556625495,3.1227317099281318
FRENCH POLYNESIA,PYF,1988,21.725182319023002,3.123473662870656
FRENCH POLYNESIA,PYF,1989,21.72818391705901,3.1236057366107954
FRENCH POLYNESIA,PYF,1990,21.923278667625837,3.1321529299418374
FRENCH POLYNESIA,PYF,1991,21.950001285715114,3.1333179925289976
FRENCH POLYNESIA,PYF,1992,22.03531761523583,3.13702858666859
FRENCH POLYNESIA,PYF,1993,21.98869356725575,3.1350025110297484
FRENCH POLYNESIA,PYF,1994,22.025124715528015,3.136585998653434
FRENCH POLYNESIA,PYF,1995,22.1552489504665,3.142221491352634
FRENCH POLYNESIA,PYF,1996,22.150239661533725,3.1420051330287087
FRENCH POLYNESIA,PYF,1997,22.048444902536907,3.1375983008993273
FRENCH POLYNESIA,PYF,1998,22.08505913154104,3.1391856174259356
FRENCH POLYNESIA,PYF,1999,22.0872128467609,3.1392789078415526
FRENCH POLYNESIA,PYF,2000,22.004156759360512,3.13567492826754
FRENCH POLYNESIA,PYF,2001,21.996897686583782,3.1353593236395843
FRENCH POLYNESIA,PYF,2002,22.100873969909927,3.1398704510072877
FRENCH POLYNESIA,PYF,2003,22.318154542456625,3.1492322220925604
FRENCH POLYNESIA,PYF,2004,22.439602877511348,3.1544270224795996
FRENCH POLYNESIA,PYF,2005,22.46461795861353,3.1554936677847754
FRENCH POLYNESIA,PYF,2006,22.494482061224577,3.1567655876735534
FRENCH POLYNESIA,PYF,2007,22.615045046085037,3.161884010866271
FRENCH POLYNESIA,PYF,2008,22.68852212564415,3.164990632334664
FRENCH POLYNESIA,PYF,2009,22.607993043683198,3.161585342981293
FRENCH POLYNESIA,PYF,2010,22.52936283065003,3.1582491233522294
FRENCH POLYNESIA,PYF,2011,22.548450416985084,3.159060018594138
FRENCH POLYNESIA,PYF,2012,22.46247826108252,3.1554024753733603
FRENCH POLYNESIA,PYF,2013,22.520315807196038,3.157864550116985
FRENCH POLYNESIA,PYF,2014,22.54004251011886,3.1587029076979114
FRENCH POLYNESIA,PYF,2015,22.395837477097416,3.1525581209460096
FRENCH POLYNESIA,PYF,2016,22.427474961568443,3.153909477252852
FRENCH POLYNESIA,PYF,2017,22.486857747967893,3.156441019947108
FRENCH POLYNESIA,PYF,2018,22.537294864128533,3.1585861786666323
FRENCH POLYNESIA,PYF,2019,22.518731130474087,3.157797173040887
FRENCH POLYNESIA,PYF,2020,22.479837733239215,3.156142084085897
FRENCH POLYNESIA,PYF,2021,22.539822083483113,3.1586935437527237
FRENCH POLYNESIA,PYF,2022,22.48364835963859,3.156304364475398
GABON,GAB,1960,18.767591012847735,2.9840437791181604
GABON,GAB,1961,18.937316896588538,2.9925931966327237
GABON,GAB,1962,19.02388426858831,2.9969257744777487
GABON,GAB,1963,18.855576775933248,2.9884849135661367
GABON,GAB,1964,19.189305714981813,3.0051530441644765
GABON,GAB,1965,19.238141967873247,3.0075690401991237
GABON,GAB,1966,19.320231262146148,3.011617003656647
GABON,GAB,1967,19.41963356855579,3.0164968678426893
GABON,GAB,1968,19.50068281255806,3.0204581935193273
GABON,GAB,1969,19.577954006891478,3.02422030888899
GABON,GAB,1970,19.595644244368284,3.025079608989865
GABON,GAB,1971,19.760111649241427,3.033033436377707
GABON,GAB,1972,19.880477297472154,3.0388146218275103
GABON,GAB,1973,20.398616416403172,3.063326266498578
GABON,GAB,1974,21.15778217621283,3.0981887745696506
GABON,GAB,1975,21.492259057649818,3.113171208132158
GABON,GAB,1976,21.825009874654718,3.127856859105461
GABON,GAB,1977,21.756218645493536,3.1248384550991206
GABON,GAB,1978,21.594341301187026,3.117699490023478
GABON,GAB,1979,21.8319113309535,3.1281591771842585
GABON,GAB,1980,22.177134250030026,3.1431661999853193
GABON,GAB,1981,22.074520702764925,3.138729008895397
GABON,GAB,1982,22.009189391173944,3.135893674881491
GABON,GAB,1983,21.944472009534877,3.133077036448233
GABON,GAB,1984,21.99343404042197,3.135208698669583
GABON,GAB,1985,21.929211121821524,3.1324116925196615
GABON,GAB,1986,21.94811075211427,3.1332356129487504
GABON,GAB,1987,21.91165698829022,3.1316458198338655
GABON,GAB,1988,22.0673057656043,3.1384162801730358
GABON,GAB,1989,22.155109751376003,3.142215479777928
GABON,GAB,1990,22.50704248891244,3.1573000566341705
GABON,GAB,1991,22.410205345236914,3.1531720531532383
GABON,GAB,1992,22.44467272988608,3.154643293386159
GABON,GAB,1993,22.200005171245184,3.144152501570739
GABON,GAB,1994,22.156162099310677,3.14226092650797
GABON,GAB,1995,22.324438818348465,3.149501687209187
GABON,GAB,1996,22.462685851225178,3.1554113230842455
GABON,GAB,1997,22.396019732498395,3.152565910993759
GABON,GAB,1998,22.223651384967855,3.145171215628258
GABON,GAB,1999,22.26292314690223,3.1468608118900776
GABON,GAB,2000,22.348672296471893,3.150540121533459
GABON,GAB,2001,22.337346039908702,3.1500549117345087
GABON,GAB,2002,22.397639272930114,3.1526351315021266
GABON,GAB,2003,22.59689762608254,3.1611152468684725
GABON,GAB,2004,22.77356418731393,3.1685742149070206
GABON,GAB,2005,22.9832339911851,3.177355002524031
GABON,GAB,2006,23.05808559609161,3.1804711394710967
GABON,GAB,2007,23.245420870494158,3.1882277694701324
GABON,GAB,2008,23.468698417908488,3.1973946851084865
GABON,GAB,2009,23.21760280354659,3.1870797573200913
GABON,GAB,2010,23.38858896754295,3.1941153576450168
GABON,GAB,2011,23.62525363024558,3.2037724867105153
GABON,GAB,2012,23.566456536304802,3.2013819570158972
GABON,GAB,2013,23.590922936937158,3.202377388542753
GABON,GAB,2014,23.62490536858912,3.203758344150834
GABON,GAB,2015,23.38932028290575,3.194145343159939
GABON,GAB,2016,23.36402815976052,3.1931077887673855
GABON,GAB,2017,23.426604120055803,3.1956728711072517
GABON,GAB,2018,23.548644237830725,3.200656628187319
GABON,GAB,2019,23.549063841095926,3.2006737207678744
GABON,GAB,2020,23.45207096782756,3.1967149144944917
GABON,GAB,2021,23.72983650835118,3.2080104704460117
GABON,GAB,2022,23.77119860658328,3.2096816317767733
GABON,GAB,2023,23.744477456883875,3.2086023310616185
"GAMBIA, THE",GMB,1966,17.604508643414675,2.9234039515285626
"GAMBIA, THE",GMB,1967,17.659147799534136,2.926336524469229
"GAMBIA, THE",GMB,1968,17.532979068931404,2.919551797420018
"GAMBIA, THE",GMB,1969,17.625901029476687,2.9245531405170406
"GAMBIA, THE",GMB,1970,17.772432044275984,2.9323894130240227
"GAMBIA, THE",GMB,1971,17.8360051725845,2.935770206992892
"GAMBIA, THE",GMB,1972,17.895765821866718,2.938937866377933
"GAMBIA, THE",GMB,1973,18.13549886469294,2.9515451893344284
"GAMBIA, THE",GMB,1974,18.377731714822307,2.9641245570337746
"GAMBIA, THE",GMB,1975,18.56200424105418,2.9735891256689206
"GAMBIA, THE",GMB,1976,18.53571181393759,2.972244165720723
"GAMBIA, THE",GMB,1977,18.743438646803227,2.9828212157346767
"GAMBIA, THE",GMB,1978,18.9620341334871,2.993832176186142
"GAMBIA, THE",GMB,1979,19.14877329855861,3.0031434080560784
"GAMBIA, THE",GMB,1980,19.30065220507844,3.010653013860625
"GAMBIA, THE",GMB,1981,19.20352119286841,3.0058569056944413
"GAMBIA, THE",GMB,1982,19.191022976698978,3.0052380985349503
"GAMBIA, THE",GMB,1983,19.1789065416637,3.0046378282078203
"GAMBIA, THE",GMB,1984,18.993584314609382,2.9954114378221806
"GAMBIA, THE",GMB,1985,19.234834022256717,3.0074055757864895
"GAMBIA, THE",GMB,1986,19.039357508048575,2.997698215226098
"GAMBIA, THE",GMB,1987,19.211981712993786,3.0062755826693968
"GAMBIA, THE",GMB,1988,19.40153079150099,3.015609936833969
"GAMBIA, THE",GMB,1989,19.464908401466094,3.018711634071466
"GAMBIA, THE",GMB,1990,19.574676320582725,3.024061014754467
"GAMBIA, THE",GMB,1991,20.352652895283278,3.061175989345641
"GAMBIA, THE",GMB,1992,20.38674955792641,3.0627715507208433
"GAMBIA, THE",GMB,1993,20.442282576055053,3.0653647939711757
"GAMBIA, THE",GMB,1994,20.430898072969583,3.0648337158854955
"GAMBIA, THE",GMB,1995,20.48246717843456,3.0672371223760537
"GAMBIA, THE",GMB,1996,20.558673519718923,3.0707782190886332
"GAMBIA, THE",GMB,1997,20.50465368142523,3.068269362010479
"GAMBIA, THE",GMB,1998,20.54925199290219,3.070341105641177
"GAMBIA, THE",GMB,1999,20.51836000290121,3.068906524345979
"GAMBIA, THE",GMB,2000,20.478533250216074,3.067053982868583
"GAMBIA, THE",GMB,2001,20.34844240824198,3.060978781895808
"GAMBIA, THE",GMB,2002,20.175491453352663,3.052844449399967
"GAMBIA, THE",GMB,2003,20.003854113303735,3.0447059500889386
"GAMBIA, THE",GMB,2004,20.684421730348355,3.0765941101274454
"GAMBIA, THE",GMB,2005,20.75059017137736,3.079640891482765
"GAMBIA, THE",GMB,2006,20.77596500598271,3.0808068389084946
"GAMBIA, THE",GMB,2007,20.96989389344906,3.0896730567739805
"GAMBIA, THE",GMB,2008,21.169083681157673,3.0986986912971757
"GAMBIA, THE",GMB,2009,21.094927670327543,3.0953480650008593
"GAMBIA, THE",GMB,2010,21.157185530671338,3.0981618470743864
"GAMBIA, THE",GMB,2011,21.066638210584237,3.0940668847234583
"GAMBIA, THE",GMB,2012,21.07039871663403,3.0942372861060927
"GAMBIA, THE",GMB,2013,21.042162708727226,3.092957106000894
"GAMBIA, THE",GMB,2014,20.929842285673978,3.0878483706882034
"GAMBIA, THE",GMB,2015,21.04402716455647,3.0930416883082206
"GAMBIA, THE",GMB,2016,21.118396990514608,3.0964097052448993
"GAMBIA, THE",GMB,2017,21.131998575660106,3.097024460679278
"GAMBIA, THE",GMB,2018,21.236491375302155,3.101734695034782
"GAMBIA, THE",GMB,2019,21.31858500148602,3.1054197395127296
"GAMBIA, THE",GMB,2020,21.317791350931852,3.105384178805562
"GAMBIA, THE",GMB,2021,21.42346749737504,3.1101080665851177
"GAMBIA, THE",GMB,2022,21.500340380884374,3.1135304371352523
"GAMBIA, THE",GMB,2023,21.57337580684136,3.116771150173969
GEORGIA,GEO,1987,9.350331213786255,2.337018520531352
GEORGIA,GEO,1988,9.534288622412358,2.3546355198136593
GEORGIA,GEO,1989,9.550193316756873,2.356144183617406
GEORGIA,GEO,1990,22.738168857488677,3.167084252992141
GEORGIA,GEO,1991,22.579563827312036,3.1603803973686784
GEORGIA,GEO,1992,22.039674070602135,3.1372176894864046
GEORGIA,GEO,1993,21.71699952444755,3.123113521947314
GEORGIA,GEO,1994,21.645169097793303,3.1199465443149537
GEORGIA,GEO,1995,21.714206947205238,3.1229905854258027
GEORGIA,GEO,1996,21.853069123839745,3.1290854244623914
GEORGIA,GEO,1997,21.979030077462617,3.1345820642828013
GEORGIA,GEO,1998,22.007941926069954,3.1358394574599098
GEORGIA,GEO,1999,21.752894497912244,3.1246923679812846
GEORGIA,GEO,2000,21.84085535850646,3.128550834108749
GEORGIA,GEO,2001,21.892480183180226,3.1308084803525578
GEORGIA,GEO,2002,21.945795397991972,3.1331347126629177
GEORGIA,GEO,2003,22.107402347613622,3.1401530141439116
GEORGIA,GEO,2004,22.35746761640523,3.150916745251613
GEORGIA,GEO,2005,22.581267383228674,3.160452641893368
GEORGIA,GEO,2006,22.770345683945283,3.168438824133217
GEORGIA,GEO,2007,23.042996214781038,3.179843736459045
GEORGIA,GEO,2008,23.272331649276975,3.1893370863755894
GEORGIA,GEO,2009,23.099744313755508,3.1822012310525913
GEORGIA,GEO,2010,23.243129955865143,3.188133276457177
GEORGIA,GEO,2011,23.46251042556947,3.1971417589078768
GEORGIA,GEO,2012,23.550247571453383,3.2007219385666024
GEORGIA,GEO,2013,23.58647536009302,3.2021965096426777
GEORGIA,GEO,2014,23.611747760747413,3.2032238801969033
GEORGIA,GEO,2015,23.446125576732353,3.1964717402449434
GEORGIA,GEO,2016,23.46052195615451,3.1970604692036515
GEORGIA,GEO,2017,23.52499612482556,3.199692847442263
GEORGIA,GEO,2018,23.608208711790812,3.203080074748206
GEORGIA,GEO,2019,23.593340615332853,3.2024756995968597
GEORGIA,GEO,2020,23.496533654528744,3.198531624052326
GEORGIA,GEO,2021,23.659944020408687,3.205180227677202
GEORGIA,GEO,2022,23.941524229626783,3.216534054247535
GEORGIA,GEO,2023,24.142156776289422,3.224545990106378
GERMANY,DEU,1960,25.15777758905963,3.264146568433506
GERMANY,DEU,1961,25.289754742301692,3.2691793097633832
GERMANY,DEU,1962,25.38206091226008,3.272684268280862
GERMANY,DEU,1963,25.440181410897445,3.274884876189049
GERMANY,DEU,1964,25.53447573580277,3.2784448586248227
GERMANY,DEU,1965,25.62321317285734,3.281783510898956
GERMANY,DEU,1966,25.684578936754566,3.284085830637793
GERMANY,DEU,1967,25.69703652710786,3.2845525677521046
GERMANY,DEU,1968,25.772839153798543,3.2873879092040093
GERMANY,DEU,1969,25.89989392550867,3.2921223433103783
GERMANY,DEU,1970,26.0977960395063,3.299452397622952
GERMANY,DEU,1971,26.244666974959088,3.3048577946151214
GERMANY,DEU,1972,26.42638656618899,3.311505563358699
GERMANY,DEU,1973,26.71065715459184,3.321817074024638
GERMANY,DEU,1974,26.822021873724825,3.3258278608395293
GERMANY,DEU,1975,26.91896939977821,3.3293063645974907
GERMANY,DEU,1976,26.97662233153895,3.331369244707354
GERMANY,DEU,1977,27.12102554427236,3.3365175365573956
GERMANY,DEU,1978,27.330550934311994,3.3439407606816434
GERMANY,DEU,1979,27.504715187066573,3.3500695187502942
GERMANY,DEU,1980,27.580033939383767,3.3527083600231915
GERMANY,DEU,1981,27.40846745982604,3.346687250723158
GERMANY,DEU,1982,27.378160915265802,3.345619867492112
GERMANY,DEU,1983,27.370544688596787,3.3453514480935125
GERMANY,DEU,1984,27.30959075403392,3.343200643139205
GERMANY,DEU,1985,27.319776804086693,3.343560387582834
GERMANY,DEU,1986,27.676242419229624,3.3560689896872695
GERMANY,DEU,1987,27.89198139954486,3.363564096395816
GERMANY,DEU,1988,27.96837384002365,3.36620467765567
GERMANY,DEU,1989,27.96675553528977,3.3661488115602025
GERMANY,DEU,1990,28.202944401727837,3.374269539866272
GERMANY,DEU,1991,28.256395322092565,3.3760981932692053
GERMANY,DEU,1992,28.38788070942939,3.3805823685905914
GERMANY,DEU,1993,28.359209031061177,3.379606263024465
GERMANY,DEU,1994,28.421782240215666,3.381735292543601
GERMANY,DEU,1995,28.581053066349114,3.3871340572692885
GERMANY,DEU,1996,28.546209082455103,3.385955447380677
GERMANY,DEU,1997,28.424913508474535,3.3818417137528796
GERMANY,DEU,1998,28.437046333260966,3.382253960473542
GERMANY,DEU,1999,28.417178232246336,3.381578797325407
GERMANY,DEU,2000,28.29781507624567,3.3775129424658847
GERMANY,DEU,2001,28.2966896806668,3.3774745294582598
GERMANY,DEU,2002,28.362660146717694,3.379723804094217
GERMANY,DEU,2003,28.547967788019815,3.386014969508181
GERMANY,DEU,2004,28.665753819862697,3.3899933104736326
GERMANY,DEU,2005,28.677239227679575,3.390380396037419
GERMANY,DEU,2006,28.727866391689656,3.3920848682621267
GERMANY,DEU,2007,28.862291444311655,3.396596528761878
GERMANY,DEU,2008,28.951513249401287,3.3995798491415408
GERMANY,DEU,2009,28.8581031959265,3.396456266849101
GERMANY,DEU,2010,28.85469884277771,3.396342242618576
GERMANY,DEU,2011,28.95259427017167,3.39961594084928
GERMANY,DEU,2012,28.89150936425608,3.397574472319532
GERMANY,DEU,2013,28.948448843008123,3.3994775316679133
GERMANY,DEU,2014,28.989197097538344,3.4008372200630306
GERMANY,DEU,2015,28.842243295725737,3.3959249499805773
GERMANY,DEU,2016,28.87513347958512,3.397026478177597
GERMANY,DEU,2017,28.936877670140344,3.3990910873188374
GERMANY,DEU,2018,29.010905817755766,3.4015608428606563
GERMANY,DEU,2019,28.989218834563268,3.400837944891274
GERMANY,DEU,2020,28.98884582565967,3.400825506713893
GERMANY,DEU,2021,29.08462451644646,3.4040142278381214
GERMANY,DEU,2022,29.037723188596587,3.402454031366954
GERMANY,DEU,2023,29.125290799875224,3.4053650448721196
GHANA,GHA,1960,20.92534399217644,3.0876432276301022
GHANA,GHA,1961,20.993185453058352,3.0907326532415036
GHANA,GHA,1962,21.05267090634453,3.093433724096699
GHANA,GHA,1963,21.16106632569751,3.098336980112064
GHANA,GHA,1964,21.277636504928687,3.10358332796565
GHANA,GHA,1965,21.448293749357646,3.1112146090441613
GHANA,GHA,1966,21.483149824866626,3.112766131974583
GHANA,GHA,1967,21.282216952208643,3.1037889142475033
GHANA,GHA,1968,21.234091460712403,3.1016267623548384
GHANA,GHA,1969,21.39711026525183,3.108931944523459
GHANA,GHA,1970,21.518385447136097,3.1143321065244343
GHANA,GHA,1971,21.60999776657902,3.1183921875096443
GHANA,GHA,1972,21.473049156304402,3.112316775980923
GHANA,GHA,1973,21.827894473800665,3.1279832299986583
GHANA,GHA,1974,21.786047106087594,3.126148379599671
GHANA,GHA,1975,21.756488178286734,3.124850299386662
GHANA,GHA,1976,21.740398416080023,3.124143008664951
GHANA,GHA,1977,21.883107606483637,3.130398979250327
GHANA,GHA,1978,22.021405854955482,3.136424472452239
GHANA,GHA,1979,22.114604434544262,3.1404646443603523
GHANA,GHA,1980,22.215097046724267,3.1448028018087975
GHANA,GHA,1981,22.16367943756745,3.1425855104475238
GHANA,GHA,1982,22.118518551369196,3.140633965253318
GHANA,GHA,1983,22.123777435552352,3.140861414349155
GHANA,GHA,1984,22.207657364124085,3.1444822830132932
GHANA,GHA,1985,22.228299825529277,3.1453713553621467
GHANA,GHA,1986,22.469971703276624,3.155721804207183
GHANA,GHA,1987,22.347558850371435,3.150492432626953
GHANA,GHA,1988,22.371494568535987,3.151517098946461
GHANA,GHA,1989,22.38184783945821,3.151959987970356
GHANA,GHA,1990,22.496370137783792,3.1568459469976293
GHANA,GHA,1991,22.610817985889778,3.1617049962359323
GHANA,GHA,1992,22.582076905296002,3.1604869703354925
GHANA,GHA,1993,22.50983233590919,3.1574187309191126
GHANA,GHA,1994,22.418217689011485,3.1535142531819216
GHANA,GHA,1995,22.589573377896652,3.1608048083852007
GHANA,GHA,1996,22.659557265412857,3.163767146008842
GHANA,GHA,1997,22.653546361902904,3.1635130555737843
GHANA,GHA,1998,22.73577521667087,3.1669834128000516
GHANA,GHA,1999,22.766835350058898,3.1682911362048873
GHANA,GHA,2000,22.329267986342142,3.1497087090448215
GHANA,GHA,2001,22.39377492642982,3.1524699581866713
GHANA,GHA,2002,22.542348252799638,3.1588008527106965
GHANA,GHA,2003,22.755710572109933,3.167822946719821
GHANA,GHA,2004,22.907227055383466,3.174180800482192
GHANA,GHA,2005,23.09766619698751,3.1821149975082053
GHANA,GHA,2006,23.762298835070915,3.2093222882186643
GHANA,GHA,2007,23.935211267554173,3.2162809116934605
GHANA,GHA,2008,24.079444347602557,3.22204856032003
GHANA,GHA,2009,23.983234467874205,3.218204978616131
GHANA,GHA,2010,24.195159478353396,3.226651891874521
GHANA,GHA,2011,24.395422950859327,3.234568959001673
GHANA,GHA,2012,24.443442897718363,3.236458063344908
GHANA,GHA,2013,24.863613016117345,3.2528370780515825
GHANA,GHA,2014,24.726651601671808,3.247527481862226
GHANA,GHA,2015,24.623337914757723,3.2435035734918376
GHANA,GHA,2016,24.751558365334894,3.2484951443206738
GHANA,GHA,2017,24.824353017851216,3.251317962140138
GHANA,GHA,2018,24.93240994604316,3.255493535688612
GHANA,GHA,2019,24.947731367764867,3.2560841825827467
GHANA,GHA,2020,24.972376539613414,3.2570335324470996
GHANA,GHA,2021,25.099330004656096,3.2619096436794695
GHANA,GHA,2022,25.030883585529434,3.259283663322001
GHANA,GHA,2023,25.058860950327492,3.2603578620049705
GREECE,GRC,1960,22.190031666733134,3.143722516800494
GREECE,GRC,1961,22.324953655533438,3.149523759830402
GREECE,GRC,1962,22.374429623552476,3.1516426737455934
GREECE,GRC,1963,22.497418110524247,3.1568905474769564
GREECE,GRC,1964,22.620836197840557,3.162129212252676
GREECE,GRC,1965,22.763075869752946,3.1681329419134485
GREECE,GRC,1966,22.874041796694378,3.172791751391528
GREECE,GRC,1967,22.95065321966077,3.175995597792326
GREECE,GRC,1968,23.03487754387305,3.179506006424397
GREECE,GRC,1969,23.175619671260648,3.185344673741379
GREECE,GRC,1970,23.298916472198922,3.1904317597309126
GREECE,GRC,1971,23.40372213745618,3.1947356672821607
GREECE,GRC,1972,23.549721775408944,3.2007005211990784
GREECE,GRC,1973,23.82999587154804,3.2120524332513556
GREECE,GRC,1974,23.956096116667986,3.2171181256863863
GREECE,GRC,1975,24.07407746760825,3.2218345422482955
GREECE,GRC,1976,24.162171115625146,3.2253417204632093
GREECE,GRC,1977,24.311668247585395,3.2312654849722264
GREECE,GRC,1978,24.513577693610547,3.2392107690315766
GREECE,GRC,1979,24.72113394615564,3.2473129865062615
GREECE,GRC,1980,24.763324284593878,3.248951941225115
GREECE,GRC,1981,24.681151043575532,3.2457573003863995
GREECE,GRC,1982,24.72362914887125,3.2474099916266064
GREECE,GRC,1983,24.62380058106035,3.243521629770343
GREECE,GRC,1984,24.594883931358652,3.242392485082255
GREECE,GRC,1985,24.590727599347595,3.2422300827236277
GREECE,GRC,1986,24.755373112179708,3.248643269892994
GREECE,GRC,1987,24.90764533137141,3.254538111685954
GREECE,GRC,1988,25.057431148704264,3.2603029923446014
GREECE,GRC,1989,25.094851190959197,3.2617380224908508
GREECE,GRC,1990,25.30712139157115,3.269839677875602
GREECE,GRC,1991,25.378589375444026,3.272552672601046
GREECE,GRC,1992,25.478790989838803,3.276344072543044
GREECE,GRC,1993,25.412860432201303,3.2738510291226595
GREECE,GRC,1994,25.482030564999754,3.2764664110970876
GREECE,GRC,1995,25.64235852852928,3.2825023751065436
GREECE,GRC,1996,25.70592414888337,3.284885419030201
GREECE,GRC,1997,25.68721195929046,3.284184497836095
GREECE,GRC,1998,25.696048144717192,3.284515544890554
GREECE,GRC,1999,25.683231328515582,3.2840353279758863
GREECE,GRC,2000,25.594315307309056,3.2806974826968243
GREECE,GRC,2001,25.638192370134604,3.282345989396077
GREECE,GRC,2002,25.763875404161347,3.2870530455578195
GREECE,GRC,2003,26.033364234999375,3.297071815547526
GREECE,GRC,2004,26.20791156496513,3.3035077973675455
GREECE,GRC,2005,26.23619212708059,3.3045466817550624
GREECE,GRC,2006,26.334738297863883,3.3081583584165117
GREECE,GRC,2007,26.48815228376951,3.313755085795576
GREECE,GRC,2008,26.5979400446673,3.317741133874916
GREECE,GRC,2009,26.526315803192283,3.315142485396864
GREECE,GRC,2010,26.417418634638544,3.311178528004477
GREECE,GRC,2011,26.368698395287396,3.3093999660316498
GREECE,GRC,2012,26.212324659627676,3.3036699831638
GREECE,GRC,2013,26.199343080174632,3.3031928215461326
GREECE,GRC,2014,26.184798955934298,3.302657955166245
GREECE,GRC,2015,25.999764533065512,3.2958281449687274
GREECE,GRC,2016,25.986723330293962,3.295345016558588
GREECE,GRC,2017,26.02080493078645,3.2966071222728806
GREECE,GRC,2018,26.080085326129876,3.298798598930169
GREECE,GRC,2019,26.047508036537394,3.2975948767063574
GREECE,GRC,2020,25.962259526911456,3.294438092877596
GREECE,GRC,2021,26.092357588535624,3.2992516803108636
GREECE,GRC,2022,26.105838523392364,3.299749148348616
GREECE,GRC,2023,26.196402994912457,3.303084721722996
GREENLAND,GRL,1970,18.057125422504,2.947441069564682
GREENLAND,GRL,1971,18.298137200346847,2.960008573135923
GREENLAND,GRL,1972,18.479904835378136,2.9693834129549272
GREENLAND,GRL,1973,18.75825057973158,2.9835711549860138
GREENLAND,GRL,1974,18.950832108552742,2.9932708521679388
GREENLAND,GRL,1975,19.168271744842617,3.004110663854871
GREENLAND,GRL,1976,19.299391793433927,3.0105909246843194
GREENLAND,GRL,1977,19.458373728998357,3.01839227197815
GREENLAND,GRL,1978,19.69040598879914,3.0296701140298508
GREENLAND,GRL,1979,19.857301758571662,3.037704091185657
GREENLAND,GRL,1980,19.981037105392932,3.0436190347965657
GREENLAND,GRL,1981,19.892576932363852,3.0393939251824196
GREENLAND,GRL,1982,19.81296473395104,3.035576097050571
GREENLAND,GRL,1983,19.846638198772894,3.037192697775726
GREENLAND,GRL,1984,19.75402755233875,3.032740326749843
GREENLAND,GRL,1985,19.83865879093798,3.0368098573735414
GREENLAND,GRL,1986,20.217454773707832,3.054824181303294
GREENLAND,GRL,1987,20.484234755746016,3.067319398987145
GREENLAND,GRL,1988,20.616357090758438,3.0734503008241045
GREENLAND,GRL,1989,20.650479962027298,3.0750276233495244
GREENLAND,GRL,1990,20.742065294892587,3.0792488769459396
GREENLAND,GRL,1991,20.73963125916556,3.079136920149289
GREENLAND,GRL,1992,20.76048085017169,3.0800955196375064
GREENLAND,GRL,1993,20.647695112780944,3.0748989874776713
GREENLAND,GRL,1994,20.729136112435125,3.0786540379527616
GREENLAND,GRL,1995,20.913020770170068,3.0870810158597606
GREENLAND,GRL,1996,20.903514888485933,3.0866471211352975
GREENLAND,GRL,1997,20.792935950642097,3.081585878321703
GREENLAND,GRL,1998,20.862904354102955,3.084791335501435
GREENLAND,GRL,1999,20.846858724502457,3.0840571457373587
GREENLAND,GRL,2000,20.789077000439143,3.0814087891993
GREENLAND,GRL,2001,20.80592423209247,3.082181686642387
GREENLAND,GRL,2002,20.879531463868876,3.0855515634245396
GREENLAND,GRL,2003,21.167156356835495,3.0986117500355017
GREENLAND,GRL,2004,21.32347489522946,3.1056388106655533
GREENLAND,GRL,2005,21.338344793786245,3.106304699301967
GREENLAND,GRL,2006,21.422945101666855,3.1100847694838367
GREENLAND,GRL,2007,21.53411218105037,3.1150302580312763
GREENLAND,GRL,2008,21.63919342866066,3.119682626757813
GREENLAND,GRL,2009,21.65147087208479,3.120224788985478
GREENLAND,GRL,2010,21.640822642008782,3.119754588452627
GREENLAND,GRL,2011,21.710745939742704,3.122838201889915
GREENLAND,GRL,2012,21.682492865393268,3.121593387519253
GREENLAND,GRL,2013,21.710926821741946,3.122846166457851
GREENLAND,GRL,2014,21.767796986818375,3.125347124706302
GREENLAND,GRL,2015,21.639201714994094,3.1196829927749126
GREENLAND,GRL,2016,21.719158395739033,3.1232085507257987
GREENLAND,GRL,2017,21.771150874164373,3.125494422239934
GREENLAND,GRL,2018,21.84030141845818,3.128526581655992
GREENLAND,GRL,2019,21.820981047318824,3.12768033418991
GREENLAND,GRL,2020,21.84913157134759,3.1289131109876793
GREENLAND,GRL,2021,21.89754496676425,3.1310296981216283
GRENADA,GRD,1977,18.08513101428333,2.948909550951379
GRENADA,GRD,1978,18.296504158881415,2.9599239478403434
GRENADA,GRD,1979,18.442876214176092,2.9674807414923876
GRENADA,GRD,1980,18.524143573475648,2.971651831689506
GRENADA,GRD,1981,18.566095538712364,2.9737982489177432
GRENADA,GRD,1982,18.647302957698376,2.9779400748339184
GRENADA,GRD,1983,18.696823131279675,2.9804573603681783
GRENADA,GRD,1984,18.79591555817201,2.985475631480017
GRENADA,GRD,1985,18.937856891500253,2.9926202808989704
GRENADA,GRD,1986,19.049766743257088,2.9982175199321417
GRENADA,GRD,1987,19.186193095006654,3.0049988605594153
GRENADA,GRD,1988,19.280856147587507,3.0096773941823662
GRENADA,GRD,1989,19.403985588490524,3.0157302537523796
GRENADA,GRD,1990,19.44348687102085,3.017664341345339
GRENADA,GRD,1991,19.521816143194542,3.021488522389776
GRENADA,GRD,1992,19.55260028427809,3.022987467452176
GRENADA,GRD,1993,19.551476817598285,3.0229328029634295
GRENADA,GRD,1994,19.599679726707947,3.0252755284274886
GRENADA,GRD,1995,19.650825607952363,3.0277552996224646
GRENADA,GRD,1996,19.720631081110625,3.0311298745100186
GRENADA,GRD,1997,19.787258485188445,3.0343402261804022
GRENADA,GRD,1998,19.91561332651208,3.040495929183879
GRENADA,GRD,1999,19.993474112428338,3.044211632877569
GRENADA,GRD,2000,20.06942469353488,3.047822922912467
GRENADA,GRD,2001,20.07019320719581,3.047859397550791
GRENADA,GRD,2002,20.107703439854756,3.0496380657884212
GRENADA,GRD,2003,20.197357721090768,3.053876538112675
GRENADA,GRD,2004,20.21097012077823,3.0545185063697455
GRENADA,GRD,2005,20.3602214447222,3.0615303813005297
GRENADA,GRD,2006,20.364732977675175,3.061741570898306
GRENADA,GRD,2007,20.447095374389203,3.065589222423363
GRENADA,GRD,2008,20.532076320213385,3.069543745194258
GRENADA,GRD,2009,20.463556267877124,3.066356439590447
GRENADA,GRD,2010,20.463218146407606,3.0663406861836684
GRENADA,GRD,2011,20.47307934373608,3.066800027024789
GRENADA,GRD,2012,20.49997412650903,3.0680517317147085
GRENADA,GRD,2013,20.552024885096447,3.070469774321037
GRENADA,GRD,2014,20.630598088768423,3.074108890473508
GRENADA,GRD,2015,20.720268757595008,3.0782458687274405
GRENADA,GRD,2016,20.783081416979833,3.081133586697752
GRENADA,GRD,2017,20.841657740702928,3.0838190518744897
GRENADA,GRD,2018,20.877286349572127,3.085448945619548
GRENADA,GRD,2019,20.916762374721166,3.0872517492876588
GRENADA,GRD,2020,20.765761097442685,3.080338143262273
GRENADA,GRD,2021,20.839091402452002,3.0837015475594667
GRENADA,GRD,2022,20.925861950328517,3.087666851069457
GRENADA,GRD,2023,21.001150750272284,3.09109475882092
GUAM,GUM,2002,21.945275003758447,3.1331120331207325
GUAM,GUM,2003,21.995551281454436,3.1353007746751373
GUAM,GUM,2004,22.076261912664787,3.1388044663330397
GUAM,GUM,2005,22.16144081994329,3.1424888623389617
GUAM,GUM,2006,22.167357296792517,3.1427442748306254
GUAM,GUM,2007,22.204188327145083,3.1443327937209027
GUAM,GUM,2008,22.26185200840856,3.1468147659504555
GUAM,GUM,2009,22.297698140181698,3.1483545634244976
GUAM,GUM,2010,22.32245137291616,3.149416474864897
GUAM,GUM,2011,22.329498618431565,3.149718594950781
GUAM,GUM,2012,22.38434698253235,3.1520668661581595
GUAM,GUM,2013,22.40947958818256,3.153141050934601
GUAM,GUM,2014,22.447816556481015,3.154777379959403
GUAM,GUM,2015,22.480951325840714,3.1561895105718665
GUAM,GUM,2016,22.498387665021443,3.156931808797252
GUAM,GUM,2017,22.51718962900384,3.1577316273283373
GUAM,GUM,2018,22.523489384586597,3.1579994702146443
GUAM,GUM,2019,22.572507741587827,3.160081106773712
GUAM,GUM,2020,22.500926381794965,3.157039840875059
GUAM,GUM,2021,22.553284018291556,3.1592652595000787
GUAM,GUM,2022,22.65623547472599,3.163626736623309
GUATEMALA,GTM,1960,20.76594201540469,3.0803464552716395
GUATEMALA,GTM,1961,20.79716655190956,3.0817799866645545
GUATEMALA,GTM,1962,20.85744701841243,3.0845416881153755
GUATEMALA,GTM,1963,20.95659731464811,3.0890676553935665
GUATEMALA,GTM,1964,20.98493747698959,3.0903575587346923
GUATEMALA,GTM,1965,21.009496782021966,3.09147403212489
GUATEMALA,GTM,1966,21.053073054448838,3.0934519597308006
GUATEMALA,GTM,1967,21.097240277963206,3.0954527264259553
GUATEMALA,GTM,1968,21.19981052673553,3.100083754010079
GUATEMALA,GTM,1969,21.262912068225152,3.1029221579661046
GUATEMALA,GTM,1970,21.367222773315586,3.1075966181889187
GUATEMALA,GTM,1971,21.408783990341867,3.109453024419224
GUATEMALA,GTM,1972,21.4658220377639,3.1119951337851677
GUATEMALA,GTM,1973,21.666860442270533,3.120903965395155
GUATEMALA,GTM,1974,21.874312403832388,3.1300145518609512
GUATEMALA,GTM,1975,22.01686908550914,3.136227385594971
GUATEMALA,GTM,1976,22.196952798214483,3.144020925141219
GUATEMALA,GTM,1977,22.424462211113074,3.1537808699575587
GUATEMALA,GTM,1978,22.526723316865947,3.158136937490508
GUATEMALA,GTM,1979,22.655164018142756,3.163581442821185
GUATEMALA,GTM,1980,22.7874287525871,3.169157237455916
GUATEMALA,GTM,1981,22.875899788030278,3.172869573113405
GUATEMALA,GTM,1982,22.88854094456034,3.1733988855739437
GUATEMALA,GTM,1983,22.92603063885714,3.1749670143153566
GUATEMALA,GTM,1984,22.97139475470406,3.1768612342671934
GUATEMALA,GTM,1985,22.99762140876975,3.1779547174684994
GUATEMALA,GTM,1986,22.701776415220152,3.1655499995608563
GUATEMALA,GTM,1987,22.681160997961918,3.1646798374440896
GUATEMALA,GTM,1988,22.782709092304593,3.168958807915376
GUATEMALA,GTM,1989,22.85277343811347,3.1719004972869276
GUATEMALA,GTM,1990,22.757997215854523,3.1679191986796367
GUATEMALA,GTM,1991,22.96462798815381,3.1765789093596184
GUATEMALA,GTM,1992,23.068985281305913,3.1809240939186436
GUATEMALA,GTM,1993,23.15688071001752,3.184569255046536
GUATEMALA,GTM,1994,23.28692461664344,3.189938123909025
GUATEMALA,GTM,1995,23.408075007676764,3.1949140204871935
GUATEMALA,GTM,1996,23.475322436349092,3.197665362440076
GUATEMALA,GTM,1997,23.601903812575507,3.202823830698909
GUATEMALA,GTM,1998,23.688306504518092,3.206329710665177
GUATEMALA,GTM,1999,23.631172524934595,3.204012816559005
GUATEMALA,GTM,2000,23.682797142885295,3.2061065290367083
GUATEMALA,GTM,2001,23.635900170423604,3.204204735633749
GUATEMALA,GTM,2002,23.740965353668685,3.208460386157355
GUATEMALA,GTM,2003,23.794863727754475,3.210636523969329
GUATEMALA,GTM,2004,23.883550140870174,3.214206948241095
GUATEMALA,GTM,2005,24.011047729840673,3.219317636448716
GUATEMALA,GTM,2006,24.115901566276754,3.223501174080174
GUATEMALA,GTM,2007,24.23683462515924,3.2283046187608155
GUATEMALA,GTM,2008,24.374020702774878,3.2337258436231293
GUATEMALA,GTM,2009,24.33758736327819,3.232288959755526
GUATEMALA,GTM,2010,24.428918295038898,3.2358870419598733
GUATEMALA,GTM,2011,24.570771788147663,3.2414499721932133
GUATEMALA,GTM,2012,24.627134273814647,3.2436517227244885
GUATEMALA,GTM,2013,24.693490696730517,3.246237679537447
GUATEMALA,GTM,2014,24.78115650784516,3.2496438571660096
GUATEMALA,GTM,2015,24.85339677169926,3.252441995482312
GUATEMALA,GTM,2016,24.91372939526247,3.254772920737281
GUATEMALA,GTM,2017,24.99511138435295,3.2579084966640814
GUATEMALA,GTM,2018,25.018213354096773,3.2587968063954484
GUATEMALA,GTM,2019,25.069306644937722,3.2607586316936787
GUATEMALA,GTM,2020,25.076316481449563,3.2610274878750336
GUATEMALA,GTM,2021,25.178230192500937,3.2649281566879194
GUATEMALA,GTM,2022,25.27717778388909,3.2687007975866904
GUATEMALA,GTM,2023,25.34873336963721,3.271420204368514
GUINEA,GIN,1970,21.892716948052737,3.1308188227727
GUINEA,GIN,1971,22.00261590334854,3.1356079443900207
GUINEA,GIN,1972,22.159080818010665,3.142386963575683
GUINEA,GIN,1973,22.36266642880432,3.1511392965146516
GUINEA,GIN,1974,22.46222518258476,3.155391688794898
GUINEA,GIN,1975,22.532008538764096,3.1583615598597037
GUINEA,GIN,1976,22.634700161671212,3.1627159779650764
GUINEA,GIN,1977,22.656869324536004,3.163653530460354
GUINEA,GIN,1978,22.813561508732686,3.170255229687908
GUINEA,GIN,1979,22.90674014417633,3.174160433579562
GUINEA,GIN,1980,23.000176639459095,3.1780611902983233
GUINEA,GIN,1981,22.989854841410438,3.177631026037567
GUINEA,GIN,1982,23.201989452231636,3.1864348385535872
GUINEA,GIN,1983,23.43993834042221,3.1962186114042304
GUINEA,GIN,1984,23.636784148464507,3.204240616692523
GUINEA,GIN,1985,23.84948432101898,3.2128370006580624
GUINEA,GIN,1986,21.79112002646937,3.126370987573
GUINEA,GIN,1987,21.814085850902313,3.127378145678415
GUINEA,GIN,1988,21.969286211766864,3.1341579414148173
GUINEA,GIN,1989,21.989108397126557,3.1350205558188895
GUINEA,GIN,1990,22.081243195843978,3.139020304827205
GUINEA,GIN,1991,22.204001521923114,3.1443247431926418
GUINEA,GIN,1992,22.28963348287029,3.1480083466693842
GUINEA,GIN,1993,22.287950311127524,3.1479360727725267
GUINEA,GIN,1994,22.319172697590833,3.1492758847634135
GUINEA,GIN,1995,22.40701390343173,3.153035716913652
GUINEA,GIN,1996,22.453370285930195,3.1550142067797475
GUINEA,GIN,1997,22.431084875017362,3.1540635542654045
GUINEA,GIN,1998,22.378082013226617,3.151798917316418
GUINEA,GIN,1999,22.34202155994729,3.1502552366444045
GUINEA,GIN,2000,22.1974471818893,3.1440422373545482
GUINEA,GIN,2001,22.14045975236717,3.1415825898640604
GUINEA,GIN,2002,22.182254918168933,3.1433871117898797
GUINEA,GIN,2003,22.33772471824601,3.1500711378839785
GUINEA,GIN,2004,22.39111754521827,3.1523563582156537
GUINEA,GIN,2005,22.17779546458757,3.143194728323585
GUINEA,GIN,2006,22.163105524872282,3.1425607337359236
GUINEA,GIN,2007,22.560941129084924,3.1595903040417994
GUINEA,GIN,2008,22.664045589115208,3.1639568324843035
GUINEA,GIN,2009,22.627893248001254,3.162427931405379
GUINEA,GIN,2010,22.64802061403661,3.1632794164685833
GUINEA,GIN,2011,22.638000353397562,3.162855601540449
GUINEA,GIN,2012,22.756407546921544,3.1678522855428097
GUINEA,GIN,2013,22.848709598283822,3.1717301109768674
GUINEA,GIN,2014,22.89556838475615,3.173693018512492
GUINEA,GIN,2015,22.897358522483486,3.17376793075763
GUINEA,GIN,2016,22.874557650562803,3.1728133584700355
GUINEA,GIN,2017,23.05780184657066,3.1804593450499175
GUINEA,GIN,2018,23.196186808542794,3.186195050852275
GUINEA,GIN,2019,23.321714058338802,3.1913695339868955
GUINEA,GIN,2020,23.3749457259085,3.193555790252037
GUINEA,GIN,2021,23.501576771191843,3.1987374734876237
GUINEA,GIN,2022,23.767751572115326,3.2095424671614117
GUINEA,GIN,2023,23.885033422541145,3.2142665553894285
GUINEA-BISSAU,GNB,1970,19.136912177908684,3.0025545576566186
GUINEA-BISSAU,GNB,1971,19.134450301005558,3.002432293260549
GUINEA-BISSAU,GNB,1972,19.24479567596013,3.0078977568651593
GUINEA-BISSAU,GNB,1973,19.263674848573412,3.008829866803437
GUINEA-BISSAU,GNB,1974,19.36369024799609,3.013753425160119
GUINEA-BISSAU,GNB,1975,19.46205931013597,3.0185724060028343
GUINEA-BISSAU,GNB,1976,19.492785873409368,3.0200729155958186
GUINEA-BISSAU,GNB,1977,19.51552485607286,3.0211819095821344
GUINEA-BISSAU,GNB,1978,19.58031459715406,3.024335016836882
GUINEA-BISSAU,GNB,1979,19.546075113667207,3.022669930665283
GUINEA-BISSAU,GNB,1980,19.477248967259865,3.01931446337801
GUINEA-BISSAU,GNB,1981,19.812536773752296,3.035555534646119
GUINEA-BISSAU,GNB,1982,19.879956064675664,3.0387896588300243
GUINEA-BISSAU,GNB,1983,19.8681294147301,3.0382230867285194
GUINEA-BISSAU,GNB,1984,19.701560394873464,3.030209078825142
GUINEA-BISSAU,GNB,1985,19.739657127747652,3.0320476707335633
GUINEA-BISSAU,GNB,1986,19.640106235666313,3.027236087676972
GUINEA-BISSAU,GNB,1987,19.928956813784332,3.0411336935427817
GUINEA-BISSAU,GNB,1988,19.873498346489768,3.038480332651941
GUINEA-BISSAU,GNB,1989,20.13280574672052,3.0508266077972266
GUINEA-BISSAU,GNB,1990,20.267854846115082,3.0571967706289147
GUINEA-BISSAU,GNB,1991,20.3205034083297,3.0596692110418533
GUINEA-BISSAU,GNB,1992,20.19276333906657,3.0536597714733125
GUINEA-BISSAU,GNB,1993,20.238399533882887,3.055810842022565
GUINEA-BISSAU,GNB,1994,20.23306290387589,3.055559537747705
GUINEA-BISSAU,GNB,1995,20.308046412721733,3.059084767235304
GUINEA-BISSAU,GNB,1996,20.37081787166387,3.062026340553026
GUINEA-BISSAU,GNB,1997,20.3638832628218,3.0617017982621553
GUINEA-BISSAU,GNB,1998,20.197384345857742,3.0538777941536686
GUINEA-BISSAU,GNB,1999,20.17744458072997,3.0529366804262703
GUINEA-BISSAU,GNB,2000,19.785101608548906,3.0342364612444395
GUINEA-BISSAU,GNB,2001,19.8380155069978,3.0367789871589155
GUINEA-BISSAU,GNB,2002,19.96135513981154,3.0426805109798494
GUINEA-BISSAU,GNB,2003,20.131979696262142,3.0507875184962954
GUINEA-BISSAU,GNB,2004,20.182272786620594,3.0531646425663226
GUINEA-BISSAU,GNB,2005,20.276628736551093,3.0576092278887774
GUINEA-BISSAU,GNB,2006,20.26879203531438,3.057240835653695
GUINEA-BISSAU,GNB,2007,20.439792227226324,3.0652486452613497
GUINEA-BISSAU,GNB,2008,20.674776548672195,3.076149213440326
GUINEA-BISSAU,GNB,2009,20.606920579727678,3.0730136605835088
GUINEA-BISSAU,GNB,2010,20.6615101483645,3.0755369597502553
GUINEA-BISSAU,GNB,2011,20.869160517418052,3.085077448831604
GUINEA-BISSAU,GNB,2012,20.77149601299531,3.080601591902193
GUINEA-BISSAU,GNB,2013,20.82734006741711,3.083163315561888
GUINEA-BISSAU,GNB,2014,20.850119363066415,3.084206384367246
GUINEA-BISSAU,GNB,2015,20.865098821750493,3.0848917044865245
GUINEA-BISSAU,GNB,2016,20.9424610149668,3.0884236187919702
GUINEA-BISSAU,GNB,2017,21.10851368397226,3.0959627689088025
GUINEA-BISSAU,GNB,2018,21.164184052968398,3.0984776551110498
GUINEA-BISSAU,GNB,2019,21.119674446539747,3.096467458939127
GUINEA-BISSAU,GNB,2020,21.1422919012779,3.0974894404990505
GUINEA-BISSAU,GNB,2021,21.268235250978194,3.103161234796542
GUINEA-BISSAU,GNB,2022,21.26219280902205,3.1028898499365045
GUINEA-BISSAU,GNB,2023,21.39950152104361,3.109038705088542
GUYANA,GUY,1960,18.952580193323396,2.9933584679717478
GUYANA,GUY,1961,19.04044795471066,2.997752628996313
GUYANA,GUY,1962,19.088251173396007,3.000135125430838
GUYANA,GUY,1963,18.98461800337097,2.9949628778135318
GUYANA,GUY,1964,19.08735310418432,3.0000904182395964
GUYANA,GUY,1965,19.177906781196832,3.004588282151789
GUYANA,GUY,1966,19.247947379488387,3.008053424438991
GUYANA,GUY,1967,19.337677109161692,3.012475181009349
GUYANA,GUY,1968,19.25250231920007,3.0082783572367635
GUYANA,GUY,1969,19.334167548493788,3.0123026016387224
GUYANA,GUY,1970,19.405750991221346,3.015816772455017
GUYANA,GUY,1971,19.45759491815026,3.018354203181348
GUYANA,GUY,1972,19.469335520699037,3.0189279380177965
GUYANA,GUY,1973,19.542513404427314,3.022496563344707
GUYANA,GUY,1974,19.888450352603993,3.039196391515038
GUYANA,GUY,1975,20.01964735651917,3.0454575887390556
GUYANA,GUY,1976,19.93457644966598,3.041402167581035
GUYANA,GUY,1977,19.924491438500095,3.040920312065859
GUYANA,GUY,1978,20.0441793400348,3.0466240059779803
GUYANA,GUY,1979,20.08921740877367,3.0487618865842547
GUYANA,GUY,1980,20.21775937465802,3.0548385373496254
GUYANA,GUY,1981,20.16177322638072,3.052196404347656
GUYANA,GUY,1982,19.993454672014874,3.0442107068553983
GUYANA,GUY,1983,20.008554478470625,3.0449297108940936
GUYANA,GUY,1984,19.89688803055715,3.039600249824882
GUYANA,GUY,1985,19.93248018682255,3.041302028568953
GUYANA,GUY,1986,20.039377935716313,3.0463958216394813
GUYANA,GUY,1987,19.68647795906362,3.0294802481253873
GUYANA,GUY,1988,19.840893299109453,3.0369170806070724
GUYANA,GUY,1989,19.75510108869275,3.0327920520637384
GUYANA,GUY,1990,19.798394051141543,3.0348757746467645
GUYANA,GUY,1991,19.66924374724911,3.028646786050439
GUYANA,GUY,1992,19.73862437063941,3.0319978732457624
GUYANA,GUY,1993,19.93383104052177,3.041366560344507
GUYANA,GUY,1994,20.10869863485646,3.04968521310335
GUYANA,GUY,1995,20.247850447973924,3.056255734864412
GUYANA,GUY,1996,20.37428408356176,3.062188521095214
GUYANA,GUY,1997,20.43443378293862,3.064998684162841
GUYANA,GUY,1998,20.39132626868309,3.062985525318144
GUYANA,GUY,1999,20.359069806493885,3.061476464758618
GUYANA,GUY,2000,20.38452608687711,3.062667580426865
GUYANA,GUY,2001,20.383823624538167,3.062634730791855
GUYANA,GUY,2002,20.403241595956196,3.0635423870029586
GUYANA,GUY,2003,20.426292669392385,3.064618797291199
GUYANA,GUY,2004,20.48477306066231,3.067344454483824
GUYANA,GUY,2005,20.530749146354378,3.0694821062355953
GUYANA,GUY,2006,21.590289847206225,3.117520161172553
GUYANA,GUY,2007,21.727923278576764,3.1235942689115874
GUYANA,GUY,2008,21.830238887943196,3.128085924260205
GUYANA,GUY,2009,21.87562839752487,3.130072081714315
GUYANA,GUY,2010,21.956674868115698,3.1336087381462683
GUYANA,GUY,2011,22.029267378446196,3.136765901708973
GUYANA,GUY,2012,22.12520924445131,3.1409233317662575
GUYANA,GUY,2013,22.150654378461148,3.1420230470209125
GUYANA,GUY,2014,22.14097653417085,3.1416049220060667
GUYANA,GUY,2015,22.177181507923553,3.1431682389710214
GUYANA,GUY,2016,22.223490786247382,3.1451643002955607
GUYANA,GUY,2017,22.28102603040402,3.147638695362993
GUYANA,GUY,2018,22.289302806783372,3.1479941481447606
GUYANA,GUY,2019,22.366865570940043,3.1513190176446235
GUYANA,GUY,2020,22.422774151810067,3.15370880340957
GUYANA,GUY,2021,22.807864322493337,3.170015959814439
GUYANA,GUY,2022,23.412363466618743,3.1950897034219246
GUYANA,GUY,2023,23.54382904305706,3.2004604598353374
HAITI,HTI,1960,19.42566783244033,3.0167923370262413
HAITI,HTI,1961,19.417872891627756,3.0164106394178054
HAITI,HTI,1962,19.45705160447681,3.018327644786267
HAITI,HTI,1963,19.50209058193326,3.0205268605512963
HAITI,HTI,1964,19.60020059696687,3.0253008134649626
HAITI,HTI,1965,19.68269167505733,3.0292971995387057
HAITI,HTI,1966,19.72616789690934,3.031397051516117
HAITI,HTI,1967,19.72664373073851,3.0314200093715917
HAITI,HTI,1968,19.72350870993026,3.031268742337353
HAITI,HTI,1969,19.78631412950057,3.0342947956037816
HAITI,HTI,1970,19.61823298047538,3.026175780468502
HAITI,HTI,1971,19.709362276205255,3.0305858818964513
HAITI,HTI,1972,19.734401612241342,3.031794234455846
HAITI,HTI,1973,19.961409258379096,3.042683092802319
HAITI,HTI,1974,20.153042803224483,3.0517837629090634
HAITI,HTI,1975,20.33966006319114,3.0605673161868028
HAITI,HTI,1976,20.59429545564945,3.072429180534276
HAITI,HTI,1977,20.66880965115035,3.075873883312725
HAITI,HTI,1978,20.697127179336718,3.0771798637333436
HAITI,HTI,1979,20.80078227937424,3.0819458535261797
HAITI,HTI,1980,21.048099175028984,3.093226392962867
HAITI,HTI,1981,21.11490243711804,3.096251699694825
HAITI,HTI,1982,21.111381306719462,3.0960924672154957
HAITI,HTI,1983,21.207911742929017,3.1004486102048716
HAITI,HTI,1984,21.320012243220003,3.105483686044322
HAITI,HTI,1985,21.421102006992488,3.110002569290311
HAITI,HTI,1986,21.56397058186397,3.1163544121126523
HAITI,HTI,1987,21.439738842809852,3.1108334425658217
HAITI,HTI,1988,21.684119448695906,3.121665095906561
HAITI,HTI,1989,21.72985194092395,3.1236791240255486
HAITI,HTI,1990,21.853470392944413,3.129102982960975
HAITI,HTI,1991,21.968446598104304,3.1341213869916316
HAITI,HTI,1992,21.537359839382596,3.115174369514317
HAITI,HTI,1993,21.353608334968513,3.106987754783196
HAITI,HTI,1994,21.49687212129886,3.1133762827154774
HAITI,HTI,1995,21.757628728475982,3.1249004179110673
HAITI,HTI,1996,21.790565496944847,3.126346656330389
HAITI,HTI,1997,21.928921969160427,3.132399081772489
HAITI,HTI,1998,22.038038343083354,3.1371466908437298
HAITI,HTI,1999,22.147271571739804,3.141876914914217
HAITI,HTI,2000,22.642181476269126,3.1630324673104466
HAITI,HTI,2001,22.56887729233231,3.159927082904448
HAITI,HTI,2002,22.548757783532434,3.1590730710258677
HAITI,HTI,2003,22.346990761889696,3.150468100515969
HAITI,HTI,2004,22.5294804395568,3.1582541217286706
HAITI,HTI,2005,22.673473841309868,3.1643551741140623
HAITI,HTI,2006,22.75649839020543,3.167856109484204
HAITI,HTI,2007,22.94557728710321,3.1757836423827728
HAITI,HTI,2008,23.068236114989507,3.180892967638616
HAITI,HTI,2009,23.174012525361633,3.1852781935707304
HAITI,HTI,2010,23.1963792798609,3.186203005434297
HAITI,HTI,2011,23.288887740420222,3.190018951122512
HAITI,HTI,2012,23.341312952331013,3.1921750282709893
HAITI,HTI,2013,23.4247940563704,3.195598766219621
HAITI,HTI,2014,23.441060638013454,3.1962645309891364
HAITI,HTI,2015,23.421240739499883,3.1954532757251877
HAITI,HTI,2016,23.36725935822752,3.193240401658869
HAITI,HTI,2017,23.437520560870073,3.196119679110758
HAITI,HTI,2018,23.52078279144569,3.1995210351687775
HAITI,HTI,2019,23.432388191720577,3.1959096370092124
HAITI,HTI,2020,23.397981395877085,3.194500399199699
HAITI,HTI,2021,23.76193378734607,3.2093075460326466
HAITI,HTI,2022,23.731596018601596,3.208081617202637
HAITI,HTI,2023,23.711511644603796,3.2072691935483917
HEAVILY INDEBTED POOR COUNTRIES (HIPC),HPC,1960,23.686175127995412,3.2062433755198336
HEAVILY INDEBTED POOR COUNTRIES (HIPC),HPC,1961,23.742077059576197,3.208505318960735
HEAVILY INDEBTED POOR COUNTRIES (HIPC),HPC,1962,23.80069610473276,3.210871721516241
HEAVILY INDEBTED POOR COUNTRIES (HIPC),HPC,1963,23.86752829676293,3.2135628679451793
HEAVILY INDEBTED POOR COUNTRIES (HIPC),HPC,1964,23.955230086382155,3.217083422930447
HEAVILY INDEBTED POOR COUNTRIES (HIPC),HPC,1965,24.034069966994327,3.220237695780664
HEAVILY INDEBTED POOR COUNTRIES (HIPC),HPC,1966,24.109234229292397,3.223235676061387
HEAVILY INDEBTED POOR COUNTRIES (HIPC),HPC,1967,24.138938359083387,3.22441797311702
HEAVILY INDEBTED POOR COUNTRIES (HIPC),HPC,1968,24.203095526868328,3.226966825341154
HEAVILY INDEBTED POOR COUNTRIES (HIPC),HPC,1969,24.272554717953636,3.229719013162087
HEAVILY INDEBTED POOR COUNTRIES (HIPC),HPC,1970,24.23428390604371,3.2282035423752737
HEAVILY INDEBTED POOR COUNTRIES (HIPC),HPC,1971,24.29861799214752,3.230749769425181
HEAVILY INDEBTED POOR COUNTRIES (HIPC),HPC,1972,24.407334685831806,3.2350378994980122
HEAVILY INDEBTED POOR COUNTRIES (HIPC),HPC,1973,24.60260104410119,3.242693949609455
HEAVILY INDEBTED POOR COUNTRIES (HIPC),HPC,1974,24.755616360693374,3.248652714421867
HEAVILY INDEBTED POOR COUNTRIES (HIPC),HPC,1975,24.88732113809188,3.2537533174981
HEAVILY INDEBTED POOR COUNTRIES (HIPC),HPC,1976,24.976443760381535,3.2571901181309686
HEAVILY INDEBTED POOR COUNTRIES (HIPC),HPC,1977,25.106284717433667,3.2621760791138854
HEAVILY INDEBTED POOR COUNTRIES (HIPC),HPC,1978,25.263477994392826,3.268179304674057
HEAVILY INDEBTED POOR COUNTRIES (HIPC),HPC,1979,25.38674890057058,3.272861948555989
HEAVILY INDEBTED POOR COUNTRIES (HIPC),HPC,1980,25.495296635429227,3.276967231784268
HEAVILY INDEBTED POOR COUNTRIES (HIPC),HPC,1981,25.515526984843188,3.277730485362103
HEAVILY INDEBTED POOR COUNTRIES (HIPC),HPC,1982,25.52290080203278,3.2780085410113666
HEAVILY INDEBTED POOR COUNTRIES (HIPC),HPC,1983,25.536462055561636,3.2785197138974995
HEAVILY INDEBTED POOR COUNTRIES (HIPC),HPC,1984,25.584667846808205,3.2803346528706605
HEAVILY INDEBTED POOR COUNTRIES (HIPC),HPC,1985,25.647180726589713,3.282683356144886
HEAVILY INDEBTED POOR COUNTRIES (HIPC),HPC,1986,25.546959234479132,3.278915211354115
HEAVILY INDEBTED POOR COUNTRIES (HIPC),HPC,1987,25.612899892168056,3.281396056585539
HEAVILY INDEBTED POOR COUNTRIES (HIPC),HPC,1988,25.66577611681471,3.2833809498286772
HEAVILY INDEBTED POOR COUNTRIES (HIPC),HPC,1989,25.69881194800481,3.284619068086805
HEAVILY INDEBTED POOR COUNTRIES (HIPC),HPC,1990,25.845431161746564,3.290095644902066
HEAVILY INDEBTED POOR COUNTRIES (HIPC),HPC,1991,25.930141330760225,3.2932461548884673
HEAVILY INDEBTED POOR COUNTRIES (HIPC),HPC,1992,25.646732585882827,3.2826665384379834
HEAVILY INDEBTED POOR COUNTRIES (HIPC),HPC,1993,25.680693983277376,3.2839402320763513
HEAVILY INDEBTED POOR COUNTRIES (HIPC),HPC,1994,25.523066641095618,3.278014793666218
HEAVILY INDEBTED POOR COUNTRIES (HIPC),HPC,1995,25.674927712296338,3.2837240872421147
HEAVILY INDEBTED POOR COUNTRIES (HIPC),HPC,1996,25.761153604313687,3.286951343610135
HEAVILY INDEBTED POOR COUNTRIES (HIPC),HPC,1997,25.807052440546514,3.288665003665382
HEAVILY INDEBTED POOR COUNTRIES (HIPC),HPC,1998,25.840364530363992,3.2899068936194484
HEAVILY INDEBTED POOR COUNTRIES (HIPC),HPC,1999,25.846094689305684,3.2901203611882446
HEAVILY INDEBTED POOR COUNTRIES (HIPC),HPC,2000,25.92386595501457,3.293013103493025
HEAVILY INDEBTED POOR COUNTRIES (HIPC),HPC,2001,25.885895591966285,3.2916018216638974
HEAVILY INDEBTED POOR COUNTRIES (HIPC),HPC,2002,25.967407949575872,3.294629023877951
HEAVILY INDEBTED POOR COUNTRIES (HIPC),HPC,2003,26.093650958533054,3.2992994184643964
HEAVILY INDEBTED POOR COUNTRIES (HIPC),HPC,2004,26.235659769388747,3.3045271355977968
HEAVILY INDEBTED POOR COUNTRIES (HIPC),HPC,2005,26.371669504286203,3.3095085187913673
HEAVILY INDEBTED POOR COUNTRIES (HIPC),HPC,2006,26.53135570011115,3.315325562406673
HEAVILY INDEBTED POOR COUNTRIES (HIPC),HPC,2007,26.70838652731996,3.3217351300890416
HEAVILY INDEBTED POOR COUNTRIES (HIPC),HPC,2008,26.88102226777087,3.327946251926388
HEAVILY INDEBTED POOR COUNTRIES (HIPC),HPC,2009,26.87339156595666,3.3276725264457614
HEAVILY INDEBTED POOR COUNTRIES (HIPC),HPC,2010,26.955834833295008,3.3306259375023877
HEAVILY INDEBTED POOR COUNTRIES (HIPC),HPC,2011,27.058435567685773,3.334289320008355
HEAVILY INDEBTED POOR COUNTRIES (HIPC),HPC,2012,27.092975583567465,3.335519565857209
HEAVILY INDEBTED POOR COUNTRIES (HIPC),HPC,2013,27.20920713520953,3.3396484188128155
HEAVILY INDEBTED POOR COUNTRIES (HIPC),HPC,2014,27.26623383791279,3.3416679416745216
HEAVILY INDEBTED POOR COUNTRIES (HIPC),HPC,2015,27.226508734373482,3.3402615624378904
HEAVILY INDEBTED POOR COUNTRIES (HIPC),HPC,2016,27.23725599137336,3.3406422404596934
HEAVILY INDEBTED POOR COUNTRIES (HIPC),HPC,2017,27.30910363833329,3.3431834362535335
HEAVILY INDEBTED POOR COUNTRIES (HIPC),HPC,2018,27.37562170231752,3.345530385775375
HEAVILY INDEBTED POOR COUNTRIES (HIPC),HPC,2019,27.412063718417244,3.3468138337916873
HEAVILY INDEBTED POOR COUNTRIES (HIPC),HPC,2020,27.42197804405738,3.3471627206712142
HEAVILY INDEBTED POOR COUNTRIES (HIPC),HPC,2021,27.52817212596785,3.3508920946824987
HEAVILY INDEBTED POOR COUNTRIES (HIPC),HPC,2022,27.61252652945132,3.3538446124762045
HEAVILY INDEBTED POOR COUNTRIES (HIPC),HPC,2023,27.75365649987198,3.3587649417605805
HIGH INCOME,HIC,1960,27.719656258647,3.357581775398335
HIGH INCOME,HIC,1961,27.784232739269687,3.359827762892195
HIGH INCOME,HIC,1962,27.862565212492417,3.3625454340974605
HIGH INCOME,HIC,1963,27.935496412615162,3.3650690910084164
HIGH INCOME,HIC,1964,28.024417732846782,3.3681374664989012
HIGH INCOME,HIC,1965,28.107802223931603,3.37100625590121
HIGH INCOME,HIC,1966,28.197908094264484,3.3740970661005445
HIGH INCOME,HIC,1967,28.26401776879065,3.3763586988377274
HIGH INCOME,HIC,1968,28.345352286253338,3.3791341789221656
HIGH INCOME,HIC,1969,28.44269360705942,3.3824457844802884
HIGH INCOME,HIC,1970,28.53581839884584,3.3856037098334277
HIGH INCOME,HIC,1971,28.641073728320443,3.38916102542359
HIGH INCOME,HIC,1972,28.790885831426834,3.3942025021483735
HIGH INCOME,HIC,1973,28.9840697569363,3.4006662325253005
HIGH INCOME,HIC,1974,29.10690199426118,3.4047544476040366
HIGH INCOME,HIC,1975,29.21656967444453,3.408390438636077
HIGH INCOME,HIC,1976,29.30187496215145,3.4112095905398307
HIGH INCOME,HIC,1977,29.42571782182674,3.415288231753099
HIGH INCOME,HIC,1978,29.608488512776713,3.4212773728677335
HIGH INCOME,HIC,1979,29.7531669317631,3.4259929786002896
HIGH INCOME,HIC,1980,29.863073595453788,3.4295604400134954
HIGH INCOME,HIC,1981,29.87846653936439,3.4300590652242016
HIGH INCOME,HIC,1982,29.86861833749513,3.4297400800616664
HIGH INCOME,HIC,1983,29.901121814674273,3.430792487926716
HIGH INCOME,HIC,1984,29.94269975774119,3.4321370991837217
HIGH INCOME,HIC,1985,29.990899136023238,3.433693585125886
HIGH INCOME,HIC,1986,30.185440109166073,3.439951322726539
HIGH INCOME,HIC,1987,30.333336961889145,3.4446826094068603
HIGH INCOME,HIC,1988,30.451539856073442,3.4484479439851596
HIGH INCOME,HIC,1989,30.49217501541369,3.4497391027630746
HIGH INCOME,HIC,1990,30.605378895294155,3.4533273243129026
HIGH INCOME,HIC,1991,30.659210798233968,3.455029126733265
HIGH INCOME,HIC,1992,30.72746559410008,3.457182728282717
HIGH INCOME,HIC,1993,30.73435510071818,3.457399851162891
HIGH INCOME,HIC,1994,30.80149304557633,3.4595132398027144
HIGH INCOME,HIC,1995,30.90552259996956,3.4627791170629694
HIGH INCOME,HIC,1996,30.913574191830758,3.4630314425363364
HIGH INCOME,HIC,1997,30.897091591051,3.46251483293999
HIGH INCOME,HIC,1998,30.89579266589362,3.4624741097410725
HIGH INCOME,HIC,1999,30.941706647441695,3.4639125742786554
HIGH INCOME,HIC,2000,30.96453608504653,3.464627040897246
HIGH INCOME,HIC,2001,30.956455340436445,3.4643742054992677
HIGH INCOME,HIC,2002,30.999101124297294,3.465707812539489
HIGH INCOME,HIC,2003,31.114564846278004,3.469309660758949
HIGH INCOME,HIC,2004,31.225249408372335,3.4727502883879255
HIGH INCOME,HIC,2005,31.284892404858223,3.4745993934062587
HIGH INCOME,HIC,2006,31.34425310995072,3.4764363578690274
HIGH INCOME,HIC,2007,31.439873380947883,3.479388326062896
HIGH INCOME,HIC,2008,31.509243279992436,3.4815244575143804
HIGH INCOME,HIC,2009,31.43635641633088,3.479279905316763
HIGH INCOME,HIC,2010,31.48838364598229,3.480882599166227
HIGH INCOME,HIC,2011,31.57308729350622,3.483486404280282
HIGH INCOME,HIC,2012,31.57667237436396,3.483596460890763
HIGH INCOME,HIC,2013,31.590688436446076,3.4840266167885576
HIGH INCOME,HIC,2014,31.607148101083993,3.4845315312416045
HIGH INCOME,HIC,2015,31.538495899468188,3.4824238775962084
HIGH INCOME,HIC,2016,31.557681206143148,3.4830133225708133
HIGH INCOME,HIC,2017,31.607647428850616,3.4845468445692807
HIGH INCOME,HIC,2018,31.668522924298593,3.48641201260125
HIGH INCOME,HIC,2019,31.67789481017346,3.486698849623509
HIGH INCOME,HIC,2020,31.652635991032202,3.4859255872578103
HIGH INCOME,HIC,2021,31.765563888961807,3.489378082444446
HIGH INCOME,HIC,2022,31.79682467371988,3.4903317019757782
HIGH INCOME,HIC,2023,31.84542380388899,3.4918124294089763
HONDURAS,HND,1960,19.631579508349034,3.026822887814409
HONDURAS,HND,1961,19.691002928819834,3.0296989646676784
HONDURAS,HND,1962,19.775871360020922,3.0337922825825627
HONDURAS,HND,1963,19.832155403602556,3.036497725848687
HONDURAS,HND,1964,19.94019394885848,3.0416704675226343
HONDURAS,HND,1965,20.047270715204032,3.0467708944872016
HONDURAS,HND,1966,20.1253379229674,3.0504731694687837
HONDURAS,HND,1967,20.209268522014785,3.0544382805709853
HONDURAS,HND,1968,20.287547685667224,3.0581222860646173
HONDURAS,HND,1969,20.319798806351216,3.059636162402798
HONDURAS,HND,1970,20.398919780123038,3.0633404431894267
HONDURAS,HND,1971,20.40992401771405,3.063854553679556
HONDURAS,HND,1972,20.50386070965466,3.0682324869041477
HONDURAS,HND,1973,20.631698088626525,3.0741597430613514
HONDURAS,HND,1974,20.75718405514987,3.0799440043834
HONDURAS,HND,1975,20.84015958841791,3.083750458011999
HONDURAS,HND,1976,21.021887812344538,3.092036859333883
HONDURAS,HND,1977,21.235789987398896,3.101703152335293
HONDURAS,HND,1978,21.8537779051116,3.129116438689711
HONDURAS,HND,1979,21.9886014309429,3.134998503124853
HONDURAS,HND,1980,22.101568359729022,3.139900509583594
HONDURAS,HND,1981,22.120474143355302,3.1407185515244844
HONDURAS,HND,1982,22.174060482285352,3.143033570491433
HONDURAS,HND,1983,22.222151375957,3.145106623827828
HONDURAS,HND,1984,22.315621036447354,3.1491235666821713
HONDURAS,HND,1985,22.386835945645128,3.1521732976383703
HONDURAS,HND,1986,22.459834771084505,3.1552898001947516
HONDURAS,HND,1987,22.546285127125167,3.158968063948404
HONDURAS,HND,1988,22.498678605818334,3.1569441900295283
HONDURAS,HND,1989,22.41563671961351,3.1534040350743933
HONDURAS,HND,1990,22.317185877910806,3.149190680011502
HONDURAS,HND,1991,22.259846666844908,3.146728554929706
HONDURAS,HND,1992,22.321379962845633,3.1493705348106595
HONDURAS,HND,1993,22.31794110234177,3.1492230686627156
HONDURAS,HND,1994,22.2584716087489,3.1466694359354097
HONDURAS,HND,1995,22.399884714662953,3.152731095627714
HONDURAS,HND,1996,22.374810483674494,3.1516589674915947
HONDURAS,HND,1997,22.470219632153853,3.1557323678146236
HONDURAS,HND,1998,22.57429061487724,3.160156737499548
HONDURAS,HND,1999,22.581830090150024,3.160476504063222
HONDURAS,HND,2000,22.69548930948631,3.165284705532832
HONDURAS,HND,2001,22.758123408191047,3.1679245102385294
HONDURAS,HND,2002,22.78483046109993,3.1690480018832226
HONDURAS,HND,2003,22.831099401740865,3.1709914252433022
HONDURAS,HND,2004,22.905861626126363,3.1741236851903283
HONDURAS,HND,2005,23.001252114348627,3.1781060004182566
HONDURAS,HND,2006,23.113630742670804,3.1827772715925047
HONDURAS,HND,2007,23.23783303789019,3.1879147610783996
HONDURAS,HND,2008,23.353839559151027,3.1926895191987414
HONDURAS,HND,2009,23.40343057606247,3.1947237197958804
HONDURAS,HND,2010,23.48576284570797,3.1980918403033414
HONDURAS,HND,2011,23.597410855272024,3.2026411876134797
HONDURAS,HND,2012,23.64257886003795,3.2044757947161977
HONDURAS,HND,2013,23.641021931891352,3.204412612313853
HONDURAS,HND,2014,23.70675010759876,3.207076490007193
HONDURAS,HND,2015,23.766825510666795,3.2095050766554993
HONDURAS,HND,2016,23.801389056695562,3.210899661953043
HONDURAS,HND,2017,23.864666401684378,3.213447775695619
HONDURAS,HND,2018,23.90413863861266,3.215034000045297
HONDURAS,HND,2019,23.937419559892206,3.2163694689763966
HONDURAS,HND,2020,23.873958426073667,3.21382140984934
HONDURAS,HND,2021,24.060611803816773,3.2212973627300427
HONDURAS,HND,2022,24.170902743038628,3.2256886743379356
HONDURAS,HND,2023,24.26133722249627,3.229275053862264
"HONG KONG SAR, CHINA",HKG,1960,21.001500915508355,3.091110674463401
"HONG KONG SAR, CHINA",HKG,1961,21.048013646828814,3.093222513790999
"HONG KONG SAR, CHINA",HKG,1962,21.200956353889893,3.1001353669544094
"HONG KONG SAR, CHINA",HKG,1963,21.383527294419565,3.1083252996881447
"HONG KONG SAR, CHINA",HKG,1964,21.514658186587514,3.114166572052129
"HONG KONG SAR, CHINA",HKG,1965,21.61324484512983,3.11853578970926
"HONG KONG SAR, CHINA",HKG,1966,21.635486303176233,3.1195188652242285
"HONG KONG SAR, CHINA",HKG,1967,21.71372667786187,3.1229694411955875
"HONG KONG SAR, CHINA",HKG,1968,21.722781060357423,3.1233679921875597
"HONG KONG SAR, CHINA",HKG,1969,21.883205263005898,3.1304032468662277
"HONG KONG SAR, CHINA",HKG,1970,22.058468603236257,3.138033103409194
"HONG KONG SAR, CHINA",HKG,1971,22.221996062162496,3.1450999356312273
"HONG KONG SAR, CHINA",HKG,1972,22.4655006596402,3.155531285461984
"HONG KONG SAR, CHINA",HKG,1973,22.806465004352138,3.169957182628605
"HONG KONG SAR, CHINA",HKG,1974,22.962772181945653,3.1765014669695657
"HONG KONG SAR, CHINA",HKG,1975,23.03064835965638,3.1793300306434986
"HONG KONG SAR, CHINA",HKG,1976,23.278659375639712,3.1895977494955376
"HONG KONG SAR, CHINA",HKG,1977,23.478163600361842,3.1977814385051717
"HONG KONG SAR, CHINA",HKG,1978,23.63099368109609,3.2040055556587124
"HONG KONG SAR, CHINA",HKG,1979,23.837944226546263,3.212372493034402
"HONG KONG SAR, CHINA",HKG,1980,24.085786761423716,3.222301421264343
"HONG KONG SAR, CHINA",HKG,1981,24.159032943198262,3.225216994813669
"HONG KONG SAR, CHINA",HKG,1982,24.198061074883313,3.226767050084346
"HONG KONG SAR, CHINA",HKG,1983,24.121365999980902,3.223718719101646
"HONG KONG SAR, CHINA",HKG,1984,24.23515103851942,3.228237905053467
"HONG KONG SAR, CHINA",HKG,1985,24.298410143798737,3.2307415535928907
"HONG KONG SAR, CHINA",HKG,1986,24.438675163267256,3.2362706602002764
"HONG KONG SAR, CHINA",HKG,1987,24.647669804227622,3.2444527216509664
"HONG KONG SAR, CHINA",HKG,1988,24.81272187914464,3.2508674664865214
"HONG KONG SAR, CHINA",HKG,1989,24.954327408668725,3.256338355195351
"HONG KONG SAR, CHINA",HKG,1990,25.06614595578493,3.2606373825628476
"HONG KONG SAR, CHINA",HKG,1991,25.211452643841774,3.2661964390670253
"HONG KONG SAR, CHINA",HKG,1992,25.370273574938757,3.2722373747876325
"HONG KONG SAR, CHINA",HKG,1993,25.51370500243249,3.2776617692090255
"HONG KONG SAR, CHINA",HKG,1994,25.634535727448096,3.2822087092971284
"HONG KONG SAR, CHINA",HKG,1995,25.697598736639936,3.2845736264045073
"HONG KONG SAR, CHINA",HKG,1996,25.796676746366607,3.288277877826681
"HONG KONG SAR, CHINA",HKG,1997,25.90140891961119,3.292178661429933
"HONG KONG SAR, CHINA",HKG,1998,25.852486473861294,3.290358422770035
"HONG KONG SAR, CHINA",HKG,1999,25.833855632853204,3.289664360145356
"HONG KONG SAR, CHINA",HKG,2000,25.868833407271758,3.2909670055059457
"HONG KONG SAR, CHINA",HKG,2001,25.85555416557126,3.2904726586154234
"HONG KONG SAR, CHINA",HKG,2002,25.837353023223123,3.289794686644887
"HONG KONG SAR, CHINA",HKG,2003,25.807062114193116,3.2886653645273185
"HONG KONG SAR, CHINA",HKG,2004,25.853754726056355,3.290405651999523
"HONG KONG SAR, CHINA",HKG,2005,25.924903300629815,3.2930516316016414
"HONG KONG SAR, CHINA",HKG,2006,25.988726500066218,3.295419241776885
"HONG KONG SAR, CHINA",HKG,2007,26.077949096863158,3.2987197102005252
"HONG KONG SAR, CHINA",HKG,2008,26.11360958452725,3.3000358005171377
"HONG KONG SAR, CHINA",HKG,2009,26.089465171231804,3.2991449132380986
"HONG KONG SAR, CHINA",HKG,2010,26.155408728539687,3.3015762430597673
"HONG KONG SAR, CHINA",HKG,2011,26.23876348048784,3.30464108672999
"HONG KONG SAR, CHINA",HKG,2012,26.29400771615439,3.306667180521033
"HONG KONG SAR, CHINA",HKG,2013,26.342567837664994,3.3084447492579043
"HONG KONG SAR, CHINA",HKG,2014,26.39816859825553,3.310476171680442
"HONG KONG SAR, CHINA",HKG,2015,26.457854305361035,3.312652258370617
"HONG KONG SAR, CHINA",HKG,2016,26.494271717591978,3.3139776817963487
"HONG KONG SAR, CHINA",HKG,2017,26.555949428836858,3.316218462515042
"HONG KONG SAR, CHINA",HKG,2018,26.614166874885004,3.318328933601833
"HONG KONG SAR, CHINA",HKG,2019,26.61787400845427,3.3184631721168523
"HONG KONG SAR, CHINA",HKG,2020,26.566645456602497,3.316606543951415
"HONG KONG SAR, CHINA",HKG,2021,26.633938272050614,3.319044664863821
"HONG KONG SAR, CHINA",HKG,2022,26.605741799019295,3.318023787282927
"HONG KONG SAR, CHINA",HKG,2023,26.66882930000464,3.320306483543618
HUNGARY,HUN,1968,22.30641801180716,3.148728773792474
HUNGARY,HUN,1969,22.411903072614233,3.1532445713475457
HUNGARY,HUN,1970,22.474562922008136,3.1559174060502
HUNGARY,HUN,1971,22.55920884986698,3.1595167779931983
HUNGARY,HUN,1972,22.718679135966852,3.166262886911518
HUNGARY,HUN,1973,22.93247203166622,3.175236199203664
HUNGARY,HUN,1974,23.024216068214027,3.1790623244889873
HUNGARY,HUN,1975,23.155399064992864,3.184507918879747
HUNGARY,HUN,1976,23.302909572142735,3.1905960786579075
HUNGARY,HUN,1977,23.41352195804771,3.1951371574074123
HUNGARY,HUN,1978,23.569938464455287,3.201523682030777
HUNGARY,HUN,1979,23.71371530065996,3.2073583648559936
HUNGARY,HUN,1980,23.86056577961186,3.2132828444564097
HUNGARY,HUN,1981,23.885721773359748,3.2142942162443195
HUNGARY,HUN,1982,23.90393776713275,3.2150259342256784
HUNGARY,HUN,1983,23.806958314863675,3.2111241910287567
HUNGARY,HUN,1984,23.776013033887224,3.2098759687398313
HUNGARY,HUN,1985,23.788546361329075,3.210381706220883
HUNGARY,HUN,1986,23.929961264408114,3.216070343760016
HUNGARY,HUN,1987,24.024391849851188,3.2198510232017448
HUNGARY,HUN,1988,24.114501467850868,3.2234454270289192
HUNGARY,HUN,1989,24.1351812505588,3.224268508201045
HUNGARY,HUN,1990,24.26033039109418,3.2292351964525707
HUNGARY,HUN,1991,24.271548128657333,3.2296791830240594
HUNGARY,HUN,1992,24.379895458740226,3.2339573432367903
HUNGARY,HUN,1993,24.41526334837811,3.2353499127723153
HUNGARY,HUN,1994,24.488334708998202,3.238220885104311
HUNGARY,HUN,1995,24.561118542552368,3.241072389997541
HUNGARY,HUN,1996,24.566126424049674,3.241268288740631
HUNGARY,HUN,1997,24.57971171025837,3.2417995259643724
HUNGARY,HUN,1998,24.60908422706224,3.242947141159835
HUNGARY,HUN,1999,24.61658256940608,3.2432398983991773
HUNGARY,HUN,2000,24.578049608873098,3.241734546522622
HUNGARY,HUN,2001,24.707609301014994,3.2467870298291786
HUNGARY,HUN,2002,24.937005751297463,3.255670742437697
HUNGARY,HUN,2003,25.1692651626047,3.2645856367670305
HUNGARY,HUN,2004,25.368817795054312,3.272182167925057
HUNGARY,HUN,2005,25.452520569350014,3.275351449391568
HUNGARY,HUN,2006,25.474401454369467,3.276178283276079
HUNGARY,HUN,2007,25.66624106156201,3.283398385686982
HUNGARY,HUN,2008,25.787919601107536,3.287951024740759
HUNGARY,HUN,2009,25.5989916893107,3.280873308652296
HUNGARY,HUN,2010,25.607395286718766,3.281189195445426
HUNGARY,HUN,2011,25.678686224223963,3.2838649778643814
HUNGARY,HUN,2012,25.581637508719595,3.2802206581865603
HUNGARY,HUN,2013,25.633596816397716,3.282173457036325
HUNGARY,HUN,2014,25.6722657216844,3.283624288529463
HUNGARY,HUN,2015,25.55297194035595,3.279141678913281
HUNGARY,HUN,2016,25.580049028026107,3.280160897829151
HUNGARY,HUN,2017,25.686894747272877,3.284172611472569
HUNGARY,HUN,2018,25.801968686454586,3.288475343268669
HUNGARY,HUN,2019,25.823257015108833,3.2892693102681196
HUNGARY,HUN,2020,25.78135043162873,3.2877057658635063
HUNGARY,HUN,2021,25.927876734186043,3.293162059830503
HUNGARY,HUN,2022,25.8994501939187,3.2921058475111358
HUNGARY,HUN,2023,26.081684895471486,3.2988576652913877
IBRD ONLY,IBD,1960,26.512147490668585,3.314627634073308
IBRD ONLY,IBD,1961,26.498123939974548,3.314117781980849
IBRD ONLY,IBD,1962,26.51335393606664,3.31467148448328
IBRD ONLY,IBD,1963,26.612666314005246,3.3182745918699794
IBRD ONLY,IBD,1964,26.739220931309934,3.322847329824313
IBRD ONLY,IBD,1965,26.831638869654242,3.3261734624009245
IBRD ONLY,IBD,1966,26.843805997529582,3.3266105358036806
IBRD ONLY,IBD,1967,26.884602066028,3.3280746392009792
IBRD ONLY,IBD,1968,26.939347903322727,3.33003601437688
IBRD ONLY,IBD,1969,27.046116154648217,3.3338501608721582
IBRD ONLY,IBD,1970,27.131571265211974,3.33689247821916
IBRD ONLY,IBD,1971,27.21313390376604,3.3397876107885662
IBRD ONLY,IBD,1972,27.33186879674052,3.343987276959452
IBRD ONLY,IBD,1973,27.564087477756527,3.352150246199907
IBRD ONLY,IBD,1974,27.784701336710203,3.359844042416839
IBRD ONLY,IBD,1975,27.88036421126162,3.3631619251383746
IBRD ONLY,IBD,1976,27.956132044463217,3.3657819965967377
IBRD ONLY,IBD,1977,28.083633748030294,3.3701756018062463
IBRD ONLY,IBD,1978,28.15488646737308,3.372622530561687
IBRD ONLY,IBD,1979,28.351287646637626,3.3793364174288776
IBRD ONLY,IBD,1980,28.545445118639435,3.3859295904698814
IBRD ONLY,IBD,1981,28.616732024177637,3.3883394727115776
IBRD ONLY,IBD,1982,28.58596882760152,3.3873002228495848
IBRD ONLY,IBD,1983,28.61375601460242,3.388238983599424
IBRD ONLY,IBD,1984,28.65115763235661,3.389501167931368
IBRD ONLY,IBD,1985,28.680476125975414,3.390489460150812
IBRD ONLY,IBD,1986,28.69785523302718,3.3910748288248813
IBRD ONLY,IBD,1987,28.717143333073732,3.391724095885038
IBRD ONLY,IBD,1988,28.780469652770627,3.3938527978759865
IBRD ONLY,IBD,1989,28.78604020191756,3.394039834154485
IBRD ONLY,IBD,1990,28.900867022328466,3.397887477378514
IBRD ONLY,IBD,1991,28.86903996859774,3.3968224913900387
IBRD ONLY,IBD,1992,28.918758762217436,3.3984856670257355
IBRD ONLY,IBD,1993,29.00073157773155,3.4012217672892087
IBRD ONLY,IBD,1994,29.09870783136583,3.404482241642842
IBRD ONLY,IBD,1995,29.223709149627723,3.4086266875533657
IBRD ONLY,IBD,1996,29.311645990796986,3.4115319948013405
IBRD ONLY,IBD,1997,29.37052706505147,3.4134726336996715
IBRD ONLY,IBD,1998,29.34326796092121,3.412574679422551
IBRD ONLY,IBD,1999,29.31696864352188,3.4117075770002963
IBRD ONLY,IBD,2000,29.40142899705681,3.414489613789538
IBRD ONLY,IBD,2001,29.41523853419704,3.414943750391826
IBRD ONLY,IBD,2002,29.430029459583277,3.415429932018279
IBRD ONLY,IBD,2003,29.54620381170886,3.419240416413982
IBRD ONLY,IBD,2004,29.721083493078886,3.4249491776144962
IBRD ONLY,IBD,2005,29.898807588392607,3.4307175937867034
IBRD ONLY,IBD,2006,30.069302749609317,3.4362202818789056
IBRD ONLY,IBD,2007,30.285798853000188,3.443164283821467
IBRD ONLY,IBD,2008,30.467811990680154,3.4489651818298572
IBRD ONLY,IBD,2009,30.43691321525074,3.4479827825645137
IBRD ONLY,IBD,2010,30.632336936665887,3.4541799181376507
IBRD ONLY,IBD,2011,30.801012749480357,3.459498136746947
IBRD ONLY,IBD,2012,30.86201264624872,3.461414474057558
IBRD ONLY,IBD,2013,30.915441605450713,3.463089955536957
IBRD ONLY,IBD,2014,30.948575398248646,3.4641275913552274
IBRD ONLY,IBD,2015,30.882881057791494,3.4620692217895153
IBRD ONLY,IBD,2016,30.89018518344603,3.4622982879491646
IBRD ONLY,IBD,2017,30.989492746202153,3.4654074971993274
IBRD ONLY,IBD,2018,31.051344967098135,3.4673391471382358
IBRD ONLY,IBD,2019,31.072931493966024,3.468012418756245
IBRD ONLY,IBD,2020,31.03567448695812,3.466850109558213
IBRD ONLY,IBD,2021,31.20730293828913,3.472193226161033
IBRD ONLY,IBD,2022,31.261561499840592,3.47387647511649
IBRD ONLY,IBD,2023,31.287714177723274,3.47468679185635
IDA & IBRD TOTAL,IBT,1960,26.63533050077087,3.319095044713291
IDA & IBRD TOTAL,IBT,1961,26.6345983895012,3.319068552503715
IDA & IBRD TOTAL,IBT,1962,26.65754360195647,3.3198985154223495
IDA & IBRD TOTAL,IBT,1963,26.74833291235367,3.3231757631573564
IDA & IBRD TOTAL,IBT,1964,26.86573270026463,3.327397715320145
IDA & IBRD TOTAL,IBT,1965,26.95801731111561,3.3307040032316486
IDA & IBRD TOTAL,IBT,1966,26.979899580406897,3.3314863802533
IDA & IBRD TOTAL,IBT,1967,27.019980570449913,3.3329178474914154
IDA & IBRD TOTAL,IBT,1968,27.074255760094797,3.334852991282747
IDA & IBRD TOTAL,IBT,1969,27.18086515029969,3.3386432068615752
IDA & IBRD TOTAL,IBT,1970,27.271566201054334,3.34185657169386
IDA & IBRD TOTAL,IBT,1971,27.339795412316203,3.3442670151932945
IDA & IBRD TOTAL,IBT,1972,27.45002980536276,3.3481492082119586
IDA & IBRD TOTAL,IBT,1973,27.668893128751588,3.355812671851483
IDA & IBRD TOTAL,IBT,1974,27.897892950783824,3.3637686841830723
IDA & IBRD TOTAL,IBT,1975,28.005405802293517,3.367482219590491
IDA & IBRD TOTAL,IBT,1976,28.077053880709137,3.3699493366908393
IDA & IBRD TOTAL,IBT,1977,28.196027892574236,3.3740326689449454
IDA & IBRD TOTAL,IBT,1978,28.275077642819767,3.376736561668813
IDA & IBRD TOTAL,IBT,1979,28.464835361478528,3.383197530678085
IDA & IBRD TOTAL,IBT,1980,28.65770155477091,3.389721840610983
IDA & IBRD TOTAL,IBT,1981,28.78000638060457,3.3938372415138844
IDA & IBRD TOTAL,IBT,1982,28.74516723847068,3.3926666730302046
IDA & IBRD TOTAL,IBT,1983,28.742939419802603,3.392591773397513
IDA & IBRD TOTAL,IBT,1984,28.76707303325405,3.3934028508542182
IDA & IBRD TOTAL,IBT,1985,28.7974113479554,3.3944215222198824
IDA & IBRD TOTAL,IBT,1986,28.798286035458204,3.394450876268623
IDA & IBRD TOTAL,IBT,1987,28.81929421728407,3.395155640957373
IDA & IBRD TOTAL,IBT,1988,28.88197691170929,3.397255519779819
IDA & IBRD TOTAL,IBT,1989,28.888538302571817,3.3974750725430956
IDA & IBRD TOTAL,IBT,1990,29.00175532851614,3.4012558909009947
IDA & IBRD TOTAL,IBT,1991,28.980591803017518,3.400550232406824
IDA & IBRD TOTAL,IBT,1992,29.01441963691176,3.4016779207484777
IDA & IBRD TOTAL,IBT,1993,29.093378094507383,3.404305150691751
IDA & IBRD TOTAL,IBT,1994,29.185892714733026,3.407374686591022
IDA & IBRD TOTAL,IBT,1995,29.31686196624746,3.411704058262544
IDA & IBRD TOTAL,IBT,1996,29.40962183349788,3.4147590660150375
IDA & IBRD TOTAL,IBT,1997,29.46731419589894,3.4166544432608514
IDA & IBRD TOTAL,IBT,1998,29.446385039293457,3.4159672691869787
IDA & IBRD TOTAL,IBT,1999,29.397207781675924,3.414350754906796
IDA & IBRD TOTAL,IBT,2000,29.48583776186686,3.417262240099676
IDA & IBRD TOTAL,IBT,2001,29.4975610982477,3.417646716424197
IDA & IBRD TOTAL,IBT,2002,29.517174176179072,3.4182896128825258
IDA & IBRD TOTAL,IBT,2003,29.63368511122276,3.422100224127796
IDA & IBRD TOTAL,IBT,2004,29.807039310058638,3.427743212894056
IDA & IBRD TOTAL,IBT,2005,29.982389420073993,3.433418959841316
IDA & IBRD TOTAL,IBT,2006,30.15340859391677,3.4389236644128327
IDA & IBRD TOTAL,IBT,2007,30.365480936341086,3.4457079549666534
IDA & IBRD TOTAL,IBT,2008,30.546943337850884,3.4514767011828433
IDA & IBRD TOTAL,IBT,2009,30.51655468642658,3.4505129533817076
IDA & IBRD TOTAL,IBT,2010,30.7080317824208,3.456570017321474
IDA & IBRD TOTAL,IBT,2011,30.873403102271496,3.4617719034713392
IDA & IBRD TOTAL,IBT,2012,30.93381688728924,3.4636655388022795
IDA & IBRD TOTAL,IBT,2013,30.98943986807147,3.4654058442136173
IDA & IBRD TOTAL,IBT,2014,31.025559604156857,3.466534321608486
IDA & IBRD TOTAL,IBT,2015,30.96277154361723,3.4645718362751468
IDA & IBRD TOTAL,IBT,2016,30.969261217124252,3.4647748541755345
IDA & IBRD TOTAL,IBT,2017,31.063721020113057,3.467725204704521
IDA & IBRD TOTAL,IBT,2018,31.12644010267875,3.469679370309584
IDA & IBRD TOTAL,IBT,2019,31.149182121756454,3.4703870109123405
IDA & IBRD TOTAL,IBT,2020,31.11314042834307,3.4692653055097904
IDA & IBRD TOTAL,IBT,2021,31.278530726291027,3.474402325832104
IDA & IBRD TOTAL,IBT,2022,31.33397599239448,3.4761185656911846
IDA & IBRD TOTAL,IBT,2023,31.358152584385095,3.4768660010793235
IDA BLEND,IDB,1960,23.233217924833724,3.18772433347352
IDA BLEND,IDB,1961,23.30149958328853,3.1905380596888837
IDA BLEND,IDB,1962,23.36857031324108,3.1932942000664357
IDA BLEND,IDB,1963,23.42571717369334,3.195636559777961
IDA BLEND,IDB,1964,23.513421519502593,3.199220784676214
IDA BLEND,IDB,1965,23.59580211591883,3.2025757826823273
IDA BLEND,IDB,1966,23.67999272453319,3.2059929042451336
IDA BLEND,IDB,1967,23.685131939859833,3.2062011166371875
IDA BLEND,IDB,1968,23.73898242862076,3.2083802355049045
IDA BLEND,IDB,1969,23.87403538579109,3.2138245038320927
IDA BLEND,IDB,1970,24.190646649976,3.2264727609352253
IDA BLEND,IDB,1971,24.118290575774072,3.2235962889570042
IDA BLEND,IDB,1972,24.233929961330983,3.228189515934248
IDA BLEND,IDB,1973,24.300908097251362,3.2308402882613207
IDA BLEND,IDB,1974,24.665200767939147,3.2451360186171323
IDA BLEND,IDB,1975,24.804919647417382,3.2505651577581127
IDA BLEND,IDB,1976,24.990985050912858,3.2577497490861056
IDA BLEND,IDB,1977,25.044314920535285,3.2597995071666332
IDA BLEND,IDB,1978,25.128116205669958,3.263011983771417
IDA BLEND,IDB,1979,25.332874108634766,3.2708181247342485
IDA BLEND,IDB,1980,25.582070046157067,3.280236930092993
IDA BLEND,IDB,1981,26.23396500161692,3.304464907602671
IDA BLEND,IDB,1982,26.144113047522897,3.3011601922066376
IDA BLEND,IDB,1983,25.86945882434789,3.2909902819090537
IDA BLEND,IDB,1984,25.71701454890447,3.2853006114719028
IDA BLEND,IDB,1985,25.72051848376423,3.285431752812677
IDA BLEND,IDB,1986,25.61831187656666,3.2815993953500504
IDA BLEND,IDB,1987,25.64250291641511,3.2825077945777372
IDA BLEND,IDB,1988,25.695181500309477,3.2844830809666643
IDA BLEND,IDB,1989,25.678745805708267,3.2838672111609264
IDA BLEND,IDB,1990,25.719326887187453,3.285387157003363
IDA BLEND,IDB,1991,25.791961164942066,3.28810188598884
IDA BLEND,IDB,1992,25.758787680221594,3.28686293080411
IDA BLEND,IDB,1993,25.82168887506351,3.289210846604125
IDA BLEND,IDB,1994,25.92759437238632,3.2931515739209405
IDA BLEND,IDB,1995,26.266927128480834,3.3056745072842406
IDA BLEND,IDB,1996,26.458404891017807,3.312672310197338
IDA BLEND,IDB,1997,26.50727476888618,3.3144505067391763
IDA BLEND,IDB,1998,26.552663562472834,3.31609921195911
IDA BLEND,IDB,1999,25.93697491600381,3.293499874996629
IDA BLEND,IDB,2000,26.147330869935473,3.301278731047536
IDA BLEND,IDB,2001,26.145208695483536,3.3012005555018717
IDA BLEND,IDB,2002,26.23855912786082,3.3046335844293178
IDA BLEND,IDB,2003,26.35956815612886,3.3090663088625645
IDA BLEND,IDB,2004,26.552632303264083,3.3160980774326276
IDA BLEND,IDB,2005,26.721065246186456,3.3221926023779407
IDA BLEND,IDB,2006,26.935427613339293,3.329895690234058
IDA BLEND,IDB,2007,27.08316544704875,3.33517030239986
IDA BLEND,IDB,2008,27.241214926028913,3.340782433159592
IDA BLEND,IDB,2009,27.17122526870924,3.3383010764592136
IDA BLEND,IDB,2010,27.331687435721616,3.3439808756309453
IDA BLEND,IDB,2011,27.465609673170455,3.3486966805179743
IDA BLEND,IDB,2012,27.570948200813703,3.3523904043798636
IDA BLEND,IDB,2013,27.654410856040926,3.3553073878914854
IDA BLEND,IDB,2014,27.735889401216166,3.3581468433239694
IDA BLEND,IDB,2015,27.68366670298733,3.3563278563386567
IDA BLEND,IDB,2016,27.614989002660977,3.353930671540215
IDA BLEND,IDB,2017,27.59791670612562,3.353333872729507
IDA BLEND,IDB,2018,27.68637488034732,3.3564222671944712
IDA BLEND,IDB,2019,27.70589678856732,3.3571025646772235
IDA BLEND,IDB,2020,27.640444542377757,3.354819863703051
IDA BLEND,IDB,2021,27.730507143268852,3.3579595248809597
IDA BLEND,IDB,2022,27.799629394193268,3.3603625188019253
IDA BLEND,IDB,2023,27.674095195240376,3.355994108733484
IDA ONLY,IDX,1960,24.11352494074158,3.223406543274998
IDA ONLY,IDX,1961,24.182151265270946,3.2261354604422134
IDA ONLY,IDX,1962,24.23948382730248,3.2284095868815856
IDA ONLY,IDX,1963,24.284219826930773,3.2301804788821276
IDA ONLY,IDX,1964,24.34482318456264,3.23257449555603
IDA ONLY,IDX,1965,24.441366182400746,3.2363764391684073
IDA ONLY,IDX,1966,24.508889943949434,3.239027016661636
IDA ONLY,IDX,1967,24.56191623029353,3.241103596585521
IDA ONLY,IDX,1968,24.61266740037532,3.24308704942947
IDA ONLY,IDX,1969,24.702985784865472,3.2466071635524214
IDA ONLY,IDX,1970,24.6944124495078,3.2462735538471947
IDA ONLY,IDX,1971,24.742835110136742,3.248156340241517
IDA ONLY,IDX,1972,24.775153914071357,3.249411001333162
IDA ONLY,IDX,1973,24.963027050775217,3.2566734894593554
IDA ONLY,IDX,1974,25.187600473400046,3.265286034368077
IDA ONLY,IDX,1975,25.381637657637153,3.2726682248785073
IDA ONLY,IDX,1976,25.335095556828264,3.270902481439431
IDA ONLY,IDX,1977,25.421057111502414,3.2741613100841307
IDA ONLY,IDX,1978,25.572096213405914,3.279861650653203
IDA ONLY,IDX,1979,25.68615091069585,3.2841447383554216
IDA ONLY,IDX,1980,25.818641374854003,3.2890972194061345
IDA ONLY,IDX,1981,25.863492215074626,3.2907681980970773
IDA ONLY,IDX,1982,25.868387798883735,3.2909504207857823
IDA ONLY,IDX,1983,25.884910533499127,3.2915651825082572
IDA ONLY,IDX,1984,25.929088862600896,3.2932070727049423
IDA ONLY,IDX,1985,25.99390013929542,3.295610919713552
IDA ONLY,IDX,1986,25.88465975926652,3.2915558547702357
IDA ONLY,IDX,1987,25.924579937362598,3.2930396217085924
IDA ONLY,IDX,1988,25.987977459301742,3.2953914875529486
IDA ONLY,IDX,1989,26.030798610819314,3.296976905202227
IDA ONLY,IDX,1990,26.17351580782632,3.3022428154284125
IDA ONLY,IDX,1991,26.253210635664907,3.3051713356611363
IDA ONLY,IDX,1992,26.0783038717666,3.2987328121004533
IDA ONLY,IDX,1993,26.115882620904255,3.3001196307831386
IDA ONLY,IDX,1994,26.08907375794962,3.2991304642223103
IDA ONLY,IDX,1995,26.137107785998836,3.300902082257916
IDA ONLY,IDX,1996,26.21648498541366,3.303822855358552
IDA ONLY,IDX,1997,26.258353271007824,3.3053600161901695
IDA ONLY,IDX,1998,26.29192537340047,3.306590884573082
IDA ONLY,IDX,1999,26.31504650591106,3.307437704423975
IDA ONLY,IDX,2000,26.39850325850399,3.310488386299948
IDA ONLY,IDX,2001,26.377446048464584,3.30971953751346
IDA ONLY,IDX,2002,26.437036062998793,3.311893781826786
IDA ONLY,IDX,2003,26.55664187301368,3.3162435908626846
IDA ONLY,IDX,2004,26.680812320316093,3.3207394771510876
IDA ONLY,IDX,2005,26.810269635913684,3.325405363844814
IDA ONLY,IDX,2006,26.95100504468577,3.330453157619576
IDA ONLY,IDX,2007,27.122282951877388,3.3365622497024385
IDA ONLY,IDX,2008,27.313180960653472,3.3433274545444274
IDA ONLY,IDX,2009,27.329759450524204,3.343912822825939
IDA ONLY,IDX,2010,27.456859500992042,3.348389238751154
IDA ONLY,IDX,2011,27.56891710039571,3.352319312143011
IDA ONLY,IDX,2012,27.571393083240142,3.352405975405357
IDA ONLY,IDX,2013,27.657203269751122,3.355404834587238
IDA ONLY,IDX,2014,27.724100358676935,3.357736504138254
IDA ONLY,IDX,2015,27.720532727583272,3.357612293018552
IDA ONLY,IDX,2016,27.776513391409406,3.3595595471922444
IDA ONLY,IDX,2017,27.852350162286648,3.362191451067386
IDA ONLY,IDX,2018,27.91461260170591,3.364347093689059
IDA ONLY,IDX,2019,27.965828232385586,3.366116798387513
IDA ONLY,IDX,2020,27.97783934943833,3.3665313775029206
IDA ONLY,IDX,2021,28.0598054886502,3.369355964680307
IDA ONLY,IDX,2022,28.132621514467026,3.371858560553022
IDA ONLY,IDX,2023,28.21103930097495,3.374546696080788
IDA TOTAL,IDA,1960,24.439233121912697,3.236292593438661
IDA TOTAL,IDA,1961,24.507741275028593,3.2389819855063604
IDA TOTAL,IDA,1962,24.56840747059764,3.2413575061980224
IDA TOTAL,IDA,1963,24.61742303751003,3.243272707393675
IDA TOTAL,IDA,1964,24.68749284789814,3.2460042138290914
IDA TOTAL,IDA,1965,24.779068055319243,3.2495628469475806
IDA TOTAL,IDA,1966,24.85244285701784,3.2524050977280785
IDA TOTAL,IDA,1967,24.888842872643018,3.2538120987763444
IDA TOTAL,IDA,1968,24.940648131263092,3.2558111643611656
IDA TOTAL,IDA,1969,25.046422185710046,3.2598804146481926
IDA TOTAL,IDA,1970,25.16429019213756,3.264395511313164
IDA TOTAL,IDA,1971,25.16545161680808,3.264439900015671
IDA TOTAL,IDA,1972,25.229979345037137,3.266903006422778
IDA TOTAL,IDA,1973,25.371653764977108,3.2722897122773027
IDA TOTAL,IDA,1974,25.64993169801097,3.2827865876821516
IDA TOTAL,IDA,1975,25.822540932581262,3.2892426135815196
IDA TOTAL,IDA,1976,25.872249016954903,3.291094119048646
IDA TOTAL,IDA,1977,25.94391339666218,3.2937574238572367
IDA TOTAL,IDA,1978,26.066287741031847,3.2982889586859536
IDA TOTAL,IDA,1979,26.21927189141424,3.3039252478359566
IDA TOTAL,IDA,1980,26.40480595632068,3.310718397878985
IDA TOTAL,IDA,1981,26.778230444246944,3.324252636386139
IDA TOTAL,IDA,1982,26.72588435870454,3.3223664302463645
IDA TOTAL,IDA,1983,26.58018550119035,3.3170975982740214
IDA TOTAL,IDA,1984,26.526740113501532,3.315157899992918
IDA TOTAL,IDA,1985,26.563265414784812,3.316483922972404
IDA TOTAL,IDA,1986,26.457222874171936,3.312629261728472
IDA TOTAL,IDA,1987,26.490008895069202,3.3138226257518273
IDA TOTAL,IDA,1988,26.54829107810936,3.315940503842303
IDA TOTAL,IDA,1989,26.563410072755772,3.3164891711746467
IDA TOTAL,IDA,1990,26.660423766408982,3.3200026466691086
IDA TOTAL,IDA,1991,26.737206592510464,3.3227747101950302
IDA TOTAL,IDA,1992,26.62250204044137,3.318630731874006
IDA TOTAL,IDA,1993,26.67106283919807,3.3203872043079095
IDA TOTAL,IDA,1994,26.704400609326576,3.3215912673379973
IDA TOTAL,IDA,1995,26.899843384987392,3.3286210753702523
IDA TOTAL,IDA,1996,27.041573404561902,3.333688173450963
IDA TOTAL,IDA,1997,27.087438778087694,3.335322457823721
IDA TOTAL,IDA,1998,27.12778404272298,3.336757843811283
IDA TOTAL,IDA,1999,26.83445099699268,3.3262744979630616
IDA TOTAL,IDA,2000,26.972703245943432,3.3312291505932077
IDA TOTAL,IDA,2001,26.960103614243693,3.33077862316145
IDA TOTAL,IDA,2002,27.03499332323931,3.333453491417566
IDA TOTAL,IDA,2003,27.155241166908922,3.3377335243565924
IDA TOTAL,IDA,2004,27.311535568391786,3.3432693388535064
IDA TOTAL,IDA,2005,27.459690418162527,3.3484887148148594
IDA TOTAL,IDA,2006,27.63678195966439,3.3546919740358296
IDA TOTAL,IDA,2007,27.796288696243675,3.3602465141243685
IDA TOTAL,IDA,2008,27.97099237301273,3.366295066390032
IDA TOTAL,IDA,2009,27.94677789157049,3.365458898742608
IDA TOTAL,IDA,2010,28.089377877409643,3.3703730861460635
IDA TOTAL,IDA,2011,28.211744027597227,3.3745708211423535
IDA TOTAL,IDA,2012,28.264317847326915,3.376368952966197
IDA TOTAL,IDA,2013,28.348955218152444,3.37925694830328
IDA TOTAL,IDA,2014,28.423159433096394,3.3817821000632216
IDA TOTAL,IDA,2015,28.39541677419667,3.380838770158083
IDA TOTAL,IDA,2016,28.392156104484133,3.3807278395802003
IDA TOTAL,IDA,2017,28.426350929377836,3.3818905630313894
IDA TOTAL,IDA,2018,28.50013839419883,3.3843949546635437
IDA TOTAL,IDA,2019,28.537431566278503,3.3856583256683113
IDA TOTAL,IDA,2020,28.516451549252672,3.38494778753596
IDA TOTAL,IDA,2021,28.60179736760572,3.3878350813650875
IDA TOTAL,IDA,2022,28.67306426229766,3.3902397071059966
IDA TOTAL,IDA,2023,28.670605366548784,3.3901568374160815
ICELAND,ISL,1960,19.34561287928757,3.012865305319786
ICELAND,ISL,1961,19.367319265997338,3.0139316195164167
ICELAND,ISL,1962,19.482631483870197,3.019577282340469
ICELAND,ISL,1963,19.659562197323755,3.0281782726307465
ICELAND,ISL,1964,19.904096982039633,3.0399451676086033
ICELAND,ISL,1965,20.091344629380615,3.0488627491856977
ICELAND,ISL,1966,20.274396896776235,3.057504326080011
ICELAND,ISL,1967,20.262130156222216,3.0569275633894986
ICELAND,ISL,1968,19.992485006170718,3.0441645168283675
ICELAND,ISL,1969,19.858013092495277,3.037738195395405
ICELAND,ISL,1970,20.082150314480067,3.048426725799044
ICELAND,ISL,1971,20.32316303051141,3.059793948073505
ICELAND,ISL,1972,20.548498273638632,3.0703061284435753
ICELAND,ISL,1973,20.866881433984364,3.0849732289098153
ICELAND,ISL,1974,21.138807073471895,3.0973320447751913
ICELAND,ISL,1975,21.064636827432295,3.093976183371567
ICELAND,ISL,1976,21.23578306312519,3.101702840933054
ICELAND,ISL,1977,21.515583498696277,3.114207669415779
ICELAND,ISL,1978,21.644275893671796,3.1199071000637915
ICELAND,ISL,1979,21.771789387522716,3.1255224622986
ICELAND,ISL,1980,21.941561355141378,3.1329501719457267
ICELAND,ISL,1981,21.97402594678722,3.134364271120469
ICELAND,ISL,1982,21.888485331964443,3.1306339601701643
ICELAND,ISL,1983,21.740650114753358,3.124154076953017
ICELAND,ISL,1984,21.775639189884263,3.1256915081697265
ICELAND,ISL,1985,21.816548064894963,3.127486065020477
ICELAND,ISL,1986,22.106962511819535,3.1401339795517265
ICELAND,ISL,1987,22.431701377572143,3.1540898652299934
ICELAND,ISL,1988,22.53264185558672,3.158388472492321
ICELAND,ISL,1989,22.458908017658473,3.155250295580132
ICELAND,ISL,1990,22.59024661812392,3.160833347715252
ICELAND,ISL,1991,22.656196441861557,3.163625086618739
ICELAND,ISL,1992,22.680678398606375,3.164659458195238
ICELAND,ISL,1993,22.550807668115237,3.1591601157603337
ICELAND,ISL,1994,22.57791564837143,3.1603104963069764
ICELAND,ISL,1995,22.68668374375022,3.1649130228821623
ICELAND,ISL,1996,22.728264271373664,3.16666692286616
ICELAND,ISL,1997,22.74741569676978,3.1674737117925233
ICELAND,ISL,1998,22.863766388273532,3.1723612578699263
ICELAND,ISL,1999,22.918493709915612,3.174651955106117
ICELAND,ISL,2000,22.923337508766483,3.1748544473077756
ICELAND,ISL,2001,22.83164059744072,3.171014134625931
ICELAND,ISL,2002,22.955256246400793,3.1761877672680963
ICELAND,ISL,2003,23.159448961155956,3.184675564907336
ICELAND,ISL,2004,23.349766267353704,3.192522250605885
ICELAND,ISL,2005,23.547792327961577,3.2006219246557057
ICELAND,ISL,2006,23.58348295450604,3.2020747928182898
ICELAND,ISL,2007,23.798387016650114,3.2107786114045616
ICELAND,ISL,2008,23.617774746517462,3.203468732695697
ICELAND,ISL,2009,23.300023221310536,3.1904773059555334
ICELAND,ISL,2010,23.344389160597153,3.1923013983606348
ICELAND,ISL,2011,23.445982814834014,3.1964659003700415
ICELAND,ISL,2012,23.414611160847425,3.195181771146678
ICELAND,ISL,2013,23.503640452508755,3.1988216964106124
ICELAND,ISL,2014,23.606258333714635,3.203000814392693
ICELAND,ISL,2015,23.58644969283144,3.202195465683566
ICELAND,ISL,2016,23.757890309648502,3.2091442385984914
ICELAND,ISL,2017,23.93121357428253,3.2161205756239353
ICELAND,ISL,2018,23.99134509608357,3.2185295687718196
ICELAND,ISL,2019,23.929313477341804,3.216044359143525
ICELAND,ISL,2020,23.797344912973113,3.2107365874788485
ICELAND,ISL,2021,23.973557805480507,3.2178175773409743
ICELAND,ISL,2022,24.080226734740467,3.2220797561840016
ICELAND,ISL,2023,24.157899045087458,3.225171924573247
INDIA,IND,1960,24.334991095928153,3.232186487474413
INDIA,IND,1961,24.392769685070505,3.2344644754336023
INDIA,IND,1962,24.464772888998304,3.2372960417418515
INDIA,IND,1963,24.603218512143236,3.2427180667136213
INDIA,IND,1964,24.757157563634333,3.2487125521212956
INDIA,IND,1965,24.810184650229907,3.250769167917636
INDIA,IND,1966,24.542761856978554,3.240353983245654
INDIA,IND,1967,24.637984051114216,3.2440750038097983
INDIA,IND,1968,24.695168826935905,3.2463029908423744
INDIA,IND,1969,24.791403221749768,3.250041227941987
INDIA,IND,1970,24.85719135279065,3.252588757731044
INDIA,IND,1971,24.93318959113451,3.2555235997425656
INDIA,IND,1972,24.992469467772683,3.25780686021402
INDIA,IND,1973,25.171988895301375,3.264689712710496
INDIA,IND,1974,25.323690761304334,3.2704693231196265
INDIA,IND,1975,25.31305668503057,3.270065267894547
INDIA,IND,1976,25.35523813559526,3.271667045955791
INDIA,IND,1977,25.523070146697293,3.2780149258380176
INDIA,IND,1978,25.645451045637287,3.2826184435708394
INDIA,IND,1979,25.753673970298518,3.2866718085951545
INDIA,IND,1980,25.950777507523316,3.294012146939718
INDIA,IND,1981,25.98849874090488,3.295410802693167
INDIA,IND,1982,26.02515494139207,3.296768096770338
INDIA,IND,1983,26.10896268378605,3.2998643995467236
INDIA,IND,1984,26.080595444606537,3.2988174361556033
INDIA,IND,1985,26.172205758977064,3.302194603763842
INDIA,IND,1986,26.24066248299612,3.304710801213044
INDIA,IND,1987,26.354597984613925,3.3088846311772713
INDIA,IND,1988,26.415615441013266,3.3111127576652524
INDIA,IND,1989,26.41376735193836,3.3110453453041617
INDIA,IND,1990,26.494641619686448,3.3139911354935405
INDIA,IND,1991,26.322077874962318,3.307695088727038
INDIA,IND,1992,26.386948522472352,3.3100665686156048
INDIA,IND,1993,26.355536731482356,3.308918948287744
INDIA,IND,1994,26.51406615469737,3.3146973704372136
INDIA,IND,1995,26.610152644290586,3.318183554513908
INDIA,IND,1996,26.69681298741517,3.3213173519680534
INDIA,IND,1997,26.7536326897734,3.323366739364355
INDIA,IND,1998,26.766732805361244,3.3238386424476336
INDIA,IND,1999,26.851926107408236,3.326902124032412
INDIA,IND,2000,26.872578907681607,3.3276433706783326
INDIA,IND,2001,26.908321819865293,3.32892491746619
INDIA,IND,2002,26.967314556488695,3.331036491038095
INDIA,IND,2003,27.13294830696962,3.3369414270689286
INDIA,IND,2004,27.287336754710047,3.3424142400092007
INDIA,IND,2005,27.433038072007115,3.3475517814382245
INDIA,IND,2006,27.569422151431365,3.3523369903269513
INDIA,IND,2007,27.827193340198196,3.361319154854344
INDIA,IND,2008,27.812421531106732,3.3608065973208543
INDIA,IND,2009,27.9250987061341,3.364709685559107
INDIA,IND,2010,28.147201688022804,3.3723589112081465
INDIA,IND,2011,28.231533042320827,3.375248025312688
INDIA,IND,2012,28.234045314606842,3.3753339655311265
INDIA,IND,2013,28.249833418081973,3.3758738785533398
INDIA,IND,2014,28.343542635589863,3.379072509651805
INDIA,IND,2015,28.374665745296028,3.3801325935160436
INDIA,IND,2016,28.461665452545645,3.383089942109541
INDIA,IND,2017,28.606136926803128,3.3879816684486226
INDIA,IND,2018,28.62535735315716,3.3886306619363715
INDIA,IND,2019,28.673276877356933,3.390246872334895
INDIA,IND,2020,28.614915010096762,3.3882781198985996
INDIA,IND,2021,28.78389133081649,3.3939676879878964
INDIA,IND,2022,28.841016894739422,3.395883852996848
INDIA,IND,2023,28.897945879374063,3.397789778350223
INDONESIA,IDN,1967,22.458059219942072,3.155214112605551
INDONESIA,IDN,1968,22.680040368545477,3.164632514767117
INDONESIA,IDN,1969,22.844020050290794,3.1715334542519247
INDONESIA,IDN,1970,22.937094569334665,3.175429329746138
INDONESIA,IDN,1971,22.956879812139643,3.176255539898291
INDONESIA,IDN,1972,23.12094202769768,3.1830804269710202
INDONESIA,IDN,1973,23.512788677469864,3.199194968198448
INDONESIA,IDN,1974,23.973733721355956,3.2178246214016255
INDONESIA,IDN,1975,24.13980674966985,3.224452516166361
INDONESIA,IDN,1976,24.34143192143204,3.2324406816402624
INDONESIA,IDN,1977,24.54774457424513,3.240549037772627
INDONESIA,IDN,1978,24.66398745098524,3.245088742710529
INDONESIA,IDN,1979,24.662907634748994,3.2450466666708775
INDONESIA,IDN,1980,25.006608747022135,3.258350688300338
INDONESIA,IDN,1981,25.171995446516352,3.2646899630244555
INDONESIA,IDN,1982,25.224834507051227,3.26670684375916
INDONESIA,IDN,1983,25.11836025726322,3.262638525150641
INDONESIA,IDN,1984,25.164194434365957,3.2643918514414025
INDONESIA,IDN,1985,25.16931705261298,3.2645876196257966
INDONESIA,IDN,1986,25.104718213572298,3.2621160724572844
INDONESIA,IDN,1987,25.053072663384896,3.260135713772694
INDONESIA,IDN,1988,25.157649771771737,3.2641416820244924
INDONESIA,IDN,1989,25.27135154858445,3.2684790507403934
INDONESIA,IDN,1990,25.388031666910166,3.2729105614095544
INDONESIA,IDN,1991,25.482203739873405,3.2764729504108687
INDONESIA,IDN,1992,25.575506755082838,3.2799899929110325
INDONESIA,IDN,1993,25.785903276045957,3.2878757519693105
INDONESIA,IDN,1994,25.898806027468044,3.2920819000267403
INDONESIA,IDN,1995,26.03218692837941,3.2970282644657436
INDONESIA,IDN,1996,26.14984307329089,3.3013712663739545
INDONESIA,IDN,1997,26.097381525460637,3.299437100540654
INDONESIA,IDN,1998,25.28182174247574,3.2688775117038
INDONESIA,IDN,1999,25.664917911048153,3.2833487655197247
INDONESIA,IDN,2000,25.829338648665306,3.289496014438059
INDONESIA,IDN,2001,25.801229181478764,3.2884477514455956
INDONESIA,IDN,2002,25.99964741957903,3.2958238073849557
INDONESIA,IDN,2003,26.18188264299673,3.302550672070989
INDONESIA,IDN,2004,26.27170699384066,3.305849790932208
INDONESIA,IDN,2005,26.3787981687817,3.309768924403913
INDONESIA,IDN,2006,26.62198582817102,3.318612043592504
INDONESIA,IDN,2007,26.792193007189415,3.324755154177766
INDONESIA,IDN,2008,26.958124766109744,3.3307078466654096
INDONESIA,IDN,2009,27.01405705477335,3.3327064218669316
INDONESIA,IDN,2010,27.350108290501563,3.344630849937244
INDONESIA,IDN,2011,27.517817819870736,3.35052907858897
INDONESIA,IDN,2012,27.545321510916256,3.351493052653414
INDONESIA,IDN,2013,27.53948037325106,3.3512884049190683
INDONESIA,IDN,2014,27.51540233655429,3.350444374154913
INDONESIA,IDN,2015,27.481191027025265,3.3492439054384984
INDONESIA,IDN,2016,27.560467059323575,3.3520234909554367
INDONESIA,IDN,2017,27.646519142848973,3.355031939892928
INDONESIA,IDN,2018,27.67242361359333,3.355935811153012
INDONESIA,IDN,2019,27.743545791812114,3.3584132478429254
INDONESIA,IDN,2020,27.688397968457597,3.3564927890636014
INDONESIA,IDN,2021,27.802037080582156,3.360446116605171
INDONESIA,IDN,2022,27.907952810061968,3.3641167410014545
INDONESIA,IDN,2023,27.946686346303707,3.3654557362002384
"IRAN, ISLAMIC REP.",IRN,1960,22.15814424335272,3.1423465218326023
"IRAN, ISLAMIC REP.",IRN,1961,22.210976491836607,3.1446252914322175
"IRAN, ISLAMIC REP.",IRN,1962,22.269458560378062,3.147141709333063
"IRAN, ISLAMIC REP.",IRN,1963,22.31832649385418,3.1492395962080053
"IRAN, ISLAMIC REP.",IRN,1964,22.405925520690207,3.1529892176869376
"IRAN, ISLAMIC REP.",IRN,1965,22.547382766032445,3.159014679086132
"IRAN, ISLAMIC REP.",IRN,1966,22.63870774633351,3.1628855271830933
"IRAN, ISLAMIC REP.",IRN,1967,22.745526217636996,3.1673941429531287
"IRAN, ISLAMIC REP.",IRN,1968,22.877718946688077,3.1729457624664588
"IRAN, ISLAMIC REP.",IRN,1969,22.999824112462775,3.1780465016737067
"IRAN, ISLAMIC REP.",IRN,1970,23.118999243102284,3.1829998802479
"IRAN, ISLAMIC REP.",IRN,1971,23.34298035422703,3.1922435268270295
"IRAN, ISLAMIC REP.",IRN,1972,23.565465929711177,3.201341632658777
"IRAN, ISLAMIC REP.",IRN,1973,24.02212399533982,3.2197603933357244
"IRAN, ISLAMIC REP.",IRN,1974,24.556442413770128,3.2408894341323626
"IRAN, ISLAMIC REP.",IRN,1975,24.670196852831786,3.245330663448573
"IRAN, ISLAMIC REP.",IRN,1976,24.943586374636908,3.255924425871331
"IRAN, ISLAMIC REP.",IRN,1977,25.1127660088147,3.2624243138605604
"IRAN, ISLAMIC REP.",IRN,1978,25.079901797154143,3.261164971604819
"IRAN, ISLAMIC REP.",IRN,1979,25.22742024771827,3.266805437830329
"IRAN, ISLAMIC REP.",IRN,1980,25.2704072071343,3.268443104419881
"IRAN, ISLAMIC REP.",IRN,1981,25.333416726112933,3.2708387306083124
"IRAN, ISLAMIC REP.",IRN,1982,25.559140966250357,3.2793739809470184
"IRAN, ISLAMIC REP.",IRN,1983,25.775459856466792,3.2874857910310245
"IRAN, ISLAMIC REP.",IRN,1984,25.81256891621727,3.2888707669867423
"IRAN, ISLAMIC REP.",IRN,1985,25.917242332265204,3.2927670601631798
"IRAN, ISLAMIC REP.",IRN,1986,26.06605243555107,3.298280264974209
"IRAN, ISLAMIC REP.",IRN,1987,25.621180230556707,3.2817071482184303
"IRAN, ISLAMIC REP.",IRN,1988,25.53592049905612,3.2784993056746363
"IRAN, ISLAMIC REP.",IRN,1989,25.51488540615414,3.277706288730014
"IRAN, ISLAMIC REP.",IRN,1990,25.550084568694402,3.279032932944434
"IRAN, ISLAMIC REP.",IRN,1993,24.878134988236447,3.253398403212038
"IRAN, ISLAMIC REP.",IRN,1994,24.997727599990704,3.258009134201522
"IRAN, ISLAMIC REP.",IRN,1995,25.29197145586668,3.269263624742239
"IRAN, ISLAMIC REP.",IRN,1996,25.514118026126347,3.2776773468311218
"IRAN, ISLAMIC REP.",IRN,1997,25.458754941021656,3.27558710319656
"IRAN, ISLAMIC REP.",IRN,1998,25.426260433613873,3.2743582291471967
"IRAN, ISLAMIC REP.",IRN,1999,25.458134015737553,3.275563635252908
"IRAN, ISLAMIC REP.",IRN,2000,25.42002754985199,3.2741223418586616
"IRAN, ISLAMIC REP.",IRN,2001,25.566497745285574,3.27965093871207
"IRAN, ISLAMIC REP.",IRN,2002,25.580181938701056,3.280165898209041
"IRAN, ISLAMIC REP.",IRN,2003,25.757257901524586,3.2868057599619522
"IRAN, ISLAMIC REP.",IRN,2004,25.970518482791764,3.2947443613936875
"IRAN, ISLAMIC REP.",IRN,2005,26.14579944958776,3.3012223180045193
"IRAN, ISLAMIC REP.",IRN,2006,26.307885242877386,3.30717549722105
"IRAN, ISLAMIC REP.",IRN,2007,26.580860652663876,3.3171220775586123
"IRAN, ISLAMIC REP.",IRN,2008,26.745104806121123,3.323059421248514
"IRAN, ISLAMIC REP.",IRN,2009,26.754905030842068,3.3234125824407945
"IRAN, ISLAMIC REP.",IRN,2010,26.91113484476707,3.329025707587493
"IRAN, ISLAMIC REP.",IRN,2011,27.162828824732596,3.3380029816682764
"IRAN, ISLAMIC REP.",IRN,2012,27.191019704669387,3.3390034770390105
"IRAN, ISLAMIC REP.",IRN,2013,26.923319666820223,3.3294621700676292
"IRAN, ISLAMIC REP.",IRN,2014,26.855324135772452,3.3270241199433066
"IRAN, ISLAMIC REP.",IRN,2015,26.73505473276696,3.3226971269239263
"IRAN, ISLAMIC REP.",IRN,2016,26.850035921376904,3.326834256188508
"IRAN, ISLAMIC REP.",IRN,2017,26.910770219948215,3.32901264372597
"IRAN, ISLAMIC REP.",IRN,2018,26.521424522493536,3.3149647748974798
"IRAN, ISLAMIC REP.",IRN,2019,26.37100526918489,3.309484251248574
"IRAN, ISLAMIC REP.",IRN,2020,26.202802013926174,3.3033199832141227
"IRAN, ISLAMIC REP.",IRN,2021,26.606858127092288,3.3180642247220127
"IRAN, ISLAMIC REP.",IRN,2022,26.747668343332585,3.3231518129985673
"IRAN, ISLAMIC REP.",IRN,2023,26.71848461489944,3.3220995052552063
IRAQ,IRQ,1960,21.15326236862852,3.097984770911131
IRAQ,IRQ,1961,21.237263004751608,3.101769395475988
IRAQ,IRQ,1962,21.30222170347266,3.104686301461953
IRAQ,IRQ,1963,21.31432575533489,3.1052288827618777
IRAQ,IRQ,1964,21.48239184391637,3.112732418116273
IRAQ,IRQ,1965,21.571614076421177,3.116693102513503
IRAQ,IRQ,1966,21.651606118969468,3.1202307597448025
IRAQ,IRQ,1967,21.65995613848013,3.120599319961629
IRAQ,IRQ,1968,21.78680307233111,3.126181555766649
IRAQ,IRQ,1969,21.824461052616872,3.1278328140496594
IRAQ,IRQ,1970,21.91151121741007,3.1316394575116666
IRAQ,IRQ,1971,22.07531717464408,3.138763525674474
IRAQ,IRQ,1972,22.13762468106856,3.141460066586061
IRAQ,IRQ,1973,22.35922255261939,3.1509918762683284
IRAQ,IRQ,1974,23.167069429654717,3.18499093910832
IRAQ,IRQ,1975,23.322877959148496,3.19141738723272
IRAQ,IRQ,1976,23.599923180769064,3.2027433202004767
IRAQ,IRQ,1977,23.710871716346578,3.2072432972555083
IRAQ,IRQ,1978,23.89136510344882,3.214520960333511
IRAQ,IRQ,1979,24.356010237395083,3.2330157921682923
IRAQ,IRQ,1980,24.685392429340798,3.2459224423441078
IRAQ,IRQ,1981,24.356183220140267,3.2330226143044842
IRAQ,IRQ,1982,24.469997445687973,3.2375011887042766
IRAQ,IRQ,1983,24.42981091172584,3.235922143768391
IRAQ,IRQ,1984,24.572101665823972,3.241501978566215
IRAQ,IRQ,1985,24.603285376958183,3.2427206782887095
IRAQ,IRQ,1986,24.57902566336592,3.241772705642851
IRAQ,IRQ,1987,24.762347720493455,3.2489140353012314
IRAQ,IRQ,1988,24.861380302397617,3.2527507478820503
IRAQ,IRQ,1989,24.910370899237655,3.2546433093784564
IRAQ,IRQ,1990,25.91848714710197,3.2928133050956445
IRAQ,IRQ,1991,19.82627846477419,3.0362155770340715
IRAQ,IRQ,1992,20.132082935164746,3.050792403918859
IRAQ,IRQ,1993,20.754711092823513,3.0798303360487704
IRAQ,IRQ,1994,22.1073951767875,3.1401527038179333
IRAQ,IRQ,1995,23.280030241818206,3.189654211734929
IRAQ,IRQ,1996,23.06830665684181,3.180895898545085
IRAQ,IRQ,1997,23.756527830132548,3.209089204951021
IRAQ,IRQ,1998,23.749401461070903,3.208801305331202
IRAQ,IRQ,1999,24.330978661585032,3.2320280997293165
IRAQ,IRQ,2000,24.602026760895704,3.242671518699199
IRAQ,IRQ,2001,24.31167364230535,3.2312656981039463
IRAQ,IRQ,2002,24.217603004581697,3.2275422825853517
IRAQ,IRQ,2003,23.810736896774007,3.21127649886577
IRAQ,IRQ,2004,24.324233579875077,3.2317617862957584
IRAQ,IRQ,2005,24.63659008874248,3.2440206313495503
IRAQ,IRQ,2006,24.899912888810718,3.2542396053334546
IRAQ,IRQ,2007,25.210069712050768,3.2661436770819026
IRAQ,IRQ,2008,25.60314253184051,3.2810293491043945
IRAQ,IRQ,2009,25.43870270658053,3.274828948219237
IRAQ,IRQ,2010,25.654256896437328,3.2829488713056305
IRAQ,IRQ,2011,25.947665714052444,3.2938966781696264
IRAQ,IRQ,2012,26.107772258063065,3.2998204859571483
IRAQ,IRQ,2013,26.181308353318332,3.3025295441839795
IRAQ,IRQ,2014,26.154432859554834,3.3015403059641537
IRAQ,IRQ,2015,25.839906068770592,3.2898898124241303
IRAQ,IRQ,2016,25.839722886798953,3.289882987415269
IRAQ,IRQ,2017,25.955537734417906,3.294188758043096
IRAQ,IRQ,2018,26.149833351890514,3.3013709083091918
IRAQ,IRQ,2019,26.177030604217094,3.3023721534618895
IRAQ,IRQ,2020,25.921203584418336,3.292914213450866
IRAQ,IRQ,2021,26.068905365500076,3.2983856656272263
IRAQ,IRQ,2022,26.381494099467652,3.3098673873805136
IRAQ,IRQ,2023,26.248092213850843,3.304983508157517
IRELAND,IRL,1960,21.41568786554999,3.109761064870204
IRELAND,IRL,1961,21.489557981102013,3.113051111758607
IRELAND,IRL,1962,21.568864957531126,3.1165712996903037
IRELAND,IRL,1963,21.641583855639315,3.119788209175971
IRELAND,IRL,1964,21.770967791723905,3.125486382102767
IRELAND,IRL,1965,21.8336933150605,3.1282372220988814
IRELAND,IRL,1966,21.88604811129748,3.130527472108531
IRELAND,IRL,1967,21.960404497662598,3.133771188790195
IRELAND,IRL,1968,21.94075719650611,3.1329151188507334
IRELAND,IRL,1969,22.084940000937692,3.1391804569058754
IRELAND,IRL,1970,22.20395975565165,3.1443229432311557
IRELAND,IRL,1971,22.35216323692205,3.150689623803249
IRELAND,IRL,1972,22.566678128108872,3.1598337705755526
IRELAND,IRL,1973,22.735655443614274,3.1669783666889515
IRELAND,IRL,1974,22.78973112693101,3.1692540223145134
IRELAND,IRL,1975,22.972851798531387,3.1769220150253665
IRELAND,IRL,1976,22.969677961359974,3.1767896132855356
IRELAND,IRL,1977,23.143486437504258,3.1840146309868183
IRELAND,IRL,1978,23.40756937627474,3.194893304529905
IRELAND,IRL,1979,23.63122285822057,3.204014860036005
IRELAND,IRL,1980,23.802780998359573,3.2109557839146774
IRELAND,IRL,1981,23.751958409348,3.2089046135346964
IRELAND,IRL,1982,23.790143801244987,3.2104461468065955
IRELAND,IRL,1983,23.756585170908405,3.209091521136467
IRELAND,IRL,1984,23.724316366217,3.2077872276307478
IRELAND,IRL,1985,23.780564092653897,3.2100596399715164
IRELAND,IRL,1986,24.08067056091226,3.2220974522857753
IRELAND,IRL,1987,24.247285933499438,3.228718662161943
IRELAND,IRL,1988,24.3548576511852,3.232970335000704
IRELAND,IRL,1989,24.392921509483386,3.2344704544568
IRELAND,IRL,1990,24.621304159106064,3.243424199119399
IRELAND,IRL,1991,24.631029817279124,3.24380371972013
IRELAND,IRL,1992,24.747161792209056,3.2483243993731072
IRELAND,IRL,1993,24.682505914906283,3.2458100564170755
IRELAND,IRL,1994,24.76802890313289,3.249134533695953
IRELAND,IRL,1995,24.959396714773664,3.2565336525355684
IRELAND,IRL,1996,25.051242569308467,3.2600654664594337
IRELAND,IRL,1997,25.140377828152577,3.263481162114287
IRELAND,IRL,1998,25.225288724254245,3.2667241637262086
IRELAND,IRL,1999,25.317313984352563,3.2702270489831897
IRELAND,IRL,2000,25.330509975107244,3.2707283419156834
IRELAND,IRL,2001,25.41778912388599,3.2740376136806915
IRELAND,IRL,2002,25.579941818479977,3.2801568643617096
IRELAND,IRL,2003,25.827213991833304,3.2894168197552642
IRELAND,IRL,2004,25.9930402775373,3.2955790652779586
IRELAND,IRL,2005,26.079271705743377,3.2987685535075073
IRELAND,IRL,2006,26.170781427972667,3.3021421837156093
IRELAND,IRL,2007,26.321981380324306,3.307691556974847
IRELAND,IRL,2008,26.341662781120927,3.3084116480682595
IRELAND,IRL,2009,26.188973491016114,3.302811504750986
IRELAND,IRL,2010,26.12555377760156,3.3004762274163375
IRELAND,IRL,2011,26.200443103626352,3.30323326374376
IRELAND,IRL,2012,26.1398937364759,3.3010047390149717
IRELAND,IRL,2013,26.196008984660057,3.3030702340311264
IRELAND,IRL,2014,26.282723194135652,3.306253651825146
IRELAND,IRL,2015,26.401266214217657,3.3105892245239987
IRELAND,IRL,2016,26.42223429280707,3.311354154870215
IRELAND,IRL,2017,26.54406605100086,3.315787124051096
IRELAND,IRL,2018,26.68089785898095,3.3207425673253104
IRELAND,IRL,2019,26.712059345021974,3.3218676738695754
IRELAND,IRL,2020,26.78381019003299,3.3244534837899096
IRELAND,IRL,2021,26.964305092171603,3.3309288787665787
IRELAND,IRL,2022,27.002049912991986,3.332277718673682
IRELAND,IRL,2023,27.025205920031613,3.3331043166576024
ISLE OF MAN,IMN,1995,20.634175435215397,3.0742742604113924
ISLE OF MAN,IMN,1996,20.74601105486651,3.079430340938645
ISLE OF MAN,IMN,1997,20.889600418174787,3.0860116572875236
ISLE OF MAN,IMN,1998,21.047235519428604,3.0931872207644258
ISLE OF MAN,IMN,1999,21.172685636318146,3.098861154600911
ISLE OF MAN,IMN,2000,21.1703000521708,3.0987535576895797
ISLE OF MAN,IMN,2001,21.229559955175386,3.1014229326913534
ISLE OF MAN,IMN,2002,21.38972654088497,3.1086022170874394
ISLE OF MAN,IMN,2003,21.568558070772077,3.116557701804626
ISLE OF MAN,IMN,2004,21.760838710364165,3.1250414587709257
ISLE OF MAN,IMN,2005,21.832623858516673,3.128190384227548
ISLE OF MAN,IMN,2006,21.953705250847985,3.133479372313785
ISLE OF MAN,IMN,2007,22.219837504053054,3.1450069781424617
ISLE OF MAN,IMN,2008,22.50308623582335,3.1571317417111633
ISLE OF MAN,IMN,2009,22.425633142281875,3.1538308562451087
ISLE OF MAN,IMN,2010,22.501664748334377,3.157071258995708
ISLE OF MAN,IMN,2011,22.605119946972444,3.1614636354076
ISLE OF MAN,IMN,2012,22.623913846777324,3.1622594975833516
ISLE OF MAN,IMN,2013,22.669343918002166,3.1641807052711144
ISLE OF MAN,IMN,2014,22.765583539097808,3.168238464323648
ISLE OF MAN,IMN,2015,22.681217606973323,3.164682227907283
ISLE OF MAN,IMN,2016,22.64698552642568,3.1632356449292365
ISLE OF MAN,IMN,2017,22.666284428547822,3.164051437336348
ISLE OF MAN,IMN,2018,22.737054831315504,3.16703732214751
ISLE OF MAN,IMN,2019,22.713188478556205,3.166031369254242
ISLE OF MAN,IMN,2020,22.62301620549181,3.162221499716204
ISLE OF MAN,IMN,2021,22.794069330638738,3.169436361836705
ISRAEL,ISR,1960,21.839388466320006,3.128486609749852
ISRAEL,ISR,1961,22.02817090522443,3.136718288412931
ISRAEL,ISR,1962,21.804786280913135,3.1269704385307624
ISRAEL,ISR,1963,21.9805018529411,3.1346461108653996
ISRAEL,ISR,1964,22.10988223427102,3.140260328395807
ISRAEL,ISR,1965,22.182876177503925,3.1434139103482077
ISRAEL,ISR,1966,22.26578451705285,3.1469838056415864
ISRAEL,ISR,1967,22.2782690737151,3.147520267595306
ISRAEL,ISR,1968,22.414680929204973,3.153363215773707
ISRAEL,ISR,1969,22.557728849937476,3.1594539555772165
ISRAEL,ISR,1970,22.719906840661736,3.1663146466623577
ISRAEL,ISR,1971,22.670936317577574,3.164247979886646
ISRAEL,ISR,1972,22.93907496209266,3.1755120595375357
ISRAEL,ISR,1973,23.194394876913652,3.1861209896788996
ISRAEL,ISR,1974,23.560888907584005,3.2011552959295173
ISRAEL,ISR,1975,23.49897523401485,3.198631289492833
ISRAEL,ISR,1976,23.487375322416128,3.1981576917790298
ISRAEL,ISR,1977,23.622122425302344,3.203645324404693
ISRAEL,ISR,1978,23.59112985141015,3.2023858027695393
ISRAEL,ISR,1979,23.835896568901582,3.2122900489305013
ISRAEL,ISR,1980,23.95208367262749,3.216957332643399
ISRAEL,ISR,1981,24.008976312200858,3.219234812912316
ISRAEL,ISR,1982,24.09358000334628,3.2226120366621718
ISRAEL,ISR,1983,24.20415337103618,3.2270087972476214
ISRAEL,ISR,1984,24.140008998716482,3.224460561106209
ISRAEL,ISR,1985,24.081559798532762,3.222132906754774
ISRAEL,ISR,1986,24.29642118376228,3.2306629305404844
ISRAEL,ISR,1987,24.479871339706804,3.2378887812291577
ISRAEL,ISR,1988,24.68120397124647,3.245759361338275
ISRAEL,ISR,1989,24.677255723245597,3.2456056087517626
ISRAEL,ISR,1990,24.844923891470064,3.2521142138369368
ISRAEL,ISR,1991,24.98018205288461,3.2573340186422515
ISRAEL,ISR,1992,25.092744336191476,3.2616572808989996
ISRAEL,ISR,1993,25.097743187910382,3.26184884269393
ISRAEL,ISR,1994,25.22551913112884,3.2667329493630373
ISRAEL,ISR,1995,25.376206192820607,3.2724623231797523
ISRAEL,ISR,1996,25.46389184488854,3.275781231955985
ISRAEL,ISR,1997,25.501206932669785,3.2771902765840997
ISRAEL,ISR,1998,25.51122990310213,3.2775684131554415
ISRAEL,ISR,1999,25.518419298746903,3.2778395594216163
ISRAEL,ISR,2000,25.636183715388555,3.2822705814835085
ISRAEL,ISR,2001,25.625839356182485,3.2818821486475183
ISRAEL,ISR,2002,25.552064439585973,3.2791075013349595
ISRAEL,ISR,2003,25.60074997773674,3.280939410041949
ISRAEL,ISR,2004,25.66471644381213,3.283341209974352
ISRAEL,ISR,2005,25.714269662126558,3.2851978669161297
ISRAEL,ISR,2006,25.79009529045468,3.288032240491389
ISRAEL,ISR,2007,25.938484824344673,3.2935559268001233
ISRAEL,ISR,2008,26.119304407249547,3.3002458140430235
ISRAEL,ISR,2009,26.07971078532554,3.2987847679769073
ISRAEL,ISR,2010,26.197065141238067,3.3031090682612234
ISRAEL,ISR,2011,26.309734619902986,3.3072432181151847
ISRAEL,ISR,2012,26.292687409665966,3.3066188058580996
ISRAEL,ISR,2013,26.41946220464806,3.3112530606904786
ISRAEL,ISR,2014,26.473709423574242,3.313229526432081
ISRAEL,ISR,2015,26.438364958890983,3.3119422150361184
ISRAEL,ISR,2016,26.49813655635326,3.314118240789451
ISRAEL,ISR,2017,26.604484140024155,3.3179782283679264
ISRAEL,ISR,2018,26.654692457505767,3.319795422701594
ISRAEL,ISR,2019,26.72088767303245,3.3221861966456507
ISRAEL,ISR,2020,26.747361329494595,3.3231407484459465
ISRAEL,ISR,2021,26.914659648567724,3.3291519862669934
ISRAEL,ISR,2022,26.986668761722925,3.3317282811434046
ISRAEL,ISR,2023,26.957483398327604,3.3306849061018275
ITALY,ITA,1960,24.458929037714704,3.2370665277399957
ITALY,ITA,1961,24.563625623996014,3.241170467024097
ITALY,ITA,1962,24.680134987776484,3.245717735341297
ITALY,ITA,1963,24.81590681335774,3.2509908450963274
ITALY,ITA,1964,24.90637872322821,3.254489221132998
ITALY,ITA,1965,24.979649855617236,3.257313533692711
ITALY,ITA,1966,25.059853733395556,3.2603959589946685
ITALY,ITA,1967,25.156554732234124,3.2640998180776677
ITALY,ITA,1968,25.237143609677148,3.2671761018120837
ITALY,ITA,1969,25.336051205345445,3.270938768802666
ITALY,ITA,1970,25.454145922141212,3.2754128916596033
ITALY,ITA,1971,25.548955059563117,3.278990389458173
ITALY,ITA,1972,25.701791351395617,3.284730654968219
ITALY,ITA,1973,25.89085961270481,3.2917864375163686
ITALY,ITA,1974,26.019403276335723,3.2965552477706335
ITALY,ITA,1975,26.151276589063663,3.3014240651295608
ITALY,ITA,1976,26.13810890876147,3.3009389728619047
ITALY,ITA,1977,26.274659519599258,3.305958048400128
ITALY,ITA,1978,26.47602361122514,3.3133137556912406
ITALY,ITA,1979,26.698797023309517,3.3213889834888475
ITALY,ITA,1980,26.891320497343422,3.3283155471425836
ITALY,ITA,1981,26.7886842491448,3.324628896435086
ITALY,ITA,1982,26.78068816085941,3.3243411088285755
ITALY,ITA,1983,26.816931254310838,3.3256448732331134
ITALY,ITA,1984,26.805228296637495,3.3252240712383503
ITALY,ITA,1985,26.837429078352525,3.3263814848784903
ITALY,ITA,1986,27.185337507368896,3.3388018961777863
ITALY,ITA,1987,27.414993595719295,3.3469169493652586
ITALY,ITA,1988,27.516293484566937,3.3504756251286003
ITALY,ITA,1989,27.55700995838513,3.3519024386568
ITALY,ITA,1990,27.797571165029623,3.3602910490379596
ITALY,ITA,1991,27.851136210958224,3.3621493755740355
ITALY,ITA,1992,27.908775303312172,3.364145192741188
ITALY,ITA,1993,27.693956548634933,3.3566865273736273
ITALY,ITA,1994,27.725618940504944,3.3577893706046837
ITALY,ITA,1995,27.792001622674913,3.360097627135262
ITALY,ITA,1996,27.902898851022616,3.363941896351808
ITALY,ITA,1997,27.847647157837464,3.3620284353073155
ITALY,ITA,1998,27.87007937454253,3.3628057430490528
ITALY,ITA,1999,27.856120082039528,3.3623221050161836
ITALY,ITA,2000,27.76788921797492,3.35925980740495
ITALY,ITA,2001,27.786334056688574,3.3599007626049566
ITALY,ITA,2002,27.875354048981187,3.3629884302033646
ITALY,ITA,2003,28.086939580240248,3.3702892617557487
ITALY,ITA,2004,28.222436172773275,3.37493677631649
ITALY,ITA,2005,28.25063862096797,3.375901406635011
ITALY,ITA,2006,28.298620574583534,3.3775404355490037
ITALY,ITA,2007,28.425416485347473,3.381858807178626
ITALY,ITA,2008,28.510089761131198,3.384732230669341
ITALY,ITA,2009,28.419446114004906,3.3816558881437495
ITALY,ITA,2010,28.390002831454407,3.3806545767715632
ITALY,ITA,2011,28.46175147429178,3.383092861890865
ITALY,ITA,2012,28.366728454800825,3.37986234829454
ITALY,ITA,2013,28.392725650490796,3.3807472168755073
ITALY,ITA,2014,28.402059282867654,3.3810647155266493
ITALY,ITA,2015,28.2389576849982,3.375501987358326
ITALY,ITA,2016,28.260734065469435,3.376246482955669
ITALY,ITA,2017,28.304881596729533,3.377754109542463
ITALY,ITA,2018,28.369109360589928,3.3799434199495626
ITALY,ITA,2019,28.329803488341923,3.3786041829444775
ITALY,ITA,2020,28.271538127614917,3.376615648951226
ITALY,ITA,2021,28.398754062290795,3.3809522946129813
ITALY,ITA,2022,28.357105897046836,3.3795346258988106
ITALY,ITA,2023,28.444105105656146,3.382493723870028
JAMAICA,JAM,1960,20.36525339949651,3.0617659295216284
JAMAICA,JAM,1961,20.43297169037422,3.0649304695112276
JAMAICA,JAM,1962,20.471887006617496,3.066744498415957
JAMAICA,JAM,1963,20.532960497587645,3.0695848076170362
JAMAICA,JAM,1964,20.615623832694283,3.073416378803944
JAMAICA,JAM,1965,20.69503055793171,3.0770832277734845
JAMAICA,JAM,1966,20.8156258158173,3.0826264935726373
JAMAICA,JAM,1967,20.861299600641956,3.084717932062764
JAMAICA,JAM,1968,20.803775327594,3.082083134965952
JAMAICA,JAM,1969,20.898259818354227,3.0864071733161924
JAMAICA,JAM,1970,21.063104146189147,3.0939067177152726
JAMAICA,JAM,1971,21.154958519406897,3.098061332359332
JAMAICA,JAM,1972,21.351952673283183,3.106913685175356
JAMAICA,JAM,1973,21.368229384785064,3.107641621041068
JAMAICA,JAM,1974,21.588314799472894,3.1174327282936476
JAMAICA,JAM,1975,21.774242257643788,3.125630171797533
JAMAICA,JAM,1976,21.810494529661895,3.1272207164497896
JAMAICA,JAM,1977,21.901838719065434,3.1312172007458217
JAMAICA,JAM,1978,21.69575836894063,3.1221780510337958
JAMAICA,JAM,1979,21.609123847187924,3.118353534861826
JAMAICA,JAM,1980,21.708851026857097,3.1227547615684124
JAMAICA,JAM,1981,21.814862898499797,3.127412205091084
JAMAICA,JAM,1982,21.915215546242035,3.1318011242551433
JAMAICA,JAM,1983,22.009536051263755,3.1359087409263013
JAMAICA,JAM,1984,21.58765869149619,3.1174036815271453
JAMAICA,JAM,1985,21.46531699368689,3.1119726529806337
JAMAICA,JAM,1986,21.736519775050525,3.1239724324169034
JAMAICA,JAM,1987,21.913243359057407,3.131715056024487
JAMAICA,JAM,1988,22.065697862522363,3.1383465728938154
JAMAICA,JAM,1989,22.205991988038555,3.144410520671418
JAMAICA,JAM,1990,22.247626809983224,3.1462030541347
JAMAICA,JAM,1991,22.135765726367563,3.1413797199900744
JAMAICA,JAM,1992,21.98610928052941,3.134890089156505
JAMAICA,JAM,1993,22.41705880869925,3.1534647656844994
JAMAICA,JAM,1994,22.41935086699133,3.153562640748356
JAMAICA,JAM,1995,22.606923709273335,3.1615400465163797
JAMAICA,JAM,1996,22.723920080205463,3.1664838252389504
JAMAICA,JAM,1997,22.851502509872464,3.1718472136675433
JAMAICA,JAM,1998,22.896561455922562,3.173734576449745
JAMAICA,JAM,1999,22.907861897771504,3.174207354542928
JAMAICA,JAM,2000,22.92105297545209,3.174758948826428
JAMAICA,JAM,2001,22.94189609489884,3.1756298989525336
JAMAICA,JAM,2002,22.997349546403967,3.177943388682988
JAMAICA,JAM,2003,22.967186833683236,3.176685679593183
JAMAICA,JAM,2004,23.043166629545624,3.1798508243510497
JAMAICA,JAM,2005,23.143088552682972,3.1839981508441957
JAMAICA,JAM,2006,23.202337084669082,3.186449202246353
JAMAICA,JAM,2007,23.272679761070098,3.189351428190866
JAMAICA,JAM,2008,23.34134767676203,3.1921764548335707
JAMAICA,JAM,2009,23.218160615126692,3.187102790365955
JAMAICA,JAM,2010,23.305038267195407,3.1906836649539208
JAMAICA,JAM,2011,23.393590738409134,3.194320423138763
JAMAICA,JAM,2012,23.418371724437613,3.1953357885085274
JAMAICA,JAM,2013,23.381019099948173,3.1938049238336523
JAMAICA,JAM,2014,23.35509839347916,3.192741207220748
JAMAICA,JAM,2015,23.375728407623633,3.193587899827099
JAMAICA,JAM,2016,23.367814964469254,3.193263202742051
JAMAICA,JAM,2017,23.418499937069353,3.1953410391573662
JAMAICA,JAM,2018,23.478885958103287,3.197810948361179
JAMAICA,JAM,2019,23.48522113235476,3.1980697164532885
JAMAICA,JAM,2020,23.348834157257198,3.1924839698303185
JAMAICA,JAM,2021,23.408223864965933,3.1949201191588505
JAMAICA,JAM,2022,23.56221333789018,3.2012092188393484
JAMAICA,JAM,2023,23.689742063836476,3.206387856313311
JAPAN,JPN,1960,24.58229385407342,3.241900465862594
JAPAN,JPN,1961,24.770986155840944,3.249249291523898
JAPAN,JPN,1962,24.897466282339522,3.254145136983427
JAPAN,JPN,1963,25.032443307265694,3.259343579651971
JAPAN,JPN,1964,25.19479709101904,3.2655608067343254
JAPAN,JPN,1965,25.301456400088398,3.2696243140797177
JAPAN,JPN,1966,25.45106758926216,3.2752965200327555
JAPAN,JPN,1967,25.609664421861147,3.2812744739315423
JAPAN,JPN,1968,25.77885854218673,3.2876127158365724
JAPAN,JPN,1969,25.939824414595734,3.2936056533141973
JAPAN,JPN,1970,26.10419331741718,3.29968845087548
JAPAN,JPN,1971,26.22600888996413,3.3041727256150253
JAPAN,JPN,1972,26.506887433226485,3.3144364254319565
JAPAN,JPN,1973,26.813354572225318,3.32551628564679
JAPAN,JPN,1974,26.91774426613945,3.3292624818702126
JAPAN,JPN,1975,27.00152726274661,3.3322590537857675
JAPAN,JPN,1976,27.11833359683672,3.336421804761059
JAPAN,JPN,1977,27.32594774225737,3.3437782659220914
JAPAN,JPN,1978,27.666013274618848,3.3557122145797855
JAPAN,JPN,1979,27.70604516905143,3.3571077336535393
JAPAN,JPN,1980,27.75268748598681,3.358731240648039
JAPAN,JPN,1981,27.850334470004768,3.3621215863012823
JAPAN,JPN,1982,27.7783469251378,3.3596232614891406
JAPAN,JPN,1983,27.87071488942857,3.3628277557315647
JAPAN,JPN,1984,27.928027952941928,3.364810950502922
JAPAN,JPN,1985,27.9866093013613,3.366833975119012
JAPAN,JPN,1986,28.38247673784513,3.3803984673235505
JAPAN,JPN,1987,28.579100559144425,3.3870680497596473
JAPAN,JPN,1988,28.77068719125929,3.3935242581089105
JAPAN,JPN,1989,28.765468600985773,3.393348949837241
JAPAN,JPN,1990,28.78975740125106,3.3941646230616542
JAPAN,JPN,1991,28.92521821447182,3.398701543463292
JAPAN,JPN,1992,29.01247953322795,3.4016132796055465
JAPAN,JPN,1993,29.143273997511372,3.4059618136264542
JAPAN,JPN,1994,29.240218508988377,3.409172777111561
JAPAN,JPN,1995,29.344019384204763,3.412599443201473
JAPAN,JPN,1996,29.22501874509844,3.4086700166858894
JAPAN,JPN,1997,29.133419015502835,3.405634822160807
JAPAN,JPN,1998,29.04160867074298,3.4025833764189564
JAPAN,JPN,1999,29.164869207072535,3.406677975966618
JAPAN,JPN,2000,29.234110735716854,3.408970781541918
JAPAN,JPN,2001,29.10686173507321,3.4047531103952164
JAPAN,JPN,2002,29.062013002995453,3.403262348250208
JAPAN,JPN,2003,29.139436123931112,3.4058344844610033
JAPAN,JPN,2004,29.218850436447557,3.408465916294706
JAPAN,JPN,2005,29.206171271510343,3.408046250243626
JAPAN,JPN,2006,29.15743890248288,3.4064316225076707
JAPAN,JPN,2007,29.152665728373762,3.406273334799556
JAPAN,JPN,2008,29.261570429258025,3.4098786048740393
JAPAN,JPN,2009,29.296743538303083,3.4110402327561844
JAPAN,JPN,2010,29.381797426437096,3.4138436602113074
JAPAN,JPN,2011,29.460902485275216,3.416443975566353
JAPAN,JPN,2012,29.467174272956427,3.416649850691158
JAPAN,JPN,2013,29.282047739664364,3.410555053087955
JAPAN,JPN,2014,29.219642746183975,3.408492135007144
JAPAN,JPN,2015,29.122785383414826,3.4052818748650235
JAPAN,JPN,2016,29.241194283505177,3.40920504403364
JAPAN,JPN,2017,29.226529941314823,3.408720013625572
JAPAN,JPN,2018,29.248601972286494,3.409449967616686
JAPAN,JPN,2019,29.26378365261355,3.409951738633935
JAPAN,JPN,2020,29.251515102804817,3.409546269265721
JAPAN,JPN,2021,29.247359323390793,3.4094088855718927
JAPAN,JPN,2022,29.07944737663873,3.4038421271255994
JAPAN,JPN,2023,29.06918308193622,3.4035008294194378
JORDAN,JOR,1965,20.212039733159163,3.054568932418479
JORDAN,JOR,1966,20.304715089289672,3.05892841391196
JORDAN,JOR,1967,20.263893094769415,3.057010474436121
JORDAN,JOR,1968,20.14544494435622,3.051424513235869
JORDAN,JOR,1969,20.364989211640786,3.061753564141065
JORDAN,JOR,1970,20.27622805292737,3.0575903956103376
JORDAN,JOR,1971,20.334893406264506,3.060343920436458
JORDAN,JOR,1972,20.4856171994294,3.0673837438066385
JORDAN,JOR,1973,20.665407714539562,3.075716874056549
JORDAN,JOR,1974,20.903488483139025,3.0866459156044517
JORDAN,JOR,1975,21.033007911738572,3.092541688567839
JORDAN,JOR,1976,21.258894049378128,3.1027416612967955
JORDAN,JOR,1977,21.463668004927047,3.111899248751242
JORDAN,JOR,1978,21.679626378680364,3.1214670051207016
JORDAN,JOR,1979,21.908474321628127,3.1315068998187447
JORDAN,JOR,1980,22.086814585375272,3.139261657391125
JORDAN,JOR,1981,22.201214773113758,3.1442046382115554
JORDAN,JOR,1982,22.266829081105843,3.1470287016391416
JORDAN,JOR,1983,22.316715046773464,3.1491704873564585
JORDAN,JOR,1984,22.326114520093512,3.1495735278038146
JORDAN,JOR,1985,22.33142323395663,3.1498010886285632
JORDAN,JOR,1986,22.579884164264964,3.160393982640202
JORDAN,JOR,1987,22.63372788373477,3.1626748393879422
JORDAN,JOR,1988,22.560229975378878,3.1595601199997043
JORDAN,JOR,1989,22.163426427145374,3.142574587666256
JORDAN,JOR,1990,22.14880194653553,3.1419430274235505
JORDAN,JOR,1991,22.192168962885976,3.1438146769880375
JORDAN,JOR,1992,22.39301457017174,3.1524374551546686
JORDAN,JOR,1993,22.44717467880908,3.1547500048536588
JORDAN,JOR,1994,22.55365224985162,3.1592808933573933
JORDAN,JOR,1995,22.629483863644296,3.1624952485414903
JORDAN,JOR,1996,22.65876534370064,3.163733673913103
JORDAN,JOR,1997,22.703693239020613,3.165630868870473
JORDAN,JOR,1998,22.79168065767164,3.169335967371148
JORDAN,JOR,1999,22.82127511117257,3.1705790936099723
JORDAN,JOR,2000,22.858708368482198,3.172149281444309
JORDAN,JOR,2001,22.917799536317876,3.174622932221998
JORDAN,JOR,2002,22.983205459134812,3.177353812856813
JORDAN,JOR,2003,23.045224803037613,3.179936423949287
JORDAN,JOR,2004,23.157905562734054,3.184611679024608
JORDAN,JOR,2005,23.256089141693252,3.188667684490034
JORDAN,JOR,2006,23.435107618535095,3.196020934990508
JORDAN,JOR,2007,23.562954478909923,3.201239392416467
JORDAN,JOR,2008,23.843810426745307,3.2126086441231565
JORDAN,JOR,2009,23.923483722212012,3.215810480385106
JORDAN,JOR,2010,24.02404617587891,3.2198372096249015
JORDAN,JOR,2011,24.10847438083067,3.2232054138896227
JORDAN,JOR,2012,24.17751608423008,3.2259513773734443
JORDAN,JOR,2013,24.262903712627633,3.229337063309724
JORDAN,JOR,2014,24.330057505670702,3.2319917342704105
JORDAN,JOR,2015,24.376181732684948,3.233811007023773
JORDAN,JOR,2016,24.409455454861384,3.2351213667545995
JORDAN,JOR,2017,24.45156877008536,3.236777382357509
JORDAN,JOR,2018,24.493053640209524,3.238406008788761
JORDAN,JOR,2019,24.51881832527042,3.239416153535818
JORDAN,JOR,2020,24.50062270556769,3.2387028716924053
JORDAN,JOR,2021,24.558323564271706,3.2409630391060498
JORDAN,JOR,2022,24.607987156646256,3.2429043011306606
JORDAN,JOR,2023,24.651430705648465,3.244599348059235
KAZAKHSTAN,KAZ,1990,24.016581611728874,3.2195388694746905
KAZAKHSTAN,KAZ,1991,23.939059995277205,3.2164352488951167
KAZAKHSTAN,KAZ,1992,23.938830400510955,3.2164260426209768
KAZAKHSTAN,KAZ,1993,23.876397545116227,3.213919464184707
KAZAKHSTAN,KAZ,1994,23.779660043908066,3.2100231571362716
KAZAKHSTAN,KAZ,1995,23.73754026983766,3.208321938813672
KAZAKHSTAN,KAZ,1996,23.769470570097013,3.209611869437439
KAZAKHSTAN,KAZ,1997,23.821822355374398,3.2117231999406997
KAZAKHSTAN,KAZ,1998,23.820436994434065,3.2116673861659506
KAZAKHSTAN,KAZ,1999,23.548851172270645,3.200665057718732
KAZAKHSTAN,KAZ,2000,23.629729132247647,3.203954214599284
KAZAKHSTAN,KAZ,2001,23.821224733737836,3.2116991231899106
KAZAKHSTAN,KAZ,2002,23.927498919306576,3.215971568367348
KAZAKHSTAN,KAZ,2003,24.151873854353845,3.2249324009015954
KAZAKHSTAN,KAZ,2004,24.487986422985188,3.2382072204849233
KAZAKHSTAN,KAZ,2005,24.76848443396739,3.249152211680163
KAZAKHSTAN,KAZ,2006,25.1177627019624,3.2626156461440456
KAZAKHSTAN,KAZ,2007,25.37579578416884,3.2724467632526824
KAZAKHSTAN,KAZ,2008,25.61693013198517,3.2815474844530703
KAZAKHSTAN,KAZ,2009,25.470878603459504,3.276045208112011
KAZAKHSTAN,KAZ,2010,25.72079798009175,3.2854422127469007
KAZAKHSTAN,KAZ,2011,25.98401873402084,3.2952447920231474
KAZAKHSTAN,KAZ,2012,26.060797036171124,3.298086076712828
KAZAKHSTAN,KAZ,2013,26.18978303058247,3.302841278861988
KAZAKHSTAN,KAZ,2014,26.123307376845805,3.3003934090599985
KAZAKHSTAN,KAZ,2015,25.940310264888122,3.29362368780113
KAZAKHSTAN,KAZ,2016,25.645276235462084,3.2826118829482276
KAZAKHSTAN,KAZ,2017,25.840096031468086,3.2898968900206302
KAZAKHSTAN,KAZ,2018,25.91254915807243,3.2925926892776634
KAZAKHSTAN,KAZ,2019,25.92544219534757,3.293071646133129
KAZAKHSTAN,KAZ,2020,25.86541094918672,3.2908396208881605
KAZAKHSTAN,KAZ,2021,26.0070392275618,3.2960975441567455
KAZAKHSTAN,KAZ,2022,26.14156971604707,3.3010664904662077
KAZAKHSTAN,KAZ,2023,26.289398434740693,3.306498291045286
KENYA,KEN,1960,20.48914406929665,3.0675478806055896
KENYA,KEN,1961,20.491282672134535,3.067647395803636
KENYA,KEN,1962,20.581830606273655,3.0718517850678917
KENYA,KEN,1963,20.647021036562027,3.0748678485175893
KENYA,KEN,1964,20.72202440118007,3.0783266951966883
KENYA,KEN,1965,20.721182990158514,3.078287959059456
KENYA,KEN,1966,20.87557454211558,3.085370696681191
KENYA,KEN,1967,20.932358744237874,3.087963114522647
KENYA,KEN,1968,21.02580853530462,3.092214881037424
KENYA,KEN,1969,21.10059166757597,3.095604380453841
KENYA,KEN,1970,21.195421747510302,3.0998860400207744
KENYA,KEN,1971,21.298975022178674,3.104540714278735
KENYA,KEN,1972,21.46866345330485,3.112121603044298
KENYA,KEN,1973,21.643150632168705,3.119857405851086
KENYA,KEN,1974,21.811813921656938,3.127278556223365
KENYA,KEN,1975,21.90479211743833,3.131346151438027
KENYA,KEN,1976,21.968728621450076,3.1341336656458774
KENYA,KEN,1977,22.226093289383215,3.1452763574082496
KENYA,KEN,1978,22.391677147133294,3.152380281622485
KENYA,KEN,1979,22.5533467550891,3.1592679231080045
KENYA,KEN,1980,22.7063776044908,3.165744109176817
KENYA,KEN,1981,22.648169997814517,3.1632857334161417
KENYA,KEN,1982,22.5844859682018,3.160589121637649
KENYA,KEN,1983,22.511552334677948,3.157491889069668
KENYA,KEN,1984,22.546433056663084,3.1589743464287374
KENYA,KEN,1985,22.537281491913618,3.158585610537678
KENYA,KEN,1986,22.702766396306934,3.165591766911756
KENYA,KEN,1987,22.799053256608836,3.1696458007521358
KENYA,KEN,1988,22.84617158492414,3.171623683901294
KENYA,KEN,1989,22.837484883671706,3.1712593367856634
KENYA,KEN,1990,22.871808798674707,3.1726982145503797
KENYA,KEN,1991,22.82146642030067,3.1705871245973567
KENYA,KEN,1992,22.82851166125922,3.1708828326456513
KENYA,KEN,1993,22.472776363937065,3.155841297026809
KENYA,KEN,1994,22.69011921802906,3.165058050578
KENYA,KEN,1995,22.925623910360695,3.1749500147570218
KENYA,KEN,1996,23.211987317350797,3.186847854212634
KENYA,KEN,1997,23.29708072979339,3.190356208553363
KENYA,KEN,1998,23.369014929811602,3.193312445392638
KENYA,KEN,1999,23.280183833765804,3.189660537569793
KENYA,KEN,2000,23.26528900924635,3.1890468933259712
KENYA,KEN,2001,23.287138262869757,3.1899469206294824
KENYA,KEN,2002,23.29951548178741,3.1904564111266236
KENYA,KEN,2003,23.424930201918954,3.1956043402755907
KENYA,KEN,2004,23.501795445487588,3.1987463983548667
KENYA,KEN,2005,23.653813808237093,3.204931606907944
KENYA,KEN,2006,23.9746286885139,3.2178604570973266
KENYA,KEN,2007,24.187694485106018,3.2263555611701342
KENYA,KEN,2008,24.303868118531405,3.23095727410751
KENYA,KEN,2009,24.469168563157393,3.237468644687733
KENYA,KEN,2010,24.53890161416439,3.240202843186416
KENYA,KEN,2011,24.570632408165192,3.24144452142452
KENYA,KEN,2012,24.755676565934547,3.2486550519769057
KENYA,KEN,2013,24.845086782379475,3.252120516443854
KENYA,KEN,2014,24.946967624565985,3.25605474823921
KENYA,KEN,2015,24.973480270293965,3.2570760278740116
KENYA,KEN,2016,25.038286163518293,3.2595679996413396
KENYA,KEN,2017,25.13043023971498,3.2631005447515413
KENYA,KEN,2018,25.24725828786828,3.2675615374063045
KENYA,KEN,2019,25.332213242324727,3.270793027792676
KENYA,KEN,2020,25.334989559034163,3.2708984564679935
KENYA,KEN,2021,25.42104855740878,3.274160986323617
KENYA,KEN,2022,25.45436204641441,3.2754210613956816
KENYA,KEN,2023,25.40020374877145,3.273371727878983
KIRIBATI,KIR,1970,16.47543993896488,2.860796463137165
KIRIBATI,KIR,1971,16.541965840225814,2.86459605821375
KIRIBATI,KIR,1972,16.756603257529996,2.8767574612499165
KIRIBATI,KIR,1973,17.272163388203587,2.9053787754325033
KIRIBATI,KIR,1974,18.2656300268889,2.958322680729934
KIRIBATI,KIR,1975,17.824368183316224,2.935152210483475
KIRIBATI,KIR,1976,17.53177220744025,2.9194866756290967
KIRIBATI,KIR,1977,17.472563511507413,2.9162865778399962
KIRIBATI,KIR,1978,17.626876369513305,2.924605503863075
KIRIBATI,KIR,1979,17.56779223681545,2.921428479595417
KIRIBATI,KIR,1980,17.312637207578007,2.9075913793132036
KIRIBATI,KIR,1981,17.388512733876855,2.9117261617121137
KIRIBATI,KIR,1982,17.29548434003055,2.906654272022385
KIRIBATI,KIR,1983,17.237497553833986,2.9034797797205325
KIRIBATI,KIR,1984,17.34846596054951,2.9095459721258625
KIRIBATI,KIR,1985,17.067429728780727,2.894110854795952
KIRIBATI,KIR,1986,17.076294704371808,2.8946013950436926
KIRIBATI,KIR,1987,17.196779269853767,2.901244615228068
KIRIBATI,KIR,1988,17.460542655726506,2.9156356249441875
KIRIBATI,KIR,1989,17.45195807452424,2.915170493555785
KIRIBATI,KIR,1990,17.417972641262555,2.91332696186331
KIRIBATI,KIR,1991,17.53601231545948,2.9197154515374657
KIRIBATI,KIR,1992,17.937631625948026,2.9411510337905433
KIRIBATI,KIR,1993,17.895775395991194,2.9389383730587495
KIRIBATI,KIR,1994,18.02413134992402,2.945708244357098
KIRIBATI,KIR,1995,18.048722011626253,2.947000013318472
KIRIBATI,KIR,1996,18.214712305644543,2.9556762515208814
KIRIBATI,KIR,1997,18.199479819056343,2.9548831859092384
KIRIBATI,KIR,1998,18.12975100969138,2.951244767669149
KIRIBATI,KIR,1999,18.164779628399984,2.9530742001178294
KIRIBATI,KIR,2000,18.13019620672706,2.951268039893399
KIRIBATI,KIR,2001,17.992490630714485,2.944043671080098
KIRIBATI,KIR,2002,18.132692740041517,2.9513985336112922
KIRIBATI,KIR,2003,18.379698329867583,2.964226040287164
KIRIBATI,KIR,2004,18.46403528538707,2.9685684183334144
KIRIBATI,KIR,2005,18.54983209771337,2.9729666980422373
KIRIBATI,KIR,2006,18.535803144387476,2.9722488407608374
KIRIBATI,KIR,2007,18.743249597250376,2.9828116403784612
KIRIBATI,KIR,2008,18.804514645534013,2.9859099241103206
KIRIBATI,KIR,2009,18.7598986353251,2.9836545625153246
KIRIBATI,KIR,2010,18.92214385169202,2.991831869442413
KIRIBATI,KIR,2011,19.09354759915452,3.000398748561259
KIRIBATI,KIR,2012,19.148625394644483,3.00313606743763
KIRIBATI,KIR,2013,19.122629221977352,3.001845013730686
KIRIBATI,KIR,2014,19.114401963114823,3.001436074068148
KIRIBATI,KIR,2015,19.070775947663662,2.9992648241268407
KIRIBATI,KIR,2016,19.14657856345072,3.003034475635407
KIRIBATI,KIR,2017,19.222816242170374,3.0068114839219713
KIRIBATI,KIR,2018,19.270229911924677,3.0091533028724338
KIRIBATI,KIR,2019,19.19490797559608,3.005430492213515
KIRIBATI,KIR,2020,19.222565191223612,3.00679906960232
KIRIBATI,KIR,2021,19.482655072483617,3.019578433979596
KIRIBATI,KIR,2022,19.41585929508493,3.0163120152442793
KIRIBATI,KIR,2023,19.446845468794276,3.0178286147854796
"KOREA, REP.",KOR,1960,22.099209787191793,3.1397984085959534
"KOREA, REP.",KOR,1961,21.606053035798006,3.1182177038596564
"KOREA, REP.",KOR,1962,21.758091458515988,3.1249207506681067
"KOREA, REP.",KOR,1963,22.10667141416041,3.1401213816391884
"KOREA, REP.",KOR,1964,21.964251132363515,3.1339387081610925
"KOREA, REP.",KOR,1965,21.86137492210022,3.1294488018817264
"KOREA, REP.",KOR,1966,22.09166481242096,3.139471721781584
"KOREA, REP.",KOR,1967,22.303458741740616,3.148601793406485
"KOREA, REP.",KOR,1968,22.534729054786737,3.1584771623494774
"KOREA, REP.",KOR,1969,22.76171594756408,3.1680757119020275
"KOREA, REP.",KOR,1970,22.921061914180633,3.1747593225025734
"KOREA, REP.",KOR,1971,23.016161261213767,3.178726989609309
"KOREA, REP.",KOR,1972,23.10855579193386,3.1825667896081575
"KOREA, REP.",KOR,1973,23.353460596050546,3.1926739583649737
"KOREA, REP.",KOR,1974,23.695932837569405,3.2066385676289997
"KOREA, REP.",KOR,1975,23.8044552499854,3.2110232842131454
"KOREA, REP.",KOR,1976,24.12120723493683,3.2237123991608527
"KOREA, REP.",KOR,1977,24.37253317900646,3.233667218015869
"KOREA, REP.",KOR,1978,24.67397301619359,3.2454777556453402
"KOREA, REP.",KOR,1979,24.927165617145018,3.2552912845572033
"KOREA, REP.",KOR,1980,24.903763287724345,3.254388258834708
"KOREA, REP.",KOR,1981,25.01281435664373,3.2585892764768607
"KOREA, REP.",KOR,1982,25.084559217611858,3.261343538406028
"KOREA, REP.",KOR,1983,25.197877957154315,3.2656784134851162
"KOREA, REP.",KOR,1984,25.303228404972568,3.269691684690963
"KOREA, REP.",KOR,1985,25.341314509081997,3.2711386005020184
"KOREA, REP.",KOR,1986,25.48403918697993,3.2765422567088365
"KOREA, REP.",KOR,1987,25.720131492377995,3.285417269778267
"KOREA, REP.",KOR,1988,26.019537551698704,3.296560217348531
"KOREA, REP.",KOR,1989,26.232366024012304,3.304406193252908
"KOREA, REP.",KOR,1990,26.370004635278036,3.3094476924087313
"KOREA, REP.",KOR,1991,26.524317307544052,3.3150698796687847
"KOREA, REP.",KOR,1992,26.59686113456061,3.317702039247024
"KOREA, REP.",KOR,1993,26.69622447749216,3.3212961034519957
"KOREA, REP.",KOR,1994,26.862330707452884,3.327275622693632
"KOREA, REP.",KOR,1995,27.062885895944902,3.334447916711084
"KOREA, REP.",KOR,1996,27.136998615349192,3.337085386983878
"KOREA, REP.",KOR,1997,27.06847232113345,3.3346469649929866
"KOREA, REP.",KOR,1998,26.672166857493565,3.3204271014480544
"KOREA, REP.",KOR,1999,26.93288961554332,3.3298048338086774
"KOREA, REP.",KOR,2000,27.079684886342637,3.3350463570982987
"KOREA, REP.",KOR,2001,27.02891370063588,3.333236609542934
"KOREA, REP.",KOR,2002,27.164606133746744,3.3380660880041515
"KOREA, REP.",KOR,2003,27.278217035086055,3.3420917921909794
"KOREA, REP.",KOR,2004,27.399310423595274,3.3463648640130543
"KOREA, REP.",KOR,2005,27.563706554576264,3.352136910373215
"KOREA, REP.",KOR,2006,27.682870320162767,3.356300091621944
"KOREA, REP.",KOR,2007,27.790256634486294,3.360037018599162
"KOREA, REP.",KOR,2008,27.677273787408822,3.356104954986262
"KOREA, REP.",KOR,2009,27.57333042939411,3.352473780306164
"KOREA, REP.",KOR,2010,27.765265465344967,3.359168599034882
"KOREA, REP.",KOR,2011,27.85679284056831,3.362345418985094
"KOREA, REP.",KOR,2012,27.87635388459106,3.3630230555208054
"KOREA, REP.",KOR,2013,27.946293760257635,3.365442173725294
"KOREA, REP.",KOR,2014,28.026091402101695,3.368195129016606
"KOREA, REP.",KOR,2015,28.01358527852628,3.367764178174554
"KOREA, REP.",KOR,2016,28.03627275052594,3.3685458329080915
"KOREA, REP.",KOR,2017,28.115343111057786,3.371265289903065
"KOREA, REP.",KOR,2018,28.17646466287362,3.373362379581698
"KOREA, REP.",KOR,2019,28.132658415503883,3.371859827209147
"KOREA, REP.",KOR,2020,28.1283436815078,3.37171170981162
"KOREA, REP.",KOR,2021,28.22899576599409,3.375161222254965
"KOREA, REP.",KOR,2022,28.146187213275233,3.372324105383102
"KOREA, REP.",KOR,2023,28.1691464022155,3.373111520586037
KOSOVO,XKX,2008,22.368413839947795,3.151385274614854
KOSOVO,XKX,2009,22.33587764583222,3.1499919894008443
KOSOVO,XKX,2010,22.39923102090589,3.152703159469228
KOSOVO,XKX,2011,22.57039908562781,3.159991648736296
KOSOVO,XKX,2012,22.541908078715714,3.1587821554170263
KOSOVO,XKX,2013,22.63063243695618,3.1625438549945426
KOSOVO,XKX,2014,22.679747726976444,3.164620156537454
KOSOVO,XKX,2015,22.563156272599485,3.1596843172383733
KOSOVO,XKX,2016,22.622784536114,3.162211692733396
KOSOVO,XKX,2017,22.694671718981173,3.165250200880918
KOSOVO,XKX,2018,22.787436331832016,3.169157556079832
KOSOVO,XKX,2019,22.790095377826244,3.16926933346304
KOSOVO,XKX,2020,22.76671034215495,3.168285876428781
KOSOVO,XKX,2021,22.965400438639442,3.176611141783051
KOSOVO,XKX,2022,22.959166434447724,3.17635098276092
KOSOVO,XKX,2023,23.068752503021628,3.180914422575743
KUWAIT,KWT,1962,21.3265471172205,3.1057764241249615
KUWAIT,KWT,1963,21.365591115502763,3.1075236669179525
KUWAIT,KWT,1964,21.45162017414228,3.111362779697512
KUWAIT,KWT,1965,21.463868558662732,3.1119081766271517
KUWAIT,KWT,1966,21.595060768934083,3.117731332345534
KUWAIT,KWT,1967,21.615918999054493,3.118654038807872
KUWAIT,KWT,1968,21.7026436376909,3.1224813775166114
KUWAIT,KWT,1969,21.741823906768225,3.124205692087874
KUWAIT,KWT,1970,21.77884495579718,3.1258322524226063
KUWAIT,KWT,1971,22.079202066763656,3.1389318685450145
KUWAIT,KWT,1972,22.21629080791596,3.1448542222485956
KUWAIT,KWT,1973,22.411293945558324,3.1532185531730197
KUWAIT,KWT,1974,23.288749535950576,3.1900132610775698
KUWAIT,KWT,1975,23.210071650579444,3.186768730490381
KUWAIT,KWT,1976,23.298337087233325,3.190407915380741
KUWAIT,KWT,1977,23.372090081762583,3.193438628496379
KUWAIT,KWT,1978,23.464335350420203,3.1972163570072487
KUWAIT,KWT,1979,23.93205350393191,3.2161542649386825
KUWAIT,KWT,1980,24.078030665545903,3.221992190574278
KUWAIT,KWT,1981,23.944459786416562,3.2166517448915535
KUWAIT,KWT,1982,23.79490087688069,3.210638022227145
KUWAIT,KWT,1983,23.761630357372102,3.209295292069136
KUWAIT,KWT,1984,23.80058191098495,3.2108671170482763
KUWAIT,KWT,1985,23.7888026145,3.210392043730904
KUWAIT,KWT,1986,23.608289415748725,3.2030833542971777
KUWAIT,KWT,1987,23.830928682011766,3.212090000432081
KUWAIT,KWT,1988,23.75293189904637,3.2089439425663304
KUWAIT,KWT,1989,23.914312216293425,3.2154424261463737
KUWAIT,KWT,1990,23.637125025003254,3.204254452677711
KUWAIT,KWT,1991,23.122069215759616,3.1831271565607824
KUWAIT,KWT,1992,23.71190074441381,3.2072849391147624
KUWAIT,KWT,1993,23.898874655300812,3.214822607883124
KUWAIT,KWT,1994,23.93606257508782,3.216315051889535
KUWAIT,KWT,1995,24.026004042957034,3.219915445993119
KUWAIT,KWT,1996,24.173011236280413,3.225772437918331
KUWAIT,KWT,1997,24.136068637939136,3.2243038121722973
KUWAIT,KWT,1998,23.97919486547314,3.2180432730119892
KUWAIT,KWT,1999,24.128533784245334,3.2240040046183864
KUWAIT,KWT,2000,24.353422982387865,3.232913749812652
KUWAIT,KWT,2001,24.27545347727139,3.22983370647739
KUWAIT,KWT,2002,24.364419006633092,3.233347365439275
KUWAIT,KWT,2003,24.591850558176,3.242273963234106
KUWAIT,KWT,2004,24.80821793778751,3.250692965929789
KUWAIT,KWT,2005,25.115225848579573,3.2625185100829004
KUWAIT,KWT,2006,25.343889310682695,3.27123634337539
KUWAIT,KWT,2007,25.465010659605674,3.2758235080911158
KUWAIT,KWT,2008,25.716278339339944,3.285273055260231
KUWAIT,KWT,2009,25.386409528048432,3.272849086997869
KUWAIT,KWT,2010,25.47181095440982,3.2760804292523873
KUWAIT,KWT,2011,25.760473155612733,3.2869259165541136
KUWAIT,KWT,2012,25.882595211235063,3.2914790590315057
KUWAIT,KWT,2013,25.883286857559444,3.291504787106553
KUWAIT,KWT,2014,25.814869261363224,3.288956556844529
KUWAIT,KWT,2015,25.464587593413516,3.2758075220943907
KUWAIT,KWT,2016,25.418337731361845,3.274058380058113
KUWAIT,KWT,2017,25.51647072588096,3.277766076743858
KUWAIT,KWT,2018,25.651986098056636,3.282863673090393
KUWAIT,KWT,2019,25.655552639675076,3.2829974831183257
KUWAIT,KWT,2020,25.400877592990643,3.2733972517584986
KUWAIT,KWT,2021,25.67752315095231,3.283821381316371
KUWAIT,KWT,2022,25.931710367711496,3.293304416418743
KUWAIT,KWT,2023,25.8094551454409,3.2887546292304988
KYRGYZ REPUBLIC,KGZ,1990,21.70721521729438,3.1226827249655664
KYRGYZ REPUBLIC,KGZ,1991,21.66695554300868,3.1209081609712865
KYRGYZ REPUBLIC,KGZ,1992,21.563350242815314,3.116326919275171
KYRGYZ REPUBLIC,KGZ,1993,21.43046159970962,3.1104199278883327
KYRGYZ REPUBLIC,KGZ,1994,21.242658851392193,3.102012014907043
KYRGYZ REPUBLIC,KGZ,1995,21.23069681653319,3.1014740732578097
KYRGYZ REPUBLIC,KGZ,1996,21.326253373284352,3.105763267327048
KYRGYZ REPUBLIC,KGZ,1997,21.29303789533106,3.1042744277177903
KYRGYZ REPUBLIC,KGZ,1998,21.221591915770112,3.1010644250192123
KYRGYZ REPUBLIC,KGZ,1999,20.945658295872995,3.0885693202237956
KYRGYZ REPUBLIC,KGZ,2000,21.037849177259982,3.0927613922841117
KYRGYZ REPUBLIC,KGZ,2001,21.14533655247438,3.09762693493294
KYRGYZ REPUBLIC,KGZ,2002,21.196790201579695,3.0999476929103125
KYRGYZ REPUBLIC,KGZ,2003,21.375074269959132,3.1079475834831927
KYRGYZ REPUBLIC,KGZ,2004,21.516952493858668,3.114268469685302
KYRGYZ REPUBLIC,KGZ,2005,21.623527493410226,3.1189904043038
KYRGYZ REPUBLIC,KGZ,2006,21.765014570447782,3.1252249088237813
KYRGYZ REPUBLIC,KGZ,2007,22.05894313618228,3.1380536827491072
KYRGYZ REPUBLIC,KGZ,2008,22.36031092205845,3.151038467891074
KYRGYZ REPUBLIC,KGZ,2009,22.268711506867472,3.1471096043530187
KYRGYZ REPUBLIC,KGZ,2010,22.290706452590864,3.1480544163083026
KYRGYZ REPUBLIC,KGZ,2011,22.54745473894939,3.1590177355959645
KYRGYZ REPUBLIC,KGZ,2012,22.61111440744404,3.161717550637637
KYRGYZ REPUBLIC,KGZ,2013,22.71592785665488,3.1661468838711437
KYRGYZ REPUBLIC,KGZ,2014,22.733906776067258,3.1669046913708723
KYRGYZ REPUBLIC,KGZ,2015,22.622110959675407,3.1621831784809435
KYRGYZ REPUBLIC,KGZ,2016,22.642112388217036,3.1630295450694046
KYRGYZ REPUBLIC,KGZ,2017,22.764867700729273,3.1682083430708547
KYRGYZ REPUBLIC,KGZ,2018,22.83603410189911,3.1711984735725456
KYRGYZ REPUBLIC,KGZ,2019,22.96091502472214,3.1764239621975965
KYRGYZ REPUBLIC,KGZ,2020,22.835957008734628,3.171195239255594
KYRGYZ REPUBLIC,KGZ,2021,22.947795756656646,3.175876284408758
KYRGYZ REPUBLIC,KGZ,2022,23.219353991555586,3.1871520652488146
KYRGYZ REPUBLIC,KGZ,2023,23.361439055052966,3.1930015156064298
LAO PDR,LAO,1984,21.286954949572607,3.104001527458817
LAO PDR,LAO,1985,21.584748310729328,3.117274824954559
LAO PDR,LAO,1986,21.298103522949233,3.104501631035707
LAO PDR,LAO,1987,20.806938658879517,3.0822282062570134
LAO PDR,LAO,1988,20.21070749505415,3.0545061246942042
LAO PDR,LAO,1989,20.386459093915484,3.062757969134608
LAO PDR,LAO,1990,20.578887114936553,3.071715388293367
LAO PDR,LAO,1991,20.75096657649582,3.0796581968459105
LAO PDR,LAO,1992,20.843540826983876,3.083905263513391
LAO PDR,LAO,1993,21.006750630545106,3.091349253133411
LAO PDR,LAO,1994,21.15738729821584,3.0981709532230695
LAO PDR,LAO,1995,21.290586894068475,3.1041644769779557
LAO PDR,LAO,1996,21.35116573877751,3.1068784780339436
LAO PDR,LAO,1997,21.28117265532834,3.1037420463189327
LAO PDR,LAO,1998,20.970264841726415,3.089689941022378
LAO PDR,LAO,1999,21.09788034995652,3.095481692157206
LAO PDR,LAO,2000,21.27207950432583,3.1033338538441755
LAO PDR,LAO,2001,21.293464885998585,3.1042935810777044
LAO PDR,LAO,2002,21.28754311641562,3.1040279177433323
LAO PDR,LAO,2003,21.42800774178354,3.1103105234452233
LAO PDR,LAO,2004,21.584634855406975,3.117269801404783
LAO PDR,LAO,2005,21.729601542536464,3.1236681076860067
LAO PDR,LAO,2006,21.963096994845557,3.1338884488900804
LAO PDR,LAO,2007,22.163847780617473,3.1425927779647056
LAO PDR,LAO,2008,22.418226764832955,3.1535146407357413
LAO PDR,LAO,2009,22.487334998795657,3.1564613396503267
LAO PDR,LAO,2010,22.68782542968826,3.16496122120477
LAO PDR,LAO,2011,22.892331493492804,3.173557549438666
LAO PDR,LAO,2012,23.04495197190897,3.179925077302344
LAO PDR,LAO,2013,23.206775897502943,3.1866325897357264
LAO PDR,LAO,2014,23.309468193718583,3.1908659120590723
LAO PDR,LAO,2015,23.39232432071878,3.1942685057897044
LAO PDR,LAO,2016,23.490370909085343,3.198280016177494
LAO PDR,LAO,2017,23.560656062235093,3.201145815553888
LAO PDR,LAO,2018,23.62147574555665,3.203619059884238
LAO PDR,LAO,2019,23.653956076624524,3.204937377535485
LAO PDR,LAO,2020,23.666746738895117,3.2054560507022147
LAO PDR,LAO,2021,23.658565735909193,3.205124334483889
LAO PDR,LAO,2022,23.46208997251097,3.197124571110528
LAO PDR,LAO,2023,23.486003428947964,3.1981016656887946
LATE-DEMOGRAPHIC DIVIDEND,LTE,1960,26.18862062287334,3.302798526312034
LATE-DEMOGRAPHIC DIVIDEND,LTE,1961,26.097497318788292,3.2994413737609336
LATE-DEMOGRAPHIC DIVIDEND,LTE,1962,26.094918704607153,3.2993462086300056
LATE-DEMOGRAPHIC DIVIDEND,LTE,1963,26.154723398611747,3.301551005414373
LATE-DEMOGRAPHIC DIVIDEND,LTE,1964,26.295773446905386,3.3067318714105727
LATE-DEMOGRAPHIC DIVIDEND,LTE,1965,26.419710718742753,3.3112621240691347
LATE-DEMOGRAPHIC DIVIDEND,LTE,1966,26.50016371900921,3.314191958073321
LATE-DEMOGRAPHIC DIVIDEND,LTE,1967,26.482531211496244,3.313550574156446
LATE-DEMOGRAPHIC DIVIDEND,LTE,1968,26.480079367943,3.3134613555575103
LATE-DEMOGRAPHIC DIVIDEND,LTE,1969,26.593846171653897,3.31759278306761
LATE-DEMOGRAPHIC DIVIDEND,LTE,1970,26.72202064291835,3.322227066431182
LATE-DEMOGRAPHIC DIVIDEND,LTE,1971,26.81780872618054,3.325676417260104
LATE-DEMOGRAPHIC DIVIDEND,LTE,1972,26.946274450755144,3.3302838973627398
LATE-DEMOGRAPHIC DIVIDEND,LTE,1973,27.175267730357128,3.3384445622891086
LATE-DEMOGRAPHIC DIVIDEND,LTE,1974,27.32098274296356,3.343602969599272
LATE-DEMOGRAPHIC DIVIDEND,LTE,1975,27.393828026474896,3.3461717985376453
LATE-DEMOGRAPHIC DIVIDEND,LTE,1976,27.423841421067298,3.347228279652618
LATE-DEMOGRAPHIC DIVIDEND,LTE,1977,27.575992559574043,3.352566944320806
LATE-DEMOGRAPHIC DIVIDEND,LTE,1978,27.56867603004988,3.3523108739035745
LATE-DEMOGRAPHIC DIVIDEND,LTE,1979,27.78202889008474,3.3597511955027675
LATE-DEMOGRAPHIC DIVIDEND,LTE,1980,27.947377920699836,3.3654796272296528
LATE-DEMOGRAPHIC DIVIDEND,LTE,1981,27.9785357067313,3.3665554078979314
LATE-DEMOGRAPHIC DIVIDEND,LTE,1982,27.967792104149265,3.366184595695985
LATE-DEMOGRAPHIC DIVIDEND,LTE,1983,28.01041347695324,3.367654850942918
LATE-DEMOGRAPHIC DIVIDEND,LTE,1984,28.07078147647831,3.369733596785248
LATE-DEMOGRAPHIC DIVIDEND,LTE,1985,28.138245566343652,3.372051591897014
LATE-DEMOGRAPHIC DIVIDEND,LTE,1986,28.152724998712227,3.3725483903728675
LATE-DEMOGRAPHIC DIVIDEND,LTE,1987,28.188694211256383,3.373781449752932
LATE-DEMOGRAPHIC DIVIDEND,LTE,1988,28.27706107482686,3.3768043109278936
LATE-DEMOGRAPHIC DIVIDEND,LTE,1989,28.27979530699081,3.376897698187213
LATE-DEMOGRAPHIC DIVIDEND,LTE,1990,28.307094950571916,3.3778296351934927
LATE-DEMOGRAPHIC DIVIDEND,LTE,1991,28.315843702304683,3.3781281105684484
LATE-DEMOGRAPHIC DIVIDEND,LTE,1992,28.335200247431203,3.3787881685836436
LATE-DEMOGRAPHIC DIVIDEND,LTE,1993,28.375495211198242,3.3801608305757815
LATE-DEMOGRAPHIC DIVIDEND,LTE,1994,28.524225563619915,3.3852111318874245
LATE-DEMOGRAPHIC DIVIDEND,LTE,1995,28.735712277426313,3.3923487570477597
LATE-DEMOGRAPHIC DIVIDEND,LTE,1996,28.83387170379239,3.395644382387049
LATE-DEMOGRAPHIC DIVIDEND,LTE,1997,28.879919589739874,3.3971866691545656
LATE-DEMOGRAPHIC DIVIDEND,LTE,1998,28.843279440730583,3.3959596701256793
LATE-DEMOGRAPHIC DIVIDEND,LTE,1999,28.76444518070936,3.39331456644202
LATE-DEMOGRAPHIC DIVIDEND,LTE,2000,28.85782533494201,3.3964469607563608
LATE-DEMOGRAPHIC DIVIDEND,LTE,2001,28.890927375921788,3.3975550021083447
LATE-DEMOGRAPHIC DIVIDEND,LTE,2002,28.949249704404927,3.399504272641816
LATE-DEMOGRAPHIC DIVIDEND,LTE,2003,29.07980828347344,3.4038541255065886
LATE-DEMOGRAPHIC DIVIDEND,LTE,2004,29.26364675164205,3.409947215032963
LATE-DEMOGRAPHIC DIVIDEND,LTE,2005,29.45119070499875,3.4161250970038184
LATE-DEMOGRAPHIC DIVIDEND,LTE,2006,29.639043686223765,3.4222751331001833
LATE-DEMOGRAPHIC DIVIDEND,LTE,2007,29.869861763320674,3.4297803604775003
LATE-DEMOGRAPHIC DIVIDEND,LTE,2008,30.087490131002742,3.4368054916707753
LATE-DEMOGRAPHIC DIVIDEND,LTE,2009,30.05310870068709,3.435698922552666
LATE-DEMOGRAPHIC DIVIDEND,LTE,2010,30.238460080552258,3.441650030560385
LATE-DEMOGRAPHIC DIVIDEND,LTE,2011,30.43622016687609,3.4479607366336875
LATE-DEMOGRAPHIC DIVIDEND,LTE,2012,30.503492387979232,3.4500984091456814
LATE-DEMOGRAPHIC DIVIDEND,LTE,2013,30.5776870800281,3.452450766120872
LATE-DEMOGRAPHIC DIVIDEND,LTE,2014,30.61550695243853,3.4536477265690624
LATE-DEMOGRAPHIC DIVIDEND,LTE,2015,30.551538410294892,3.451622348822052
LATE-DEMOGRAPHIC DIVIDEND,LTE,2016,30.553837138998425,3.451695202479432
LATE-DEMOGRAPHIC DIVIDEND,LTE,2017,30.657819713862928,3.454985186442319
LATE-DEMOGRAPHIC DIVIDEND,LTE,2018,30.7500157180417,3.4578932203950097
LATE-DEMOGRAPHIC DIVIDEND,LTE,2019,30.76869592282989,3.4584813999989144
LATE-DEMOGRAPHIC DIVIDEND,LTE,2020,30.745921389702737,3.457764256920144
LATE-DEMOGRAPHIC DIVIDEND,LTE,2021,30.922135530112243,3.4632996729161696
LATE-DEMOGRAPHIC DIVIDEND,LTE,2022,30.96545732422502,3.4646558611466918
LATE-DEMOGRAPHIC DIVIDEND,LTE,2023,30.97534464025571,3.464965125835458
LATIN AMERICA & CARIBBEAN,LCN,1989,27.638470022730104,3.354750919671432
LATIN AMERICA & CARIBBEAN,LCN,1990,27.728256178089755,3.3578811742499983
LATIN AMERICA & CARIBBEAN,LCN,1991,27.804954099668386,3.360547389698209
LATIN AMERICA & CARIBBEAN,LCN,1992,27.892350107717583,3.3635768579234866
LATIN AMERICA & CARIBBEAN,LCN,1993,28.060641336620886,3.3693847272936868
LATIN AMERICA & CARIBBEAN,LCN,1994,28.21602179661594,3.374717250462935
LATIN AMERICA & CARIBBEAN,LCN,1995,28.294577676640436,3.377402436666192
LATIN AMERICA & CARIBBEAN,LCN,1996,28.37344573754304,3.380091060002119
LATIN AMERICA & CARIBBEAN,LCN,1997,28.465380103361387,3.383216018371659
LATIN AMERICA & CARIBBEAN,LCN,1998,28.477597318310846,3.3836305619070832
LATIN AMERICA & CARIBBEAN,LCN,1999,28.376399294175336,3.380191606876181
LATIN AMERICA & CARIBBEAN,LCN,2000,28.475245095331527,3.3835507617521032
LATIN AMERICA & CARIBBEAN,LCN,2001,28.45592392671163,3.3828950418798245
LATIN AMERICA & CARIBBEAN,LCN,2002,28.34966605649361,3.3792811682364152
LATIN AMERICA & CARIBBEAN,LCN,2003,28.36849598361723,3.3799225346251056
LATIN AMERICA & CARIBBEAN,LCN,2004,28.50821350433037,3.3846686484686455
LATIN AMERICA & CARIBBEAN,LCN,2005,28.696366454491457,3.391024696724696
LATIN AMERICA & CARIBBEAN,LCN,2006,28.853552542657155,3.396303845911451
LATIN AMERICA & CARIBBEAN,LCN,2007,29.01667288541195,3.4017529901302455
LATIN AMERICA & CARIBBEAN,LCN,2008,29.1663141898611,3.406725877655512
LATIN AMERICA & CARIBBEAN,LCN,2009,29.102544419909975,3.4046097004051057
LATIN AMERICA & CARIBBEAN,LCN,2010,29.316590389273603,3.411695100271095
LATIN AMERICA & CARIBBEAN,LCN,2011,29.445405747013705,3.415935104185188
LATIN AMERICA & CARIBBEAN,LCN,2012,29.457024953405654,3.4163166720930462
LATIN AMERICA & CARIBBEAN,LCN,2013,29.481416297238386,3.4171171961837428
LATIN AMERICA & CARIBBEAN,LCN,2014,29.500235652160857,3.4177344098838742
LATIN AMERICA & CARIBBEAN,LCN,2015,29.320801235313915,3.4118339863918288
LATIN AMERICA & CARIBBEAN,LCN,2016,29.29557407194728,3.411001631613265
LATIN AMERICA & CARIBBEAN,LCN,2017,29.400276310490913,3.414451697531755
LATIN AMERICA & CARIBBEAN,LCN,2018,29.378939931676015,3.413749602933946
LATIN AMERICA & CARIBBEAN,LCN,2019,29.364438926056593,3.4132721515254936
LATIN AMERICA & CARIBBEAN,LCN,2020,29.200662505586237,3.407863861411273
LATIN AMERICA & CARIBBEAN,LCN,2021,29.349851608691765,3.4127916281588515
LATIN AMERICA & CARIBBEAN,LCN,2022,29.478164904195907,3.4170105224507057
LATIN AMERICA & CARIBBEAN,LCN,2023,29.59031693815736,3.420683518951158
LATIN AMERICA & CARIBBEAN (EXCLUDING HIGH INCOME),LAC,1989,27.49909125532407,3.34987220098814
LATIN AMERICA & CARIBBEAN (EXCLUDING HIGH INCOME),LAC,1990,27.58768943906236,3.352976185966641
LATIN AMERICA & CARIBBEAN (EXCLUDING HIGH INCOME),LAC,1991,27.661585656983803,3.3555577473519103
LATIN AMERICA & CARIBBEAN (EXCLUDING HIGH INCOME),LAC,1992,27.74347259969493,3.3584107014552633
LATIN AMERICA & CARIBBEAN (EXCLUDING HIGH INCOME),LAC,1993,27.92993832452979,3.364876987099487
LATIN AMERICA & CARIBBEAN (EXCLUDING HIGH INCOME),LAC,1994,28.09658385682079,3.3706207740499226
LATIN AMERICA & CARIBBEAN (EXCLUDING HIGH INCOME),LAC,1995,28.160376951348148,3.3728108340578697
LATIN AMERICA & CARIBBEAN (EXCLUDING HIGH INCOME),LAC,1996,28.247861564506593,3.3758064620995216
LATIN AMERICA & CARIBBEAN (EXCLUDING HIGH INCOME),LAC,1997,28.335055638057128,3.3787832390202084
LATIN AMERICA & CARIBBEAN (EXCLUDING HIGH INCOME),LAC,1998,28.343403268549377,3.379067760144454
LATIN AMERICA & CARIBBEAN (EXCLUDING HIGH INCOME),LAC,1999,28.22452892822231,3.3750083884334345
LATIN AMERICA & CARIBBEAN (EXCLUDING HIGH INCOME),LAC,2000,28.324916093124443,3.378437533260917
LATIN AMERICA & CARIBBEAN (EXCLUDING HIGH INCOME),LAC,2001,28.29958645100936,3.3775734016233923
LATIN AMERICA & CARIBBEAN (EXCLUDING HIGH INCOME),LAC,2002,28.19467539025753,3.3739863429978025
LATIN AMERICA & CARIBBEAN (EXCLUDING HIGH INCOME),LAC,2003,28.21543836128215,3.374697280558632
LATIN AMERICA & CARIBBEAN (EXCLUDING HIGH INCOME),LAC,2004,28.345775255918227,3.379148592332935
LATIN AMERICA & CARIBBEAN (EXCLUDING HIGH INCOME),LAC,2005,28.535442509262307,3.3855909831850455
LATIN AMERICA & CARIBBEAN (EXCLUDING HIGH INCOME),LAC,2006,28.689191173552572,3.390783046018349
LATIN AMERICA & CARIBBEAN (EXCLUDING HIGH INCOME),LAC,2007,28.855266265203916,3.396361248572614
LATIN AMERICA & CARIBBEAN (EXCLUDING HIGH INCOME),LAC,2008,29.000018719746794,3.4011980056535207
LATIN AMERICA & CARIBBEAN (EXCLUDING HIGH INCOME),LAC,2009,28.923895837376975,3.3986573530983715
LATIN AMERICA & CARIBBEAN (EXCLUDING HIGH INCOME),LAC,2010,29.14756200609381,3.4061040577508988
LATIN AMERICA & CARIBBEAN (EXCLUDING HIGH INCOME),LAC,2011,29.30257808000345,3.411232794044416
LATIN AMERICA & CARIBBEAN (EXCLUDING HIGH INCOME),LAC,2012,29.298323639105934,3.411092385542766
LATIN AMERICA & CARIBBEAN (EXCLUDING HIGH INCOME),LAC,2013,29.324180689274552,3.411945436798998
LATIN AMERICA & CARIBBEAN (EXCLUDING HIGH INCOME),LAC,2014,29.327973270395063,3.412070496862915
LATIN AMERICA & CARIBBEAN (EXCLUDING HIGH INCOME),LAC,2015,29.164563311643718,3.4066678351310076
LATIN AMERICA & CARIBBEAN (EXCLUDING HIGH INCOME),LAC,2016,29.13442617676667,3.4056682450004896
LATIN AMERICA & CARIBBEAN (EXCLUDING HIGH INCOME),LAC,2017,29.24303237592621,3.4092658232656188
LATIN AMERICA & CARIBBEAN (EXCLUDING HIGH INCOME),LAC,2018,29.214197035538284,3.4083119144327076
LATIN AMERICA & CARIBBEAN (EXCLUDING HIGH INCOME),LAC,2019,29.20058390942983,3.4078612589432424
LATIN AMERICA & CARIBBEAN (EXCLUDING HIGH INCOME),LAC,2020,29.02895315750455,3.4021620214976602
LATIN AMERICA & CARIBBEAN (EXCLUDING HIGH INCOME),LAC,2021,29.176611221504718,3.4070671614654486
LATIN AMERICA & CARIBBEAN (EXCLUDING HIGH INCOME),LAC,2022,29.31547576420568,3.4116583334201938
LATIN AMERICA & CARIBBEAN (EXCLUDING HIGH INCOME),LAC,2023,29.431175407949656,3.4154675897797055
LATIN AMERICA & THE CARIBBEAN (IDA & IBRD COUNTRIES),TLA,1989,27.5739919613384,3.3524969321150904
LATIN AMERICA & THE CARIBBEAN (IDA & IBRD COUNTRIES),TLA,1990,27.665034550974585,3.3556780716962527
LATIN AMERICA & THE CARIBBEAN (IDA & IBRD COUNTRIES),TLA,1991,27.748539433926556,3.3585869636546724
LATIN AMERICA & THE CARIBBEAN (IDA & IBRD COUNTRIES),TLA,1992,27.84027350083508,3.3617727957571866
LATIN AMERICA & THE CARIBBEAN (IDA & IBRD COUNTRIES),TLA,1993,28.01434736528089,3.3677904443784294
LATIN AMERICA & THE CARIBBEAN (IDA & IBRD COUNTRIES),TLA,1994,28.17059674257296,3.3731612410777494
LATIN AMERICA & THE CARIBBEAN (IDA & IBRD COUNTRIES),TLA,1995,28.249558739830732,3.3758644877463206
LATIN AMERICA & THE CARIBBEAN (IDA & IBRD COUNTRIES),TLA,1996,28.332831398310518,3.3787074142424625
LATIN AMERICA & THE CARIBBEAN (IDA & IBRD COUNTRIES),TLA,1997,28.42530156512805,3.381854901696306
LATIN AMERICA & THE CARIBBEAN (IDA & IBRD COUNTRIES),TLA,1998,28.434879924956164,3.3821803631430836
LATIN AMERICA & THE CARIBBEAN (IDA & IBRD COUNTRIES),TLA,1999,28.32583009510554,3.3784687008773777
LATIN AMERICA & THE CARIBBEAN (IDA & IBRD COUNTRIES),TLA,2000,28.426180110539025,3.381884758052885
LATIN AMERICA & THE CARIBBEAN (IDA & IBRD COUNTRIES),TLA,2001,28.401854771618066,3.3810577598247074
LATIN AMERICA & THE CARIBBEAN (IDA & IBRD COUNTRIES),TLA,2002,28.28722915618054,3.3771515560294985
LATIN AMERICA & THE CARIBBEAN (IDA & IBRD COUNTRIES),TLA,2003,28.30425775464544,3.3777328213239013
LATIN AMERICA & THE CARIBBEAN (IDA & IBRD COUNTRIES),TLA,2004,28.448487228365384,3.382642541320361
LATIN AMERICA & THE CARIBBEAN (IDA & IBRD COUNTRIES),TLA,2005,28.6432475382261,3.38923436049297
LATIN AMERICA & THE CARIBBEAN (IDA & IBRD COUNTRIES),TLA,2006,28.804857318470948,3.3946713774928736
LATIN AMERICA & THE CARIBBEAN (IDA & IBRD COUNTRIES),TLA,2007,28.972973841530045,3.400296103684151
LATIN AMERICA & THE CARIBBEAN (IDA & IBRD COUNTRIES),TLA,2008,29.127346689960664,3.405433287198825
LATIN AMERICA & THE CARIBBEAN (IDA & IBRD COUNTRIES),TLA,2009,29.06040350742689,3.403208807635497
LATIN AMERICA & THE CARIBBEAN (IDA & IBRD COUNTRIES),TLA,2010,29.281737343617763,3.410544802868416
LATIN AMERICA & THE CARIBBEAN (IDA & IBRD COUNTRIES),TLA,2011,29.412772783341484,3.4148626775175535
LATIN AMERICA & THE CARIBBEAN (IDA & IBRD COUNTRIES),TLA,2012,29.42375718983215,3.4152237897182287
LATIN AMERICA & THE CARIBBEAN (IDA & IBRD COUNTRIES),TLA,2013,29.448219669736503,3.4160275251144903
LATIN AMERICA & THE CARIBBEAN (IDA & IBRD COUNTRIES),TLA,2014,29.466931630126247,3.4166418865854546
LATIN AMERICA & THE CARIBBEAN (IDA & IBRD COUNTRIES),TLA,2015,29.27868608435153,3.4104440354333123
LATIN AMERICA & THE CARIBBEAN (IDA & IBRD COUNTRIES),TLA,2016,29.25114188888489,3.4095339321572866
LATIN AMERICA & THE CARIBBEAN (IDA & IBRD COUNTRIES),TLA,2017,29.359476809997076,3.413108719506645
LATIN AMERICA & THE CARIBBEAN (IDA & IBRD COUNTRIES),TLA,2018,29.33687274988507,3.4123638951038298
LATIN AMERICA & THE CARIBBEAN (IDA & IBRD COUNTRIES),TLA,2019,29.320006964421417,3.411807790471421
LATIN AMERICA & THE CARIBBEAN (IDA & IBRD COUNTRIES),TLA,2020,29.148628037972106,3.406139417592959
LATIN AMERICA & THE CARIBBEAN (IDA & IBRD COUNTRIES),TLA,2021,29.300676452674914,3.41117003743691
LATIN AMERICA & THE CARIBBEAN (IDA & IBRD COUNTRIES),TLA,2022,29.43029410496506,3.415438628829807
LATIN AMERICA & THE CARIBBEAN (IDA & IBRD COUNTRIES),TLA,2023,29.54393300429546,3.419166073564782
LATVIA,LVA,1995,22.479247622667522,3.156116951118879
LATVIA,LVA,1996,22.51089158267575,3.157463785383547
LATVIA,LVA,1997,22.599355187032653,3.1612193890749336
LATVIA,LVA,1998,22.692651896012975,3.165164953484976
LATVIA,LVA,1999,22.74266382444542,3.1672735911615146
LATVIA,LVA,2000,22.79755071070522,3.1695826640667897
LATVIA,LVA,2001,22.847011148915065,3.1716588907775347
LATVIA,LVA,2002,22.98054301425388,3.1772427938072845
LATVIA,LVA,2003,23.188987556952455,3.1858974699615215
LATVIA,LVA,2004,23.39297017907898,3.194294983373446
LATVIA,LVA,2005,23.556682681653726,3.2009840241909333
LATVIA,LVA,2006,23.794572843869723,3.2106247922819025
LATVIA,LVA,2007,24.159004763624118,3.22521587475512
LATVIA,LVA,2008,24.30272862223851,3.230912240599372
LATVIA,LVA,2009,23.997042984886008,3.2187575372679387
LATVIA,LVA,2010,23.899491458662137,3.2148473799152004
LATVIA,LVA,2011,24.036519791623075,3.2203355506149096
LATVIA,LVA,2012,24.061519963712584,3.2213336006099524
LATVIA,LVA,2013,24.131266141560875,3.224112733953651
LATVIA,LVA,2014,24.169656333432933,3.2256391552372814
LATVIA,LVA,2015,24.028799629754882,3.220027147032605
LATVIA,LVA,2016,24.058451524439256,3.2212111568341064
LATVIA,LVA,2017,24.140461429320766,3.224478557381918
LATVIA,LVA,2018,24.262165750113613,3.2293078515729796
LATVIA,LVA,2019,24.25623820615437,3.2290731828771286
LATVIA,LVA,2020,24.261058132077174,3.2292640056759243
LATVIA,LVA,2021,24.39812562759726,3.2346753771124814
LATVIA,LVA,2022,24.422652940430265,3.2356406246127545
LATVIA,LVA,2023,24.49894386060424,3.238637034075457
LEAST DEVELOPED COUNTRIES: UN CLASSIFICATION,LDC,1960,23.957870945362764,3.2171892411997383
LEAST DEVELOPED COUNTRIES: UN CLASSIFICATION,LDC,1961,24.026873128276208,3.2199501726809094
LEAST DEVELOPED COUNTRIES: UN CLASSIFICATION,LDC,1962,24.08333674952032,3.2222037511543675
LEAST DEVELOPED COUNTRIES: UN CLASSIFICATION,LDC,1963,24.131200163554915,3.2241101086146733
LEAST DEVELOPED COUNTRIES: UN CLASSIFICATION,LDC,1964,24.17778079982961,3.2259618912862162
LEAST DEVELOPED COUNTRIES: UN CLASSIFICATION,LDC,1965,24.260642316646276,3.229247544811495
LEAST DEVELOPED COUNTRIES: UN CLASSIFICATION,LDC,1966,24.34149980795927,3.2324433605116267
LEAST DEVELOPED COUNTRIES: UN CLASSIFICATION,LDC,1967,24.406036453714457,3.234986801446908
LEAST DEVELOPED COUNTRIES: UN CLASSIFICATION,LDC,1968,24.460779549318644,3.2371392112511983
LEAST DEVELOPED COUNTRIES: UN CLASSIFICATION,LDC,1969,24.538740658057133,3.240196540776982
LEAST DEVELOPED COUNTRIES: UN CLASSIFICATION,LDC,1970,24.50572912582646,3.2389030985305336
LEAST DEVELOPED COUNTRIES: UN CLASSIFICATION,LDC,1971,24.541054125293503,3.240287123256718
LEAST DEVELOPED COUNTRIES: UN CLASSIFICATION,LDC,1972,24.562667992656422,3.241133005621286
LEAST DEVELOPED COUNTRIES: UN CLASSIFICATION,LDC,1973,24.750680448034373,3.24846105192699
LEAST DEVELOPED COUNTRIES: UN CLASSIFICATION,LDC,1974,24.97418215250441,3.2571030505417413
LEAST DEVELOPED COUNTRIES: UN CLASSIFICATION,LDC,1975,25.180308919801018,3.2650075602517474
LEAST DEVELOPED COUNTRIES: UN CLASSIFICATION,LDC,1976,25.09449828179202,3.26172449830744
LEAST DEVELOPED COUNTRIES: UN CLASSIFICATION,LDC,1977,25.16355215329123,3.2643673030472278
LEAST DEVELOPED COUNTRIES: UN CLASSIFICATION,LDC,1978,25.315080571477186,3.2701421806090423
LEAST DEVELOPED COUNTRIES: UN CLASSIFICATION,LDC,1979,25.428120148221186,3.2744286004045122
LEAST DEVELOPED COUNTRIES: UN CLASSIFICATION,LDC,1980,25.5457691768434,3.27887038195199
LEAST DEVELOPED COUNTRIES: UN CLASSIFICATION,LDC,1981,25.598041327947765,3.280837578788838
LEAST DEVELOPED COUNTRIES: UN CLASSIFICATION,LDC,1982,25.6024712925943,3.2810041172088105
LEAST DEVELOPED COUNTRIES: UN CLASSIFICATION,LDC,1983,25.61318120408362,3.281406627039338
LEAST DEVELOPED COUNTRIES: UN CLASSIFICATION,LDC,1984,25.65877502414036,3.28311836561316
LEAST DEVELOPED COUNTRIES: UN CLASSIFICATION,LDC,1985,25.751605818566507,3.2865945021408685
LEAST DEVELOPED COUNTRIES: UN CLASSIFICATION,LDC,1986,25.590182731483928,3.2805420774195033
LEAST DEVELOPED COUNTRIES: UN CLASSIFICATION,LDC,1987,25.654680469570973,3.282964762567193
LEAST DEVELOPED COUNTRIES: UN CLASSIFICATION,LDC,1988,25.743246072389752,3.286281958187598
LEAST DEVELOPED COUNTRIES: UN CLASSIFICATION,LDC,1989,25.81088190407439,3.2888078463011974
LEAST DEVELOPED COUNTRIES: UN CLASSIFICATION,LDC,1990,25.961715574735987,3.2944179180972886
LEAST DEVELOPED COUNTRIES: UN CLASSIFICATION,LDC,1991,26.05252849787643,3.2977804758916833
LEAST DEVELOPED COUNTRIES: UN CLASSIFICATION,LDC,1992,25.813472109449936,3.2889044518613098
LEAST DEVELOPED COUNTRIES: UN CLASSIFICATION,LDC,1993,25.862852305687017,3.2907443770315146
LEAST DEVELOPED COUNTRIES: UN CLASSIFICATION,LDC,1994,25.843765175137136,3.290033584497976
LEAST DEVELOPED COUNTRIES: UN CLASSIFICATION,LDC,1995,25.86876103589448,3.2909643119958236
LEAST DEVELOPED COUNTRIES: UN CLASSIFICATION,LDC,1996,25.915272127053456,3.2926938625712627
LEAST DEVELOPED COUNTRIES: UN CLASSIFICATION,LDC,1997,25.96437021216128,3.2945163727649582
LEAST DEVELOPED COUNTRIES: UN CLASSIFICATION,LDC,1998,25.977843634351746,3.2950159229876834
LEAST DEVELOPED COUNTRIES: UN CLASSIFICATION,LDC,1999,26.00843117065013,3.296149082839215
LEAST DEVELOPED COUNTRIES: UN CLASSIFICATION,LDC,2000,26.135897301790507,3.3008574750279838
LEAST DEVELOPED COUNTRIES: UN CLASSIFICATION,LDC,2001,26.095698393844966,3.2993749844321507
LEAST DEVELOPED COUNTRIES: UN CLASSIFICATION,LDC,2002,26.18500593186319,3.3026655688013986
LEAST DEVELOPED COUNTRIES: UN CLASSIFICATION,LDC,2003,26.30889943412178,3.307212635666695
LEAST DEVELOPED COUNTRIES: UN CLASSIFICATION,LDC,2004,26.44750794989265,3.312275378766663
LEAST DEVELOPED COUNTRIES: UN CLASSIFICATION,LDC,2005,26.61180774615778,3.3182434981253257
LEAST DEVELOPED COUNTRIES: UN CLASSIFICATION,LDC,2006,26.757609191250715,3.3235100076952144
LEAST DEVELOPED COUNTRIES: UN CLASSIFICATION,LDC,2007,26.94041125017269,3.330074072767474
LEAST DEVELOPED COUNTRIES: UN CLASSIFICATION,LDC,2008,27.14393639529663,3.337331928018822
LEAST DEVELOPED COUNTRIES: UN CLASSIFICATION,LDC,2009,27.134142287144694,3.3369838668028
LEAST DEVELOPED COUNTRIES: UN CLASSIFICATION,LDC,2010,27.256230394253492,3.3413139782053194
LEAST DEVELOPED COUNTRIES: UN CLASSIFICATION,LDC,2011,27.38758722150092,3.3459519799589135
LEAST DEVELOPED COUNTRIES: UN CLASSIFICATION,LDC,2012,27.431675183482508,3.3475038470182006
LEAST DEVELOPED COUNTRIES: UN CLASSIFICATION,LDC,2013,27.517212705120365,3.3505078595330726
LEAST DEVELOPED COUNTRIES: UN CLASSIFICATION,LDC,2014,27.58980124054601,3.3530500542480053
LEAST DEVELOPED COUNTRIES: UN CLASSIFICATION,LDC,2015,27.548579135708078,3.351607167287673
LEAST DEVELOPED COUNTRIES: UN CLASSIFICATION,LDC,2016,27.56548118388601,3.352199037260733
LEAST DEVELOPED COUNTRIES: UN CLASSIFICATION,LDC,2017,27.655774670469047,3.3553549820291018
LEAST DEVELOPED COUNTRIES: UN CLASSIFICATION,LDC,2018,27.717581730593068,3.35750953905385
LEAST DEVELOPED COUNTRIES: UN CLASSIFICATION,LDC,2019,27.77121836959765,3.3593755252798365
LEAST DEVELOPED COUNTRIES: UN CLASSIFICATION,LDC,2020,27.781180931439,3.3597217336764227
LEAST DEVELOPED COUNTRIES: UN CLASSIFICATION,LDC,2021,27.86747091206989,3.3627153872074396
LEAST DEVELOPED COUNTRIES: UN CLASSIFICATION,LDC,2022,27.984923393146993,3.3667758118055224
LEAST DEVELOPED COUNTRIES: UN CLASSIFICATION,LDC,2023,28.039316322056724,3.3686506470505626
LEBANON,LBN,1988,21.92128296174854,3.13206586592344
LEBANON,LBN,1989,21.723161669860684,3.123384742175805
LEBANON,LBN,1990,21.766536420780827,3.1252917569895247
LEBANON,LBN,1991,22.268786921359535,3.1471128453734694
LEBANON,LBN,1992,22.48860931607575,3.1565155936860463
LEBANON,LBN,1993,22.795398797422507,3.169492234147803
LEBANON,LBN,1994,22.984937999012235,3.177426049960577
LEBANON,LBN,1995,23.184459845212956,3.185710271736219
LEBANON,LBN,1996,23.339947351474144,3.192118924511608
LEBANON,LBN,1997,23.480224765947487,3.1978656392174765
LEBANON,LBN,1998,23.570914431138554,3.201563403225095
LEBANON,LBN,1999,23.579221909254112,3.201901448195596
LEBANON,LBN,2000,23.571678660411568,3.2015945057463497
LEBANON,LBN,2001,23.593987526389633,3.202502003569092
LEBANON,LBN,2002,23.675685454667697,3.205818364251547
LEBANON,LBN,2003,23.723135476766362,3.2077394642210333
LEBANON,LBN,2004,23.775370314982855,3.2098500272277697
LEBANON,LBN,2005,23.791194880630876,3.210488544991638
LEBANON,LBN,2006,23.81534002385774,3.21146201129724
LEBANON,LBN,2007,23.935211907027842,3.2162809373388686
LEBANON,LBN,2008,24.094653837929428,3.2226548289463834
LEBANON,LBN,2009,24.28996587534131,3.230407711346891
LEBANON,LBN,2010,24.372466055897107,3.233664572509499
LEBANON,LBN,2011,24.41032177850961,3.235155460711538
LEBANON,LBN,2012,24.5078372051711,3.2389857463239524
LEBANON,LBN,2013,24.570859181030947,3.2414533898739415
LEBANON,LBN,2014,24.596448502799362,3.2424536115021705
LEBANON,LBN,2015,24.633874599540746,3.243914703337359
LEBANON,LBN,2016,24.65797571357334,3.244854467282673
LEBANON,LBN,2017,24.694079891251846,3.24626061093952
LEBANON,LBN,2018,24.72880685640065,3.2476112535278445
LEBANON,LBN,2019,24.666902989806008,3.2452023405382255
LEBANON,LBN,2020,24.179965039415908,3.2260486401885458
LEBANON,LBN,2021,23.864480250729784,3.2134402891020564
LEBANON,LBN,2022,23.767427349963782,3.2095293765797845
LESOTHO,LSO,1960,17.358785638219498,2.9101082412957076
LESOTHO,LSO,1961,17.39066084674995,2.911842973084769
LESOTHO,LSO,1962,17.54984087498221,2.9204612108485763
LESOTHO,LSO,1963,17.666508461554727,2.92673092675727
LESOTHO,LSO,1964,17.765599364198955,2.9320253726150765
LESOTHO,LSO,1965,17.820659141381984,2.9349551569967423
LESOTHO,LSO,1966,17.85328436869806,2.9366871357827153
LESOTHO,LSO,1967,17.8974784491184,2.939028497774411
LESOTHO,LSO,1968,17.93366889828571,2.9409417604029424
LESOTHO,LSO,1969,18.004679933928898,2.9446852611485905
LESOTHO,LSO,1970,18.04584142938604,2.9468487800722816
LESOTHO,LSO,1971,18.15254355322259,2.952435529429101
LESOTHO,LSO,1972,18.20888753842482,2.9553730645582865
LESOTHO,LSO,1973,18.61285952297347,2.976185449209093
LESOTHO,LSO,1974,18.8318052509245,2.987286974743392
LESOTHO,LSO,1975,18.823200825821957,2.9868530106067617
LESOTHO,LSO,1976,18.810423141595326,2.986208220482102
LESOTHO,LSO,1977,19.079831790754035,2.9997159178339614
LESOTHO,LSO,1978,19.401147681245114,3.0155911581522634
LESOTHO,LSO,1979,19.485855485426363,3.0197346716804874
LESOTHO,LSO,1980,19.882876642224296,3.0389295237464626
LESOTHO,LSO,1981,19.888988256733093,3.0392221424536805
LESOTHO,LSO,1982,19.669842044719026,3.0286757318995545
LESOTHO,LSO,1983,19.773157969296822,3.0336616710726547
LESOTHO,LSO,1984,19.624144429540024,3.026462449156214
LESOTHO,LSO,1985,19.408845250042415,3.0159683975652447
LESOTHO,LSO,1986,19.580257747153375,3.024332254484589
LESOTHO,LSO,1987,19.81387207738974,3.035619691208011
LESOTHO,LSO,1988,19.969085027214344,3.043049211497162
LESOTHO,LSO,1989,20.02089471155879,3.045516929317394
LESOTHO,LSO,1990,20.206439350203507,3.0543048784915485
LESOTHO,LSO,1991,20.37275097598937,3.062116791789501
LESOTHO,LSO,1992,20.53817628683684,3.06982700179458
LESOTHO,LSO,1993,20.543639120776934,3.070080604569565
LESOTHO,LSO,1994,20.5934429254324,3.0723897003369274
LESOTHO,LSO,1995,20.725158045867875,3.0784709459635615
LESOTHO,LSO,1996,20.66787203415873,3.0758306120258934
LESOTHO,LSO,1997,20.72126810151681,3.0782918774091876
LESOTHO,LSO,1998,20.649038819516736,3.074961057135781
LESOTHO,LSO,1999,20.63199852289164,3.074173631577066
LESOTHO,LSO,2000,20.60368433392758,3.0728638711597034
LESOTHO,LSO,2001,20.531750500063865,3.0695286132297497
LESOTHO,LSO,2002,20.46937597322308,3.066627546411147
LESOTHO,LSO,2003,20.869809457574572,3.0851071221484165
LESOTHO,LSO,2004,21.136194129760305,3.0972140123124645
LESOTHO,LSO,2005,21.24345361515376,3.1020477457775364
LESOTHO,LSO,2006,21.311103924834466,3.10508448838723
LESOTHO,LSO,2007,21.243327745317185,3.1020420870253083
LESOTHO,LSO,2008,21.29249396889226,3.1042500284826087
LESOTHO,LSO,2009,21.277665165530614,3.1035846144837906
LESOTHO,LSO,2010,21.52739710009317,3.114732217370232
LESOTHO,LSO,2011,21.67082638022441,3.1210789164454598
LESOTHO,LSO,2012,21.630597441935024,3.1193028597359804
LESOTHO,LSO,2013,21.5849368772155,3.1172831742040787
LESOTHO,LSO,2014,21.615699459264057,3.118644331448378
LESOTHO,LSO,2015,21.581794703332978,3.117144037552936
LESOTHO,LSO,2016,21.47204943238824,3.112272289532001
LESOTHO,LSO,2017,21.559101835033093,3.1161386135604268
LESOTHO,LSO,2018,21.661806118389684,3.1206809575599244
LESOTHO,LSO,2019,21.594853007351755,3.1177221373033235
LESOTHO,LSO,2020,21.44273282512805,3.1109668568904514
LESOTHO,LSO,2021,21.60155580693174,3.118018744923485
LESOTHO,LSO,2022,21.55153606439008,3.115803181783522
LESOTHO,LSO,2023,21.439171577831846,3.110808162764119
LIBERIA,LBR,1960,19.06513965515142,2.9989839638317837
LIBERIA,LBR,1961,19.03001633183915,2.9972319650462986
LIBERIA,LBR,1962,19.072285879150986,2.9993400516465822
LIBERIA,LBR,1963,19.11497526606419,3.001464575774557
LIBERIA,LBR,1964,19.204258491072036,3.0058933985782113
LIBERIA,LBR,1965,19.25037077813296,3.008173103416179
LIBERIA,LBR,1966,19.314560208986908,3.011337880619922
LIBERIA,LBR,1967,19.380124064401382,3.014560115332545
LIBERIA,LBR,1968,19.438880562148654,3.0174389968175683
LIBERIA,LBR,1969,19.54223386784199,3.022482955541136
LIBERIA,LBR,1970,19.593471502289187,3.024974108202012
LIBERIA,LBR,1971,19.648984436917864,3.0276661383874024
LIBERIA,LBR,1972,19.72385976502832,3.0312856821388885
LIBERIA,LBR,1973,19.77385333549437,3.033695144777538
LIBERIA,LBR,1974,20.003682274313427,3.044697768747918
LIBERIA,LBR,1975,20.17430436468195,3.052788388271544
LIBERIA,LBR,1976,20.20688430768116,3.054325860458501
LIBERIA,LBR,1977,20.327271637856434,3.059986612340103
LIBERIA,LBR,1978,20.39092162828166,3.0629666090422893
LIBERIA,LBR,1979,20.51755433572137,3.0688690827257736
LIBERIA,LBR,1980,20.56627454305918,3.071130730744202
LIBERIA,LBR,1981,20.556637888746927,3.070683791800182
LIBERIA,LBR,1982,20.577006008964567,3.0716282110465527
LIBERIA,LBR,1983,20.528922183473778,3.0693972489747163
LIBERIA,LBR,1984,20.558955067768206,3.0707912786217526
LIBERIA,LBR,1985,20.56227056961508,3.070945054485235
LIBERIA,LBR,1986,20.550059886482398,3.070378595500995
LIBERIA,LBR,1987,20.695689069176176,3.077113580404194
LIBERIA,LBR,1988,20.76085059727368,3.080112511171989
LIBERIA,LBR,1989,20.482848956961742,3.067254893851352
LIBERIA,LBR,1990,19.76719423506041,3.0333745413801547
LIBERIA,LBR,1991,19.66771303773875,3.0285727259536097
LIBERIA,LBR,1992,19.2249219720179,3.0069156049404704
LIBERIA,LBR,1993,18.893181253396687,2.990377022429241
LIBERIA,LBR,1994,18.69982648538186,2.980609827856517
LIBERIA,LBR,1995,18.71930275644248,2.9815979913710366
LIBERIA,LBR,1996,18.88692732432039,2.990062597489168
LIBERIA,LBR,1997,19.50553211737044,3.0206947091227923
LIBERIA,LBR,1998,19.700502860561738,3.030157992757019
LIBERIA,LBR,1999,19.906367848950293,3.0400537943326578
LIBERIA,LBR,2000,20.58859093361981,3.0721649776270685
LIBERIA,LBR,2001,20.624549864007253,3.07382923706406
LIBERIA,LBR,2002,20.647464123530128,3.074888317035299
LIBERIA,LBR,2003,20.432913535938752,3.064927756191059
LIBERIA,LBR,2004,20.61456642002307,3.073367458701338
LIBERIA,LBR,2005,20.670919356574203,3.075971239963254
LIBERIA,LBR,2006,20.8357012662762,3.0835463030362322
LIBERIA,LBR,2007,21.040263963732244,3.0928709607888685
LIBERIA,LBR,2008,21.269072429607647,3.1031988292840915
LIBERIA,LBR,2009,21.293114801161863,3.104277877480829
LIBERIA,LBR,2010,21.415412517172772,3.1097487810594178
LIBERIA,LBR,2011,21.597900893551735,3.117857021148255
LIBERIA,LBR,2012,21.74988576013983,3.1245601238520364
LIBERIA,LBR,2013,21.879265544712243,3.13023106567785
LIBERIA,LBR,2014,21.89440093730307,3.1308923801106094
LIBERIA,LBR,2015,21.894842208061515,3.1309116541028463
LIBERIA,LBR,2016,21.94657633697517,3.1331687461614597
LIBERIA,LBR,2017,21.94430322944052,3.1330696803968467
LIBERIA,LBR,2018,21.95371156085828,3.1334796472153474
LIBERIA,LBR,2019,21.923109076344115,3.132145531702191
LIBERIA,LBR,2020,21.87892815913709,3.1302163192227193
LIBERIA,LBR,2021,21.979750306344812,3.13461340666727
LIBERIA,LBR,2022,22.109821913815747,3.140257718233913
LIBERIA,LBR,2023,22.189295166085156,3.1436907569325383
LIBYA,LBY,1960,19.811077301611505,3.0354854075236277
LIBYA,LBY,1961,19.91112251120599,3.040281194984167
LIBYA,LBY,1962,20.244787655481257,3.0561115784818162
LIBYA,LBY,1963,20.60934423631843,3.0731258246774495
LIBYA,LBY,1964,21.016976268970918,3.0918138043801986
LIBYA,LBY,1965,21.313815170652646,3.105206001025302
LIBYA,LBY,1966,21.561568447367463,3.1162479475894376
LIBYA,LBY,1967,21.726463141785242,3.1235300226679565
LIBYA,LBY,1968,22.071500815156238,3.138598124909577
LIBYA,LBY,1969,22.200539988081637,3.144175553749744
LIBYA,LBY,1970,22.249680652255673,3.146291396552181
LIBYA,LBY,1971,22.383432058058908,3.1520277398839456
LIBYA,LBY,1972,22.563719520457756,3.1597082207052942
LIBYA,LBY,1973,22.878033916961616,3.172958953349427
LIBYA,LBY,1974,23.438790945700095,3.1961716627728283
LIBYA,LBY,1975,23.41185539934139,3.1950688913213248
LIBYA,LBY,1976,23.672794107689885,3.205701183458673
LIBYA,LBY,1977,23.83358926232055,3.2121971425295563
LIBYA,LBY,1978,23.820490172224897,3.2116695286638395
LIBYA,LBY,1979,24.142186217589543,3.2245471610991117
LIBYA,LBY,1980,24.435713490002804,3.2361542293852357
LIBYA,LBY,1981,24.317129799521076,3.2314812338016488
LIBYA,LBY,1982,24.24254686068589,3.228530938314776
LIBYA,LBY,1983,24.225831379609552,3.227868524253917
LIBYA,LBY,1984,24.106845912919766,3.2231405544840888
LIBYA,LBY,1985,24.174223271760024,3.225820584971161
LIBYA,LBY,1986,23.90880826432069,3.2152214864725024
LIBYA,LBY,1987,24.007841733188247,3.219189445011792
LIBYA,LBY,1988,23.914110826815353,3.215434342829031
LIBYA,LBY,1989,23.948390413642834,3.216809307637263
LIBYA,LBY,1990,24.08725218291944,3.2223598359638297
LIBYA,LBY,1991,24.188746121600847,3.2263973122935687
LIBYA,LBY,1992,24.246298710753386,3.228679559263896
LIBYA,LBY,1993,24.146226403490527,3.224707841689295
LIBYA,LBY,1994,24.077041359603903,3.2219527406880677
LIBYA,LBY,1995,23.963565687136096,3.2174173893534044
LIBYA,LBY,1996,24.051340953779604,3.220927357187142
LIBYA,LBY,1997,24.147557737850335,3.224760783991524
LIBYA,LBY,1998,24.028367114650393,3.2200098661862198
LIBYA,LBY,1999,24.306114018748797,3.2310460273583126
LIBYA,LBY,2000,24.367957067824285,3.2334868448593497
LIBYA,LBY,2001,24.252917818981953,3.2289417062325554
LIBYA,LBY,2002,23.742806906482816,3.208534816732506
LIBYA,LBY,2003,23.991526886995356,3.218536842900119
LIBYA,LBY,2004,24.223472840736274,3.2277750229098867
LIBYA,LBY,2005,24.580509293668605,3.2418307057909894
LIBYA,LBY,2006,24.819179693958443,3.2511176147340475
LIBYA,LBY,2007,24.943258400891867,3.2559117839869973
LIBYA,LBY,2008,25.185843904661176,3.265218955765156
LIBYA,LBY,2009,24.830996438921993,3.251575183170574
LIBYA,LBY,2010,25.045818770101217,3.2598572474510137
LIBYA,LBY,2011,24.597986963597823,3.242513714159223
LIBYA,LBY,2012,25.25091695792663,3.2677009201580725
LIBYA,LBY,2013,25.04542445373661,3.259842108001839
LIBYA,LBY,2014,24.77282841436555,3.249320774728653
LIBYA,LBY,2015,24.609304172524343,3.2429557296948897
LIBYA,LBY,2016,24.633528768378625,3.243901212068467
LIBYA,LBY,2017,24.930305731893167,3.2554123901441243
LIBYA,LBY,2018,25.062985387558435,3.2605161233686535
LIBYA,LBY,2019,25.001069673282984,3.2581376784553178
LIBYA,LBY,2020,24.90818902357977,3.2545590972481917
LIBYA,LBY,2021,24.590015059662992,3.242202238669492
LIBYA,LBY,2022,24.747522769688672,3.2483384193630416
LIBYA,LBY,2023,24.645075247827886,3.244351555047412
LIECHTENSTEIN,LIE,1970,18.316423628695098,2.9609556992625774
LIECHTENSTEIN,LIE,1971,18.468420788690253,2.96879370611456
LIECHTENSTEIN,LIE,1972,18.643346495729116,2.977738680250847
LIECHTENSTEIN,LIE,1973,18.92706983015654,2.9920791003428238
LIECHTENSTEIN,LIE,1974,19.083268015473358,2.99988703135579
LIECHTENSTEIN,LIE,1975,19.322422559155278,3.0117248360349604
LIECHTENSTEIN,LIE,1976,19.42310990695846,3.0166670982491337
LIECHTENSTEIN,LIE,1977,19.530869497632754,3.021929582673344
LIECHTENSTEIN,LIE,1978,19.895242514927904,3.0395215021942343
LIECHTENSTEIN,LIE,1979,20.036444812780328,3.046256400815401
LIECHTENSTEIN,LIE,1980,20.097215208401813,3.0491410511273456
LIECHTENSTEIN,LIE,1981,20.053146958193274,3.047050048156079
LIECHTENSTEIN,LIE,1982,20.073363493211353,3.04800984930521
LIECHTENSTEIN,LIE,1983,20.07704732693798,3.0481846439828573
LIECHTENSTEIN,LIE,1984,20.035346948721553,3.0462042107843583
LIECHTENSTEIN,LIE,1985,20.086638134118076,3.048639576099945
LIECHTENSTEIN,LIE,1986,20.473980808397382,3.066842007298095
LIECHTENSTEIN,LIE,1987,20.774765656178694,3.080751760622271
LIECHTENSTEIN,LIE,1988,20.873199928892337,3.085262139892834
LIECHTENSTEIN,LIE,1989,20.83658005894648,3.0835865479075206
LIECHTENSTEIN,LIE,1990,21.074984972589874,3.0944450657464113
LIECHTENSTEIN,LIE,1991,21.118114996174217,3.096396955851797
LIECHTENSTEIN,LIE,1992,21.2125676951309,3.1006582410903474
LIECHTENSTEIN,LIE,1993,21.237935210843645,3.1017996238333225
LIECHTENSTEIN,LIE,1994,21.39013558140642,3.108620486037011
LIECHTENSTEIN,LIE,1995,21.610549939111802,3.1184166088207883
LIECHTENSTEIN,LIE,1996,21.641160479237247,3.1197695099381795
LIECHTENSTEIN,LIE,1997,21.55547462900658,3.115977813822576
LIECHTENSTEIN,LIE,1998,21.63140306154576,3.119338457791827
LIECHTENSTEIN,LIE,1999,21.70313434153287,3.122502991675154
LIECHTENSTEIN,LIE,2000,21.63309165958495,3.119413068059781
LIECHTENSTEIN,LIE,2001,21.636271402075234,3.119553549050918
LIECHTENSTEIN,LIE,2002,21.712293421875938,3.122906338331491
LIECHTENSTEIN,LIE,2003,21.845204944606998,3.128741246067444
LIECHTENSTEIN,LIE,2004,21.96290703251322,3.133880176350966
LIECHTENSTEIN,LIE,2005,22.020542933414095,3.1363869883072715
LIECHTENSTEIN,LIE,2006,22.10958571927722,3.1402474976555617
LIECHTENSTEIN,LIE,2007,22.249632939359056,3.146289344354291
LIECHTENSTEIN,LIE,2008,22.348868363218898,3.1505485188385096
LIECHTENSTEIN,LIE,2009,22.228315060916824,3.1453720112595933
LIECHTENSTEIN,LIE,2010,22.349037079038048,3.1505557446794783
LIECHTENSTEIN,LIE,2011,22.47067382730696,3.1557517196044875
LIECHTENSTEIN,LIE,2012,22.420000540721382,3.153590381257589
LIECHTENSTEIN,LIE,2013,22.578267410870595,3.1603254153473377
LIECHTENSTEIN,LIE,2014,22.619013928174795,3.162052062572404
LIECHTENSTEIN,LIE,2015,22.558805365491846,3.1594996514490576
LIECHTENSTEIN,LIE,2016,22.55381355940436,3.1592877419343637
LIECHTENSTEIN,LIE,2017,22.59110767711101,3.1608698476843626
LIECHTENSTEIN,LIE,2018,22.624271367091048,3.1622746312995824
LIECHTENSTEIN,LIE,2019,22.58524562514689,3.160621331146565
LIECHTENSTEIN,LIE,2020,22.58048062728544,3.1604192777380304
LIECHTENSTEIN,LIE,2021,22.76583332109158,3.168248974508712
LIECHTENSTEIN,LIE,2022,22.719957976750536,3.16631680249012
LITHUANIA,LTU,1995,22.785960478242966,3.169095510748261
LITHUANIA,LTU,1996,22.849414378975606,3.171759662692242
LITHUANIA,LTU,1997,23.037644299130047,3.179621113980813
LITHUANIA,LTU,1998,23.142704439586225,3.1839822408602045
LITHUANIA,LTU,1999,23.11857448957587,3.1829822693486127
LITHUANIA,LTU,2000,23.16776506482937,3.1850197231181125
LITHUANIA,LTU,2001,23.227761692706114,3.187499153042017
LITHUANIA,LTU,2002,23.38070890532195,3.1937922009610666
LITHUANIA,LTU,2003,23.65614996660047,3.2050263609165173
LITHUANIA,LTU,2004,23.842432146980087,3.2125531647914873
LITHUANIA,LTU,2005,23.98511216539399,3.2182801340954366
LITHUANIA,LTU,2006,24.13056374263173,3.224084784357275
LITHUANIA,LTU,2007,24.4045639086683,3.2349288393273476
LITHUANIA,LTU,2008,24.5902402531211,3.2422110386825724
LITHUANIA,LTU,2009,24.344618898574826,3.2325664352586814
LITHUANIA,LTU,2010,24.33765593156349,3.2322916659402763
LITHUANIA,LTU,2011,24.496832231777958,3.2385542182428804
LITHUANIA,LTU,2012,24.482777418367505,3.2380028286240505
LITHUANIA,LTU,2013,24.563221680261627,3.24115466539518
LITHUANIA,LTU,2014,24.60552340638449,3.2428080862749877
LITHUANIA,LTU,2015,24.447404642900747,3.2366137591284065
LITHUANIA,LTU,2016,24.485565564257932,3.238112235590416
LITHUANIA,LTU,2017,24.589427859529042,3.2421792919510253
LITHUANIA,LTU,2018,24.707635762389792,3.246788059149364
LITHUANIA,LTU,2019,24.72711170566951,3.24754536603505
LITHUANIA,LTU,2020,24.76570188047043,3.2490442230342307
LITHUANIA,LTU,2021,24.924952956070765,3.2552059394975807
LITHUANIA,LTU,2022,24.986142222118296,3.257563404474056
LITHUANIA,LTU,2023,25.077874986018678,3.2610872531412847
LOW & MIDDLE INCOME,LMY,1960,26.363445830232823,3.3092080289115158
LOW & MIDDLE INCOME,LMY,1961,26.35400046806642,3.3088627875708023
LOW & MIDDLE INCOME,LMY,1962,26.369508038759847,3.309429548421182
LOW & MIDDLE INCOME,LMY,1963,26.46512096001273,3.3129168709360863
LOW & MIDDLE INCOME,LMY,1964,26.59423266543304,3.317606789490276
LOW & MIDDLE INCOME,LMY,1965,26.69142669361891,3.3211228596410085
LOW & MIDDLE INCOME,LMY,1966,26.709711592814195,3.3217829507663814
LOW & MIDDLE INCOME,LMY,1967,26.751426308961193,3.3232872373927087
LOW & MIDDLE INCOME,LMY,1968,26.806196192474907,3.3252588804829037
LOW & MIDDLE INCOME,LMY,1969,26.913884617414798,3.329124221575538
LOW & MIDDLE INCOME,LMY,1970,27.00400663334983,3.3323475939864355
LOW & MIDDLE INCOME,LMY,1971,27.068644030247476,3.334653082482633
LOW & MIDDLE INCOME,LMY,1972,27.183502225267464,3.3387367792759384
LOW & MIDDLE INCOME,LMY,1973,27.39746370681921,3.346299835081218
LOW & MIDDLE INCOME,LMY,1974,27.62618731282783,3.3543219391915993
LOW & MIDDLE INCOME,LMY,1975,27.749792416833913,3.3586305469332554
LOW & MIDDLE INCOME,LMY,1976,27.817020958807692,3.360966218081077
LOW & MIDDLE INCOME,LMY,1977,27.931397085257093,3.3649274097424238
LOW & MIDDLE INCOME,LMY,1978,28.010918394476562,3.3676722554907643
LOW & MIDDLE INCOME,LMY,1979,28.195637398844912,3.3740192939631775
LOW & MIDDLE INCOME,LMY,1980,28.382503501490742,3.3803993781941237
LOW & MIDDLE INCOME,LMY,1981,28.50459105486206,3.384545880215216
LOW & MIDDLE INCOME,LMY,1982,28.476073145299328,3.3835788544222103
LOW & MIDDLE INCOME,LMY,1983,28.478094068588224,3.3836474135550145
LOW & MIDDLE INCOME,LMY,1984,28.508364160187956,3.3846737540123266
LOW & MIDDLE INCOME,LMY,1985,28.539762716469184,3.385737244453138
LOW & MIDDLE INCOME,LMY,1986,28.540351478855648,3.3857571754364986
LOW & MIDDLE INCOME,LMY,1987,28.562675188514824,3.3865125922731494
LOW & MIDDLE INCOME,LMY,1988,28.62452116933225,3.388602436264157
LOW & MIDDLE INCOME,LMY,1989,28.659230389033798,3.3897733885994956
LOW & MIDDLE INCOME,LMY,1990,28.792360045375634,3.394251986325592
LOW & MIDDLE INCOME,LMY,1991,28.76228696169368,3.3932420538434296
LOW & MIDDLE INCOME,LMY,1992,28.817566915268895,3.395097713629111
LOW & MIDDLE INCOME,LMY,1993,28.91801384670449,3.398460768774025
LOW & MIDDLE INCOME,LMY,1994,29.03127163715287,3.402239226658227
LOW & MIDDLE INCOME,LMY,1995,29.16296929152278,3.40661498960418
LOW & MIDDLE INCOME,LMY,1996,29.26770572780239,3.410081326563605
LOW & MIDDLE INCOME,LMY,1997,29.327301995638233,3.4120483627697498
LOW & MIDDLE INCOME,LMY,1998,29.322382730411555,3.4118861437818135
LOW & MIDDLE INCOME,LMY,1999,29.284186075273894,3.4106256645648694
LOW & MIDDLE INCOME,LMY,2000,29.36801937101586,3.4133900603032314
LOW & MIDDLE INCOME,LMY,2001,29.369346743992363,3.413433768914968
LOW & MIDDLE INCOME,LMY,2002,29.388283647681096,3.4140571277977902
LOW & MIDDLE INCOME,LMY,2003,29.500878872329423,3.4177554986844183
LOW & MIDDLE INCOME,LMY,2004,29.66044854394792,3.422973502950091
LOW & MIDDLE INCOME,LMY,2005,29.826601274639437,3.4283779949725477
LOW & MIDDLE INCOME,LMY,2006,29.98956682478265,3.433650593798856
LOW & MIDDLE INCOME,LMY,2007,30.19462413093099,3.4402457764736822
LOW & MIDDLE INCOME,LMY,2008,30.36644477300637,3.44573868371137
LOW & MIDDLE INCOME,LMY,2009,30.36841229034638,3.445801408564275
LOW & MIDDLE INCOME,LMY,2010,30.56378926064658,3.4520105540633974
LOW & MIDDLE INCOME,LMY,2011,30.72730178385379,3.4571775652271093
LOW & MIDDLE INCOME,LMY,2012,30.78853976674237,3.4591058401383252
LOW & MIDDLE INCOME,LMY,2013,30.847504540756095,3.4609590285798966
LOW & MIDDLE INCOME,LMY,2014,30.89302490809442,3.4623873309636566
LOW & MIDDLE INCOME,LMY,2015,30.862873433031368,3.46144148977577
LOW & MIDDLE INCOME,LMY,2016,30.87308937840341,3.4617620606123554
LOW & MIDDLE INCOME,LMY,2017,30.960839185378997,3.464511377918155
LOW & MIDDLE INCOME,LMY,2018,31.02229347600517,3.4664323313622107
LOW & MIDDLE INCOME,LMY,2019,31.046270249177848,3.4671808037142635
LOW & MIDDLE INCOME,LMY,2020,31.015137466512396,3.466208836777333
LOW & MIDDLE INCOME,LMY,2021,31.17876772660547,3.4713068476863955
LOW & MIDDLE INCOME,LMY,2022,31.226650880093075,3.4727937773064737
LOW & MIDDLE INCOME,LMY,2023,31.25336577801848,3.473622403005987
LOW INCOME,LIC,1980,25.0686628735933,3.2607339367793813
LOW INCOME,LIC,1981,25.135072816424092,3.2632781983260735
LOW INCOME,LIC,1982,25.12993002921825,3.263081401733997
LOW INCOME,LIC,1983,25.14556173212373,3.2636794526693285
LOW INCOME,LIC,1984,25.176186522039618,3.2648500860841154
LOW INCOME,LIC,1985,25.14975870201172,3.263839963011828
LOW INCOME,LIC,1986,25.189588811370754,3.265361958181432
LOW INCOME,LIC,1987,25.255419920378095,3.2678724408822446
LOW INCOME,LIC,1988,25.31762575027649,3.270238895331851
LOW INCOME,LIC,1989,25.39922685803091,3.2733347240427895
LOW INCOME,LIC,1990,25.62369552274063,3.2818016283782656
LOW INCOME,LIC,1991,25.740504372944503,3.2861794336105135
LOW INCOME,LIC,1992,25.361415325659507,3.271901400365145
LOW INCOME,LIC,1993,25.426942683692353,3.2743840459393034
LOW INCOME,LIC,1994,25.360033042640215,3.271848963147945
LOW INCOME,LIC,1995,25.28506439741995,3.2690008842368314
LOW INCOME,LIC,1996,25.25079603929024,3.267696313884125
LOW INCOME,LIC,1997,25.316577186544908,3.270199051896472
LOW INCOME,LIC,1998,25.326579905169424,3.2705790716102388
LOW INCOME,LIC,1999,25.335731758581613,3.2709266390912397
LOW INCOME,LIC,2000,25.542810108621154,3.278758905311811
LOW INCOME,LIC,2001,25.480451863339223,3.276406795248713
LOW INCOME,LIC,2002,25.575514565407037,3.279990286802815
LOW INCOME,LIC,2003,25.685960696283264,3.284137610497562
LOW INCOME,LIC,2004,25.842437862875496,3.289984137445035
LOW INCOME,LIC,2005,26.020198851157417,3.2965846919112427
LOW INCOME,LIC,2006,26.170901694116722,3.302146610010017
LOW INCOME,LIC,2007,26.36833677964858,3.309386753199144
LOW INCOME,LIC,2008,26.553563717252448,3.3161318817615673
LOW INCOME,LIC,2009,26.548965478616545,3.315964984208454
LOW INCOME,LIC,2010,26.644685080495876,3.3194334881712364
LOW INCOME,LIC,2011,26.725953460141632,3.3223689225510316
LOW INCOME,LIC,2012,26.66790509557861,3.320273080617471
LOW INCOME,LIC,2013,26.700112585974505,3.321436477660647
LOW INCOME,LIC,2014,26.768469960346543,3.323901202946177
LOW INCOME,LIC,2015,26.754241262185836,3.323388666790831
LOW INCOME,LIC,2016,26.673235007250565,3.32046570085184
LOW INCOME,LIC,2017,26.71952161048688,3.322136916253839
LOW INCOME,LIC,2018,26.75929279990786,3.323570659806456
LOW INCOME,LIC,2019,26.821965461309954,3.325825833220102
LOW INCOME,LIC,2020,26.80954604850626,3.3253793447939217
LOW INCOME,LIC,2021,26.868353563075857,3.327491764150542
LOW INCOME,LIC,2022,26.997234115413747,3.3321057237036147
LOW INCOME,LIC,2023,27.195299455071606,3.3391552780600455
LOWER MIDDLE INCOME,LMC,1960,25.161396266371277,3.264284899261413
LOWER MIDDLE INCOME,LMC,1961,25.22514931386057,3.2667188478356692
LOWER MIDDLE INCOME,LMC,1962,25.24703057982532,3.267552861870437
LOWER MIDDLE INCOME,LMC,1963,25.351407060681602,3.271521672449049
LOWER MIDDLE INCOME,LMC,1964,25.468076267452112,3.2759393376422654
LOWER MIDDLE INCOME,LMC,1965,25.53618783022903,3.2785093799370437
LOWER MIDDLE INCOME,LMC,1966,25.4439603448767,3.275027789881518
LOWER MIDDLE INCOME,LMC,1967,25.508808876407496,3.2774770881865414
LOWER MIDDLE INCOME,LMC,1968,25.568226170185422,3.279715996917819
LOWER MIDDLE INCOME,LMC,1969,25.67018696411352,3.2835463484473233
LOWER MIDDLE INCOME,LMC,1970,25.75016427892897,3.2865406145915306
LOWER MIDDLE INCOME,LMC,1971,25.79072166628475,3.288055621091599
LOWER MIDDLE INCOME,LMC,1972,25.855829929214412,3.290482926965338
LOWER MIDDLE INCOME,LMC,1973,26.017967069548305,3.2965020917129437
LOWER MIDDLE INCOME,LMC,1974,26.229848454628865,3.3043137412874737
LOWER MIDDLE INCOME,LMC,1975,26.321314603857648,3.3076671522805587
LOWER MIDDLE INCOME,LMC,1976,26.37641166093227,3.309681754329746
LOWER MIDDLE INCOME,LMC,1977,26.49242272428622,3.3139104294064667
LOWER MIDDLE INCOME,LMC,1978,26.61671077711983,3.3184210524434943
LOWER MIDDLE INCOME,LMC,1979,26.76700536316674,3.323848458383477
LOWER MIDDLE INCOME,LMC,1980,26.9642869592318,3.330928230334743
LOWER MIDDLE INCOME,LMC,1981,27.184204015055396,3.3387616796962245
LOWER MIDDLE INCOME,LMC,1982,27.177875119682287,3.338537099783742
LOWER MIDDLE INCOME,LMC,1983,27.122312843020847,3.336563312600768
LOWER MIDDLE INCOME,LMC,1984,27.07998701511198,3.3350571167327163
LOWER MIDDLE INCOME,LMC,1985,27.14516853719276,3.337375707073323
LOWER MIDDLE INCOME,LMC,1986,27.15027309324106,3.337557055897116
LOWER MIDDLE INCOME,LMC,1987,27.23467302573491,3.340550762598561
LOWER MIDDLE INCOME,LMC,1988,27.269439406529436,3.3417813415311475
LOWER MIDDLE INCOME,LMC,1989,27.250610592354818,3.3411150712475393
LOWER MIDDLE INCOME,LMC,1990,27.32137951932593,3.343616979479741
LOWER MIDDLE INCOME,LMC,1991,27.277541052757726,3.3420678872040703
LOWER MIDDLE INCOME,LMC,1992,27.32390070764631,3.3437059961925875
LOWER MIDDLE INCOME,LMC,1993,27.339628112183888,3.344261111811717
LOWER MIDDLE INCOME,LMC,1994,27.45630762400746,3.3483698451024617
LOWER MIDDLE INCOME,LMC,1995,27.628465858642258,3.354401532576221
LOWER MIDDLE INCOME,LMC,1996,27.757943889111175,3.358914038263482
LOWER MIDDLE INCOME,LMC,1997,27.806703776739326,3.360608130080832
LOWER MIDDLE INCOME,LMC,1998,27.82800555773257,3.3613473298515673
LOWER MIDDLE INCOME,LMC,1999,27.746870453900698,3.35852890754099
LOWER MIDDLE INCOME,LMC,2000,27.8012070014995,3.3604172960379985
LOWER MIDDLE INCOME,LMC,2001,27.811637246229708,3.360779376576821
LOWER MIDDLE INCOME,LMC,2002,27.86530271101636,3.362640275588216
LOWER MIDDLE INCOME,LMC,2003,27.991414587088936,3.3669997374343295
LOWER MIDDLE INCOME,LMC,2004,28.13145568276546,3.3718185416680484
LOWER MIDDLE INCOME,LMC,2005,28.273009567377944,3.376665916305617
LOWER MIDDLE INCOME,LMC,2006,28.430946474305266,3.3820467219153167
LOWER MIDDLE INCOME,LMC,2007,28.632949270139616,3.3888868932550373
LOWER MIDDLE INCOME,LMC,2008,28.733835992591228,3.3922856563553787
LOWER MIDDLE INCOME,LMC,2009,28.775606164816224,3.3936894732143648
LOWER MIDDLE INCOME,LMC,2010,28.96075429164663,3.399888334955812
LOWER MIDDLE INCOME,LMC,2011,29.070342886373698,3.403539399874357
LOWER MIDDLE INCOME,LMC,2012,29.12539114162819,3.405368375680991
LOWER MIDDLE INCOME,LMC,2013,29.181327523560533,3.4072234392364753
LOWER MIDDLE INCOME,LMC,2014,29.25837681219502,3.409773065553153
LOWER MIDDLE INCOME,LMC,2015,29.257060183616822,3.409729551744321
LOWER MIDDLE INCOME,LMC,2016,29.298267193434718,3.4110905225445203
LOWER MIDDLE INCOME,LMC,2017,29.370270622771088,3.4134641898764047
LOWER MIDDLE INCOME,LMC,2018,29.419397664113237,3.4150804859813717
LOWER MIDDLE INCOME,LMC,2019,29.46809087114906,3.4166799350172226
LOWER MIDDLE INCOME,LMC,2020,29.436320215951675,3.4156366392193624
LOWER MIDDLE INCOME,LMC,2021,29.561721230046917,3.41974828568498
LOWER MIDDLE INCOME,LMC,2022,29.624510212299462,3.421800675669228
LOWER MIDDLE INCOME,LMC,2023,29.63043819624699,3.4219942268555417
LUXEMBOURG,LUX,1960,20.380693657105144,3.0624883492757022
LUXEMBOURG,LUX,1961,20.38100609213165,3.062502962119829
LUXEMBOURG,LUX,1962,20.43270878531256,3.0649182030519646
LUXEMBOURG,LUX,1963,20.497496534159716,3.0679364880822813
LUXEMBOURG,LUX,1964,20.629919183058192,3.0740775036222585
LUXEMBOURG,LUX,1965,20.650132926729256,3.0750115942323872
LUXEMBOURG,LUX,1966,20.699707521645553,3.0772987821903994
LUXEMBOURG,LUX,1967,20.706172896359888,3.0775966853638814
LUXEMBOURG,LUX,1968,20.79610880192811,3.0817314585384583
LUXEMBOURG,LUX,1969,20.942749090611184,3.0884367473901335
LUXEMBOURG,LUX,1970,21.100172647922733,3.095585420616393
LUXEMBOURG,LUX,1971,21.14116888641798,3.097438721118036
LUXEMBOURG,LUX,1972,21.36601267675227,3.107542515392578
LUXEMBOURG,LUX,1973,21.682568471750848,3.1215967207609747
LUXEMBOURG,LUX,1974,21.881290127584933,3.130319551617073
LUXEMBOURG,LUX,1975,21.86216664452863,3.129483432726204
LUXEMBOURG,LUX,1976,21.953954437133305,3.133490228292374
LUXEMBOURG,LUX,1977,22.055452770898054,3.1379023041948733
LUXEMBOURG,LUX,1978,22.27476521833991,3.1473697358228834
LUXEMBOURG,LUX,1979,22.431096928895613,3.1540640687048858
LUXEMBOURG,LUX,1980,22.518320785182432,3.157779725293847
LUXEMBOURG,LUX,1981,22.34337971738631,3.15031342003374
LUXEMBOURG,LUX,1982,22.24982566435183,3.146297633697805
LUXEMBOURG,LUX,1983,22.232710526552847,3.145561222134453
LUXEMBOURG,LUX,1984,22.213567784826218,3.144736926044153
LUXEMBOURG,LUX,1985,22.244355865212828,3.146062344077285
LUXEMBOURG,LUX,1986,22.623221061876873,3.162230171576522
LUXEMBOURG,LUX,1987,22.842036525205568,3.1714502632636643
LUXEMBOURG,LUX,1988,22.965906411414615,3.1766322541961456
LUXEMBOURG,LUX,1989,23.02961125481608,3.1792868721233916
LUXEMBOURG,LUX,1990,23.271052825542064,3.1892843985068287
LUXEMBOURG,LUX,1991,23.350411050206198,3.1925487302980766
LUXEMBOURG,LUX,1992,23.465311755094035,3.197256267561758
LUXEMBOURG,LUX,1993,23.491188767665886,3.1983134107278524
LUXEMBOURG,LUX,1994,23.596932103608566,3.2026217239258004
LUXEMBOURG,LUX,1995,23.76076816122045,3.209260471617077
LUXEMBOURG,LUX,1996,23.762790791741303,3.2093421551860586
LUXEMBOURG,LUX,1997,23.696948610401385,3.2066796979620493
LUXEMBOURG,LUX,1998,23.72647277273946,3.20787444187187
LUXEMBOURG,LUX,1999,23.80972131341313,3.211235564807615
LUXEMBOURG,LUX,2000,23.778689731998124,3.2099839987738785
LUXEMBOURG,LUX,2001,23.786074052001364,3.2102819652925954
LUXEMBOURG,LUX,2002,23.88662190459379,3.2143303861799755
LUXEMBOURG,LUX,2003,24.113310195831716,3.223397992271962
LUXEMBOURG,LUX,2004,24.28046486413852,3.2300319577226624
LUXEMBOURG,LUX,2005,24.352190385634053,3.2328651320493638
LUXEMBOURG,LUX,2006,24.482374145313983,3.237987003180933
LUXEMBOURG,LUX,2007,24.666543321013588,3.2451883274992315
LUXEMBOURG,LUX,2008,24.798160430606867,3.250303188246256
LUXEMBOURG,LUX,2009,24.72086617306637,3.2473025758267138
LUXEMBOURG,LUX,2010,24.75243142387136,3.2485290468800723
LUXEMBOURG,LUX,2011,24.845489495802294,3.252136098139854
LUXEMBOURG,LUX,2012,24.813876495608227,3.2509121960058054
LUXEMBOURG,LUX,2013,24.900775557177386,3.254272912549734
LUXEMBOURG,LUX,2014,24.954539519812734,3.2563465276389643
LUXEMBOURG,LUX,2015,24.81880275829471,3.251103015570957
LUXEMBOURG,LUX,2016,24.853892269881555,3.252461160988433
LUXEMBOURG,LUX,2017,24.90855013860206,3.254573035409031
LUXEMBOURG,LUX,2018,24.985950781023636,3.2575560374013213
LUXEMBOURG,LUX,2019,24.97019564467951,3.2569495591341324
LUXEMBOURG,LUX,2020,25.023260043163308,3.258990755134902
LUXEMBOURG,LUX,2021,25.172765425212226,3.2647193825378165
LUXEMBOURG,LUX,2022,25.12560731900543,3.2629159566752706
LUXEMBOURG,LUX,2023,25.174760301738505,3.2647955991879654
"MACAO SAR, CHINA",MAC,1982,20.856482684038436,3.084497567882731
"MACAO SAR, CHINA",MAC,1983,20.848146500389586,3.0841160895860145
"MACAO SAR, CHINA",MAC,1984,20.988979373466154,3.090541390277454
"MACAO SAR, CHINA",MAC,1985,21.03227302414045,3.0925083340727544
"MACAO SAR, CHINA",MAC,1986,21.149908489585258,3.097833365086911
"MACAO SAR, CHINA",MAC,1987,21.395048834589776,3.1088399002592424
"MACAO SAR, CHINA",MAC,1988,21.551276819428487,3.115791686049885
"MACAO SAR, CHINA",MAC,1989,21.71861374191289,3.1231845771108726
"MACAO SAR, CHINA",MAC,1990,21.90083754928436,3.1311734840959313
"MACAO SAR, CHINA",MAC,1991,22.04908002032586,3.1376258562958506
"MACAO SAR, CHINA",MAC,1992,22.315428424330058,3.1491153055720513
"MACAO SAR, CHINA",MAC,1993,22.4576797186074,3.155197934608859
"MACAO SAR, CHINA",MAC,1994,22.565592902461532,3.159787720358841
"MACAO SAR, CHINA",MAC,1995,22.675746884133112,3.1644511859508007
"MACAO SAR, CHINA",MAC,1996,22.694132389634735,3.1652274389920456
"MACAO SAR, CHINA",MAC,1997,22.7066879451075,3.1657572001091627
"MACAO SAR, CHINA",MAC,1998,22.639863718496954,3.1629344276522855
"MACAO SAR, CHINA",MAC,1999,22.602375165203973,3.161347349560827
"MACAO SAR, CHINA",MAC,2000,22.636386163178734,3.162787311274265
"MACAO SAR, CHINA",MAC,2001,22.649013016736053,3.1633213811595335
"MACAO SAR, CHINA",MAC,2002,22.720913201229315,3.166357072597105
"MACAO SAR, CHINA",MAC,2003,22.83305222694272,3.1710733662885624
"MACAO SAR, CHINA",MAC,2004,23.08819205919087,3.1817217643787523
"MACAO SAR, CHINA",MAC,2005,23.221422328800735,3.187237461784689
"MACAO SAR, CHINA",MAC,2006,23.4228871944017,3.195520692422837
"MACAO SAR, CHINA",MAC,2007,23.637787057916476,3.2042813236708914
"MACAO SAR, CHINA",MAC,2008,23.76907403499547,3.209595860283165
"MACAO SAR, CHINA",MAC,2009,23.795393570700316,3.2106578928016245
"MACAO SAR, CHINA",MAC,2010,24.064068933506512,3.2214353039456025
"MACAO SAR, CHINA",MAC,2011,24.330009882388598,3.2319898541591296
"MACAO SAR, CHINA",MAC,2012,24.488868372798066,3.2382418224554255
"MACAO SAR, CHINA",MAC,2013,24.665557976528493,3.2451499365329433
"MACAO SAR, CHINA",MAC,2014,24.72883076506975,3.247612182784227
"MACAO SAR, CHINA",MAC,2015,24.530998655895036,3.2398933474446716
"MACAO SAR, CHINA",MAC,2016,24.531500616442536,3.2399130080783918
"MACAO SAR, CHINA",MAC,2017,24.642936943364234,3.244268170865669
"MACAO SAR, CHINA",MAC,2018,24.73405959728996,3.2478153906569833
"MACAO SAR, CHINA",MAC,2019,24.73209415562055,3.2477390126288213
"MACAO SAR, CHINA",MAC,2020,23.955789147220234,3.217105825231449
"MACAO SAR, CHINA",MAC,2021,24.15626334878446,3.225106905253606
"MACAO SAR, CHINA",MAC,2022,23.920497883594305,3.2156906729971295
"MACAO SAR, CHINA",MAC,2023,24.574728397460692,3.241604691936165
MADAGASCAR,MDG,1960,20.32737731374497,3.059991567293016
MADAGASCAR,MDG,1961,20.365392953704966,3.061772461330546
MADAGASCAR,MDG,1962,20.421196641176387,3.0643809290603166
MADAGASCAR,MDG,1963,20.447967915009983,3.065629904989327
MADAGASCAR,MDG,1964,20.503220211760976,3.0682027012093265
MADAGASCAR,MDG,1965,20.541220409622927,3.069968327951611
MADAGASCAR,MDG,1966,20.618199260962786,3.073535518314969
MADAGASCAR,MDG,1967,20.678725408550775,3.076331383724673
MADAGASCAR,MDG,1968,20.754444333954044,3.0798180738539815
MADAGASCAR,MDG,1969,20.778124271479175,3.0809059921927924
MADAGASCAR,MDG,1970,20.82929973962257,3.0832530921555716
MADAGASCAR,MDG,1971,20.905177002104594,3.0867230016762464
MADAGASCAR,MDG,1972,21.01712182928227,3.091820415634551
MADAGASCAR,MDG,1973,21.225895365299852,3.101258066991186
MADAGASCAR,MDG,1974,21.37429236240746,3.107912637399679
MADAGASCAR,MDG,1975,21.548777761578137,3.115680863219353
MADAGASCAR,MDG,1976,21.50343630959531,3.113668022420021
MADAGASCAR,MDG,1977,21.5814741354823,3.117129841598616
MADAGASCAR,MDG,1978,21.705252587964782,3.122596289260762
MADAGASCAR,MDG,1979,21.965564488905837,3.1339958978765274
MADAGASCAR,MDG,1980,22.3722740836782,3.15155045163345
MADAGASCAR,MDG,1981,22.283373579091183,3.147739525555537
MADAGASCAR,MDG,1982,22.28874712327334,3.1479702878281137
MADAGASCAR,MDG,1983,22.267942703481214,3.1470765635855047
MADAGASCAR,MDG,1984,22.085763919369338,3.139216147002052
MADAGASCAR,MDG,1985,22.058939807457662,3.13805353839189
MADAGASCAR,MDG,1986,22.192979457557854,3.1438496232887205
MADAGASCAR,MDG,1987,21.8904399660282,3.13071935466347
MADAGASCAR,MDG,1988,21.883116508859914,3.130399368287284
MADAGASCAR,MDG,1989,21.87877449873517,3.1302096029588773
MADAGASCAR,MDG,1990,22.09224486800859,3.1394968411615447
MADAGASCAR,MDG,1991,21.903369953889037,3.1312840592917617
MADAGASCAR,MDG,1992,22.03563554558299,3.137042388438484
MADAGASCAR,MDG,1993,22.125261022323016,3.1409255707865924
MADAGASCAR,MDG,1994,21.982359323144063,3.134726935694683
MADAGASCAR,MDG,1995,22.068243524897564,3.138456932524978
MADAGASCAR,MDG,1996,22.318982246407053,3.1492677175799555
MADAGASCAR,MDG,1997,22.17323086297948,3.142997770371
MADAGASCAR,MDG,1998,22.20531746716976,3.1443814535807992
MADAGASCAR,MDG,1999,22.17672895560317,3.143148713010175
MADAGASCAR,MDG,2000,22.25566010086306,3.1465485476038024
MADAGASCAR,MDG,2001,22.41673834382918,3.1534510804875024
MADAGASCAR,MDG,2002,22.40068041520819,3.152765099513911
MADAGASCAR,MDG,2003,22.575257519976137,3.1601977518946915
MADAGASCAR,MDG,2004,22.345567184762857,3.150407123898286
MADAGASCAR,MDG,2005,22.491290817175166,3.1566297489351944
MADAGASCAR,MDG,2006,22.57889367952301,3.1603519762614374
MADAGASCAR,MDG,2007,22.866224388696356,3.172464253926912
MADAGASCAR,MDG,2008,23.095856143044465,3.182039881440484
MADAGASCAR,MDG,2009,22.986785663286284,3.177503081350484
MADAGASCAR,MDG,2010,23.02412056753358,3.1790583492970397
MADAGASCAR,MDG,2011,23.170108804178746,3.1851166963262254
MADAGASCAR,MDG,2012,23.172456795843157,3.185213836047178
MADAGASCAR,MDG,2013,23.242860141034264,3.1881221468574577
MADAGASCAR,MDG,2014,23.250829388720085,3.1884508183953355
MADAGASCAR,MDG,2015,23.15010372052902,3.184288674935281
MADAGASCAR,MDG,2016,23.195476723714425,3.1861657034491646
MADAGASCAR,MDG,2017,23.301686629899102,3.190545756575658
MADAGASCAR,MDG,2018,23.345034088219943,3.1923278898480993
MADAGASCAR,MDG,2019,23.369771407881792,3.1933434875308238
MADAGASCAR,MDG,2020,23.292164401701477,3.1901538457426057
MADAGASCAR,MDG,2021,23.401183520599904,3.1946316360654485
MADAGASCAR,MDG,2022,23.451282736855102,3.1966826782197657
MADAGASCAR,MDG,2023,23.49783403092115,3.1985847067413835
MALAWI,MWI,1980,21.3116949480516,3.1051109781293396
MALAWI,MWI,1981,21.311715565042395,3.1051119021730447
MALAWI,MWI,1982,21.26406541629614,3.1029739624287656
MALAWI,MWI,1983,21.299962371767915,3.104584991099982
MALAWI,MWI,1984,21.287458936488278,3.1040241407417186
MALAWI,MWI,1985,21.22188259869832,3.1010775060364546
MALAWI,MWI,1986,21.267092660824783,3.103109923165653
MALAWI,MWI,1987,21.26658487035571,3.1030871183807243
MALAWI,MWI,1988,21.42049941095273,3.1099756926391326
MALAWI,MWI,1989,21.562332108933678,3.1162817949101203
MALAWI,MWI,1990,21.730160367917872,3.1236926931813085
MALAWI,MWI,1991,21.888534349840764,3.1306361017633333
MALAWI,MWI,1992,21.685996481893273,3.1217478390585205
MALAWI,MWI,1993,21.826332409877676,3.1279147997992998
MALAWI,MWI,1994,21.265511497532987,3.1030389116754273
MALAWI,MWI,1995,21.433123367643184,3.1105385883983487
MALAWI,MWI,1996,21.923102222961163,3.132145232729484
MALAWI,MWI,1997,22.07801428264362,3.13888040165796
MALAWI,MWI,1998,21.65842134080902,3.1205315859536142
MALAWI,MWI,1999,21.67278974782183,3.1211655159611715
MALAWI,MWI,2000,21.654369348026467,3.1203527405224785
MALAWI,MWI,2001,21.638759717286334,3.1196634690289757
MALAWI,MWI,2002,22.350018664861246,3.150597783466246
MALAWI,MWI,2003,22.264379789912727,3.146923426437624
MALAWI,MWI,2004,22.344380579172125,3.150356294730646
MALAWI,MWI,2005,22.394816139492487,3.152514465321386
MALAWI,MWI,2006,22.484270477531382,3.156330855659518
MALAWI,MWI,2007,22.58753358102445,3.160718334372487
MALAWI,MWI,2008,22.770134773537453,3.1684299512566367
MALAWI,MWI,2009,22.921588471954408,3.1747813345679394
MALAWI,MWI,2010,23.038601594671906,3.1796609380362977
MALAWI,MWI,2011,23.17841260153672,3.185460193798255
MALAWI,MWI,2012,22.894967819309848,3.1736678852750755
MALAWI,MWI,2013,22.806646102611534,3.1699647897038488
MALAWI,MWI,2014,22.898168248115567,3.1738018136620303
MALAWI,MWI,2015,22.944583864138806,3.1757421548228786
MALAWI,MWI,2016,22.79137700903856,3.1693232044825077
MALAWI,MWI,2017,22.914197732065304,3.1744723299279243
MALAWI,MWI,2018,23.01384674575274,3.178630611717284
MALAWI,MWI,2019,23.128164287391442,3.18337980079571
MALAWI,MWI,2020,23.211604099002397,3.18683202645855
MALAWI,MWI,2021,23.2554473771236,3.188641226265218
MALAWI,MWI,2022,23.29812426970623,3.1903991568200905
MALAWI,MWI,2023,23.368329454245888,3.193284316015692
MALAYSIA,MYS,1960,21.373625278183784,3.107882822192228
MALAYSIA,MYS,1961,21.366096152951954,3.1075462476646245
MALAYSIA,MYS,1962,21.417157541372042,3.10982662733046
MALAYSIA,MYS,1963,21.643592552534834,3.119876922395446
MALAYSIA,MYS,1964,21.706999838022835,3.122673239861782
MALAYSIA,MYS,1965,21.80721706534036,3.127077023826351
MALAYSIA,MYS,1966,21.86860837400279,3.129765156773704
MALAYSIA,MYS,1967,21.88294960509348,3.130392074509137
MALAYSIA,MYS,1968,21.926349711654943,3.13228689150891
MALAYSIA,MYS,1969,22.02197193871467,3.1364490616021383
MALAYSIA,MYS,1970,22.075006451192124,3.1387500599638334
MALAYSIA,MYS,1971,22.16886535112742,3.1428093666421395
MALAYSIA,MYS,1972,22.341335835576043,3.1502258589642396
MALAYSIA,MYS,1973,22.759656688593388,3.1679890452567796
MALAYSIA,MYS,1974,22.97415800852843,3.176976500591938
MALAYSIA,MYS,1975,22.953151282497466,3.1760998927586623
MALAYSIA,MYS,1976,23.12571749532959,3.183278387521853
MALAYSIA,MYS,1977,23.29888793239283,3.190430585200234
MALAYSIA,MYS,1978,23.517987793391157,3.199407043809523
MALAYSIA,MYS,1979,23.77789252870753,3.2099518253166184
MALAYSIA,MYS,1980,23.921458213539694,3.215729207999393
MALAYSIA,MYS,1981,23.94231307879334,3.2165656816927832
MALAYSIA,MYS,1982,24.011835383367746,3.219349128177226
MALAYSIA,MYS,1983,24.135978071194472,3.2243002091065542
MALAYSIA,MYS,1984,24.247945462055338,3.228744784571434
MALAYSIA,MYS,1985,24.1636721801851,3.2254013742896372
MALAYSIA,MYS,1986,24.04592895099146,3.2207112973970786
MALAYSIA,MYS,1987,24.19464858370683,3.226631614176858
MALAYSIA,MYS,1988,24.286358381510034,3.230265055909178
MALAYSIA,MYS,1989,24.382921538975882,3.234076567520162
MALAYSIA,MYS,1990,24.50801407026474,3.2389926800549094
MALAYSIA,MYS,1991,24.61800326576987,3.2432953568884377
MALAYSIA,MYS,1992,24.803639089413938,3.2505155319582433
MALAYSIA,MYS,1993,24.92638956909765,3.2552613522586507
MALAYSIA,MYS,1994,25.033774409491723,3.259394710780165
MALAYSIA,MYS,1995,25.208585960104124,3.266087065483302
MALAYSIA,MYS,1996,25.33695358440311,3.2709730322384187
MALAYSIA,MYS,1997,25.328489254536343,3.270651594518222
MALAYSIA,MYS,1998,25.00225562887614,3.258183289215263
MALAYSIA,MYS,1999,25.09459067427637,3.261728038989456
MALAYSIA,MYS,2000,25.264321271642928,3.2682114125202624
MALAYSIA,MYS,2001,25.253539480831897,3.267800817312917
MALAYSIA,MYS,2002,25.336855740578766,3.2709693171539924
MALAYSIA,MYS,2003,25.425584225458348,3.2743326403277364
MALAYSIA,MYS,2004,25.549573352604895,3.279013677977094
MALAYSIA,MYS,2005,25.689840605209223,3.284282991319515
MALAYSIA,MYS,2006,25.81512626741519,3.288966141258976
MALAYSIA,MYS,2007,25.988799489621083,3.2954219462192813
MALAYSIA,MYS,2008,26.164867692542934,3.3019245094796776
MALAYSIA,MYS,2009,26.032807242819846,3.2970512114557495
MALAYSIA,MYS,2010,26.264598550126752,3.30558910426914
MALAYSIA,MYS,2011,26.420197124643384,3.311279863190872
MALAYSIA,MYS,2012,26.474068808110047,3.3132426073808428
MALAYSIA,MYS,2013,26.501773013020074,3.3142504757949482
MALAYSIA,MYS,2014,26.5465072609375,3.315875749374503
MALAYSIA,MYS,2015,26.431555694622006,3.311694018420456
MALAYSIA,MYS,2016,26.43122635099578,3.311682012334948
MALAYSIA,MYS,2017,26.48879886923016,3.3137786078515328
MALAYSIA,MYS,2018,26.605999878890096,3.3180331360143
MALAYSIA,MYS,2019,26.623649978936463,3.3186722891030005
MALAYSIA,MYS,2020,26.54470145426389,3.31581019239304
MALAYSIA,MYS,2021,26.64707348062738,3.3195198807981
MALAYSIA,MYS,2022,26.73214646904469,3.322592262655965
MALAYSIA,MYS,2023,26.713852069815605,3.3219323629201836
MALDIVES,MDV,1970,16.7770673621191,2.87790927621835
MALDIVES,MDV,1971,16.88664729133288,2.8840544731010263
MALDIVES,MDV,1972,17.041446900592664,2.892671716550849
MALDIVES,MDV,1973,17.245037557470585,2.9038931283938605
MALDIVES,MDV,1974,17.482148780008718,2.9168053354285086
MALDIVES,MDV,1975,17.015850757518496,2.8912519680374498
MALDIVES,MDV,1976,16.924547728539004,2.88617115484458
MALDIVES,MDV,1977,16.853046204972443,2.882174149406367
MALDIVES,MDV,1978,17.008826869812914,2.890862019354647
MALDIVES,MDV,1979,17.46677548558492,2.9159731977889716
MALDIVES,MDV,1980,17.56415723487879,2.921232691224486
MALDIVES,MDV,1981,17.61730470441718,2.92409150865465
MALDIVES,MDV,1982,17.684862781406483,2.927713719127045
MALDIVES,MDV,1983,17.873014550965305,2.937733100249469
MALDIVES,MDV,1984,18.511467491164872,2.9710023691904897
MALDIVES,MDV,1985,18.66119854868335,2.9786470766798945
MALDIVES,MDV,1986,18.770508076030605,2.984191336196289
MALDIVES,MDV,1987,18.765850967338213,2.983955750076241
MALDIVES,MDV,1988,18.942532436837215,2.992854759319925
MALDIVES,MDV,1989,19.05997574973899,2.9987265736466675
MALDIVES,MDV,1990,19.186353076109153,3.005006785801575
MALDIVES,MDV,1991,19.314303536087774,3.0113252456173414
MALDIVES,MDV,1992,19.467563885507253,3.018841383578228
MALDIVES,MDV,1993,19.591358893251083,3.024871516591477
MALDIVES,MDV,1994,19.690483232140213,3.029673847315555
MALDIVES,MDV,1995,19.804444292692203,3.0351666318014283
MALDIVES,MDV,1996,19.925607397679894,3.040973643322468
MALDIVES,MDV,1997,20.046432070863055,3.0467310479407788
MALDIVES,MDV,1998,20.10725819570394,3.0496169716486383
MALDIVES,MDV,1999,20.194343710763608,3.053734339982832
MALDIVES,MDV,2000,20.252201077356354,3.0564604701172637
MALDIVES,MDV,2001,20.584040179063628,3.071954160984406
MALDIVES,MDV,2002,20.614601257766285,3.073369070471589
MALDIVES,MDV,2003,20.774074015637492,3.080719996720111
MALDIVES,MDV,2004,20.927699087158903,3.0877506361390386
MALDIVES,MDV,2005,20.874580302088003,3.085325245869358
MALDIVES,MDV,2006,21.17764833327354,3.099084949848068
MALDIVES,MDV,2007,21.348339434560703,3.1067520200693814
MALDIVES,MDV,2008,21.54377059834581,3.115458779374681
MALDIVES,MDV,2009,21.575676977207912,3.116873086769607
MALDIVES,MDV,2010,21.674219238584875,3.1212285627109115
MALDIVES,MDV,2011,21.743682408997923,3.1242874105244165
MALDIVES,MDV,2012,21.78319412077207,3.126023164202511
MALDIVES,MDV,2013,21.91567480838741,3.1318211658533683
MALDIVES,MDV,2014,22.030883005768917,3.1368360546420355
MALDIVES,MDV,2015,22.141423459294906,3.141624234968408
MALDIVES,MDV,2016,22.207127515856897,3.1444594520007794
MALDIVES,MDV,2017,22.295298049451812,3.148251539754492
MALDIVES,MDV,2018,22.410468941674278,3.1531833129841305
MALDIVES,MDV,2019,22.468299599436577,3.1556505572782125
MALDIVES,MDV,2020,22.03499951128226,3.137014777171568
MALDIVES,MDV,2021,22.382325246425843,3.1519804056078824
MALDIVES,MDV,2022,22.543068194029523,3.1588314329321014
MALDIVES,MDV,2023,22.61033548597879,3.161684560483075
MALI,MLI,1967,19.4340781412968,3.0172040042441752
MALI,MLI,1968,19.655489126338836,3.0279811013400124
MALI,MLI,1969,19.644202811400444,3.0274345444680453
MALI,MLI,1970,19.70098193127902,3.0301811354399306
MALI,MLI,1971,19.79494966068425,3.034710152450625
MALI,MLI,1972,20.002988499922257,3.044664737118491
MALI,MLI,1973,20.1500038424063,3.0516400871663274
MALI,MLI,1974,20.104757261933443,3.049498477720011
MALI,MLI,1975,20.537792055323965,3.0698091620789487
MALI,MLI,1976,20.66056883756399,3.075493503350069
MALI,MLI,1977,20.771902225587457,3.080620249729032
MALI,MLI,1978,20.92432946934627,3.0875969548645257
MALI,MLI,1979,21.190404713982847,3.099659975353344
MALI,MLI,1980,21.2884041683284,3.1040665507714715
MALI,MLI,1981,21.154380773752013,3.098035254531762
MALI,MLI,1982,21.011263528334908,3.0915543009026867
MALI,MLI,1983,20.983909642197506,3.090310805869443
MALI,MLI,1984,20.932660993978033,3.087976895423327
MALI,MLI,1985,21.054148228020015,3.09350071245383
MALI,MLI,1986,21.33962022691807,3.1063617938062302
MALI,MLI,1987,21.46073128667781,3.1117685082939524
MALI,MLI,1988,21.49755078839184,3.1134064494361127
MALI,MLI,1989,21.50342610291403,3.1136675688589093
MALI,MLI,1990,21.709795865377696,3.122796367322233
MALI,MLI,1991,21.725415483343156,3.123483922991817
MALI,MLI,1992,21.7637804630998,3.1251706966555313
MALI,MLI,1993,21.759392991753202,3.1249779389443613
MALI,MLI,1994,21.456521076153347,3.1115810431078463
MALI,MLI,1995,21.718894470907067,3.123196933818149
MALI,MLI,1996,21.74586856938936,3.1243835275599157
MALI,MLI,1997,21.71544511780776,3.1230450947846267
MALI,MLI,1998,21.7949722917455,3.12653999812378
MALI,MLI,1999,21.95894795753681,3.133707749736794
MALI,MLI,2000,21.808956653089098,3.1271532944824707
MALI,MLI,2001,21.9669413369997,3.1340558488010206
MALI,MLI,2002,22.086322611335973,3.1392403474230703
MALI,MLI,2003,22.27381791068793,3.1473290339330116
MALI,MLI,2004,22.419660797944818,3.153575874629366
MALI,MLI,2005,22.555449763790648,3.159357206165877
MALI,MLI,2006,22.655646910515387,3.1636018564375727
MALI,MLI,2007,22.822077170366363,3.1706127629113734
MALI,MLI,2008,23.0095592483067,3.1784520530595346
MALI,MLI,2009,23.048782225513683,3.1800843601559934
MALI,MLI,2010,23.09249673072833,3.181900453046641
MALI,MLI,2011,23.287839176819087,3.189975779683519
MALI,MLI,2012,23.244346523342625,3.1881834571457204
MALI,MLI,2013,23.306711598384616,3.1907525096753924
MALI,MLI,2014,23.388056152345648,3.1940935105009167
MALI,MLI,2015,23.296241694035228,3.190321675588075
MALI,MLI,2016,23.364182033205534,3.1931141043469813
MALI,MLI,2017,23.45540443875434,3.1968512319348927
MALI,MLI,2018,23.560639197880377,3.2011451289126
MALI,MLI,2019,23.57283011468644,3.201641365682639
MALI,MLI,2020,23.583487203607973,3.202074965662047
MALI,MLI,2021,23.68386114988527,3.2061496353370713
MALI,MLI,2022,23.656075467329,3.20502333938298
MALI,MLI,2023,23.763249336698863,3.2093606725137667
MALTA,MLT,1970,19.33985460183627,3.012582242209233
MALTA,MLT,1971,19.393653766636316,3.01522376258091
MALTA,MLT,1972,19.502886679156394,3.0205656898484405
MALTA,MLT,1973,19.66079845533821,3.0282381103473246
MALTA,MLT,1974,19.74534995853545,3.0323221231790787
MALTA,MLT,1975,19.978025968010687,3.0434755074073983
MALTA,MLT,1976,20.084487495138557,3.0485375802936066
MALTA,MLT,1977,20.25417914004118,3.056553541448021
MALTA,MLT,1978,20.492184829558365,3.0676893727532124
MALTA,MLT,1979,20.724565829912628,3.078443686137608
MALTA,MLT,1980,20.946603055809604,3.0886123692674157
MALTA,MLT,1981,20.941171181232587,3.088364834517742
MALTA,MLT,1982,20.93394654869924,3.088035507419722
MALTA,MLT,1983,20.876648824178464,3.085419804222726
MALTA,MLT,1984,20.820236971844484,3.0828378406504653
MALTA,MLT,1985,20.83465987122339,3.08349860958805
MALTA,MLT,1986,21.084485876516215,3.094875365471035
MALTA,MLT,1987,21.283594378480903,3.1038507296271214
MALTA,MLT,1988,21.426103039330382,3.110225594665179
MALTA,MLT,1989,21.47400942224465,3.1123595047365193
MALTA,MLT,1990,21.65824625637468,3.120523858799628
MALTA,MLT,1991,21.734881815516093,3.1239003889136097
MALTA,MLT,1992,21.829154990467547,3.1280384467365767
MALTA,MLT,1993,21.719911225414286,3.1232416865131993
MALTA,MLT,1994,21.821401394176462,3.1276987533361145
MALTA,MLT,1995,22.037097039405946,3.1371058313358966
MALTA,MLT,1996,22.06427051036472,3.138284688951188
MALTA,MLT,1997,22.056533553487036,3.137949180622255
MALTA,MLT,1998,22.112199545385057,3.1403605969699067
MALTA,MLT,1999,22.139446767992183,3.1415388134413615
MALTA,MLT,2000,22.12678980150006,3.1409916772251334
MALTA,MLT,2001,22.131411940608352,3.141191518072793
MALTA,MLT,2002,22.220754095693117,3.1450464518704484
MALTA,MLT,2003,22.41859067671247,3.1535301803005282
MALTA,MLT,2004,22.531241856245224,3.158328978917567
MALTA,MLT,2005,22.58208942216045,3.1604875011140656
MALTA,MLT,2006,22.63699572355564,3.1628131000100232
MALTA,MLT,2007,22.793335027384845,3.1694055005924806
MALTA,MLT,2008,22.930485491057315,3.175153189681777
MALTA,MLT,2009,22.886171174114008,3.1732996795152073
MALTA,MLT,2010,22.924462998223827,3.1749014918718155
MALTA,MLT,2011,22.989055052536745,3.1775976868526823
MALTA,MLT,2012,22.97052597107299,3.1768249910955384
MALTA,MLT,2013,23.079489378993717,3.1813604150244963
MALTA,MLT,2014,23.176496815844022,3.185380955279694
MALTA,MLT,2015,23.129443412914622,3.183432813184199
MALTA,MLT,2016,23.18011722301066,3.185530693107512
MALTA,MLT,2017,23.324809823793277,3.191496809903512
MALTA,MLT,2018,23.457918589135428,3.196954032163038
MALTA,MLT,2019,23.4961397613718,3.198515544376346
MALTA,MLT,2020,23.44784527757555,3.196542084330885
MALTA,MLT,2021,23.62048735638104,3.203578915701777
MALTA,MLT,2022,23.633280583731,3.20409839789259
MALTA,MLT,2023,23.765738530256034,3.209461187128196
MARSHALL ISLANDS,MHL,1970,15.944751998076187,2.8299581692526603
MARSHALL ISLANDS,MHL,1971,16.025630550327715,2.834719888079702
MARSHALL ISLANDS,MHL,1972,16.115457402659878,2.8399819968753937
MARSHALL ISLANDS,MHL,1973,16.267150437903368,2.848805877844032
MARSHALL ISLANDS,MHL,1974,16.537958756985063,2.8643676037171004
MARSHALL ISLANDS,MHL,1975,16.630398229402594,2.869624584322713
MARSHALL ISLANDS,MHL,1976,16.714382038987967,2.874376854219744
MARSHALL ISLANDS,MHL,1977,16.82169152761551,2.8804163405240417
MARSHALL ISLANDS,MHL,1978,16.916024822183026,2.8856955538198155
MARSHALL ISLANDS,MHL,1979,17.055965710460598,2.893476140447226
MARSHALL ISLANDS,MHL,1980,17.100573028535575,2.895943596805758
MARSHALL ISLANDS,MHL,1981,17.250142715712666,2.9041729000369743
MARSHALL ISLANDS,MHL,1982,17.368513013526858,2.910637949490533
MARSHALL ISLANDS,MHL,1983,17.547186056878473,2.9203180824996045
MARSHALL ISLANDS,MHL,1984,17.62536793863111,2.9245245191647817
MARSHALL ISLANDS,MHL,1985,17.596946403685916,2.92299739539664
MARSHALL ISLANDS,MHL,1986,17.840665800833378,2.9360176082707774
MARSHALL ISLANDS,MHL,1987,17.95837540667226,2.9422458078535847
MARSHALL ISLANDS,MHL,1988,18.07378638520198,2.9483149518280958
MARSHALL ISLANDS,MHL,1989,18.103199040262066,2.9498558100468206
MARSHALL ISLANDS,MHL,1990,18.178303403522857,2.953779609000699
MARSHALL ISLANDS,MHL,1991,18.228393696190327,2.9563880249724197
MARSHALL ISLANDS,MHL,1992,18.32706213263901,2.961506296808481
MARSHALL ISLANDS,MHL,1993,18.415276165493506,2.966060187418984
MARSHALL ISLANDS,MHL,1994,18.49829897649831,2.9703272297903256
MARSHALL ISLANDS,MHL,1995,18.60491713295109,2.9757804089029767
MARSHALL ISLANDS,MHL,1996,18.52376066102105,2.9716322192436087
MARSHALL ISLANDS,MHL,1997,18.514942025688665,2.971180429871756
MARSHALL ISLANDS,MHL,1998,18.534635252460298,2.9721890568436127
MARSHALL ISLANDS,MHL,1999,18.54600909452924,2.9727711272050468
MARSHALL ISLANDS,MHL,2000,18.559037094241152,2.9734374350841386
MARSHALL ISLANDS,MHL,2001,18.622854991574332,2.9766949579024238
MARSHALL ISLANDS,MHL,2002,18.698009223938833,2.980517576015186
MARSHALL ISLANDS,MHL,2003,18.691688156293733,2.9801966257099153
MARSHALL ISLANDS,MHL,2004,18.704293459228,2.980836554090807
MARSHALL ISLANDS,MHL,2005,18.741425771163858,2.9827192589129536
MARSHALL ISLANDS,MHL,2006,18.777813194303064,2.984560763677451
MARSHALL ISLANDS,MHL,2007,18.826843647281787,2.987036759276832
MARSHALL ISLANDS,MHL,2008,18.8005419204144,2.9857093070438445
MARSHALL ISLANDS,MHL,2009,18.832038187111376,2.9872987202610566
MARSHALL ISLANDS,MHL,2010,18.894611132138664,2.990448897678249
MARSHALL ISLANDS,MHL,2011,18.9632637797172,2.9938937735339266
MARSHALL ISLANDS,MHL,2012,19.01014421471316,2.996239355701763
MARSHALL ISLANDS,MHL,2013,19.04027296573461,2.9977438971685397
MARSHALL ISLANDS,MHL,2014,19.038276427222065,2.997644265892237
MARSHALL ISLANDS,MHL,2015,19.026214171084252,2.9970421238795897
MARSHALL ISLANDS,MHL,2016,19.11832136914958,3.0016309107942023
MARSHALL ISLANDS,MHL,2017,19.176500869301847,3.0045186039194762
MARSHALL ISLANDS,MHL,2018,19.20654400824855,3.0060065127475717
MARSHALL ISLANDS,MHL,2019,19.262233723070892,3.00875874560942
MARSHALL ISLANDS,MHL,2020,19.299274362148054,3.010585139701856
MARSHALL ISLANDS,MHL,2021,19.36763600280791,3.013947170622757
MARSHALL ISLANDS,MHL,2022,19.37146748781992,3.014135269264849
MARSHALL ISLANDS,MHL,2023,19.46448479612548,3.018690934749657
MAURITANIA,MRT,1961,18.88575618865347,2.9900037060308193
MAURITANIA,MRT,1962,18.917031455192074,2.9915752177176405
MAURITANIA,MRT,1963,18.940582834908067,2.992756993540225
MAURITANIA,MRT,1964,19.229367306321063,3.0071353756693773
MAURITANIA,MRT,1965,19.358108408690313,3.0134792801309276
MAURITANIA,MRT,1966,19.401010891802738,3.0155844531421776
MAURITANIA,MRT,1967,19.45959720302565,3.018452073283043
MAURITANIA,MRT,1968,19.556575770528696,3.023180878590249
MAURITANIA,MRT,1969,19.50269710723502,3.0205564436968744
MAURITANIA,MRT,1970,19.550162677787203,3.0228688571049354
MAURITANIA,MRT,1971,19.63133787954056,3.026811176145735
MAURITANIA,MRT,1972,19.785928800320182,3.034276257793298
MAURITANIA,MRT,1973,20.016502123336267,3.0453079445291222
MAURITANIA,MRT,1974,20.233892708236358,3.0555986177499617
MAURITANIA,MRT,1975,20.371404769762858,3.0620538027701385
MAURITANIA,MRT,1976,20.468432317012358,3.0665835918522886
MAURITANIA,MRT,1977,20.498909071416875,3.0680021929819246
MAURITANIA,MRT,1978,20.505892949230837,3.068326988239533
MAURITANIA,MRT,1979,20.67397153819185,3.076112072322487
MAURITANIA,MRT,1980,20.77007795615849,3.0805364561384594
MAURITANIA,MRT,1981,20.823558747461732,3.0829900627736295
MAURITANIA,MRT,1982,20.82652312988664,3.083125887601532
MAURITANIA,MRT,1983,20.876133920354782,3.0853962672592963
MAURITANIA,MRT,1984,20.795003286895263,3.081680736499946
MAURITANIA,MRT,1985,20.732942195931237,3.078829182982819
MAURITANIA,MRT,1986,20.894382164414225,3.086230081742148
MAURITANIA,MRT,1987,21.01941054358233,3.091924361798284
MAURITANIA,MRT,1988,21.07036094346805,3.0942355746191916
MAURITANIA,MRT,1989,21.095275513977118,3.095363808021914
MAURITANIA,MRT,1990,21.133329958574652,3.09708461534023
MAURITANIA,MRT,1991,21.481119976058444,3.1126758447835066
MAURITANIA,MRT,1992,21.49536209299021,3.113309158762396
MAURITANIA,MRT,1993,21.337019755044178,3.1062453807600443
MAURITANIA,MRT,1994,21.388464446974254,3.1085458461674356
MAURITANIA,MRT,1995,21.461255447918813,3.1117918448059427
MAURITANIA,MRT,1996,21.48036715352862,3.112642357344458
MAURITANIA,MRT,1997,21.451778503066674,3.1113698316770533
MAURITANIA,MRT,1998,21.43245744698325,3.1105089032522795
MAURITANIA,MRT,1999,21.40934951738916,3.1094782609475247
MAURITANIA,MRT,2000,21.29961000011462,3.1045691895290446
MAURITANIA,MRT,2001,21.280629695541815,3.1037176774757573
MAURITANIA,MRT,2002,21.298224732956722,3.1045070669095662
MAURITANIA,MRT,2003,21.44166528162692,3.110919288312221
MAURITANIA,MRT,2004,21.582986650450593,3.117196819702308
MAURITANIA,MRT,2005,21.800320598086106,3.1267745971811016
MAURITANIA,MRT,2006,22.08924964971145,3.1393671260740352
MAURITANIA,MRT,2007,22.19257057976589,3.1438319937557453
MAURITANIA,MRT,2008,22.37316161882567,3.1515884247589216
MAURITANIA,MRT,2009,22.273928969448182,3.1473338057541067
MAURITANIA,MRT,2010,22.45117611148261,3.154920647642405
MAURITANIA,MRT,2011,22.634973070581136,3.1627275248572495
MAURITANIA,MRT,2012,22.629574799001773,3.1624990969193485
MAURITANIA,MRT,2013,22.700546059086783,3.1654980883434547
MAURITANIA,MRT,2014,22.60920420720528,3.1616366447777935
MAURITANIA,MRT,2015,22.54245626309763,3.1588054406153976
MAURITANIA,MRT,2016,22.579368119433102,3.160372097440294
MAURITANIA,MRT,2017,22.640208433971168,3.1629490095028845
MAURITANIA,MRT,2018,22.734636032012887,3.166935417232782
MAURITANIA,MRT,2019,22.78946570407418,3.1692428652175253
MAURITANIA,MRT,2020,22.834781508131407,3.171145921764822
MAURITANIA,MRT,2021,22.944915930394284,3.175756022842253
MAURITANIA,MRT,2022,22.999921603176304,3.1780505638082897
MAURITANIA,MRT,2023,23.07011439383063,3.1809710043316985
MAURITIUS,MUS,1960,18.903659604150988,2.9909036145290484
MAURITIUS,MUS,1961,19.07174330724998,2.9993130203838003
MAURITIUS,MUS,1962,19.10245453076303,3.000841923567843
MAURITIUS,MUS,1963,19.352212963768807,3.0131896511246232
MAURITIUS,MUS,1964,19.20419211623514,3.0058901133823728
MAURITIUS,MUS,1965,19.25369490731982,3.0083372414669185
MAURITIUS,MUS,1966,19.242810602625006,3.007799698544642
MAURITIUS,MUS,1967,19.28962529038862,3.010109685968259
MAURITIUS,MUS,1968,19.146181994084316,3.003014791237469
MAURITIUS,MUS,1969,19.216175162940505,3.0064830346180287
MAURITIUS,MUS,1970,19.227718081668208,3.007053846086218
MAURITIUS,MUS,1971,19.342704363018406,3.0127223396494784
MAURITIUS,MUS,1972,19.579650637553442,3.0243027544383647
MAURITIUS,MUS,1973,19.81763255004071,3.0358003463486236
MAURITIUS,MUS,1974,20.32263009302205,3.0597689544011937
MAURITIUS,MUS,1975,20.327718317204837,3.0600075561663185
MAURITIUS,MUS,1976,20.385707082454815,3.0627228055444524
MAURITIUS,MUS,1977,20.54261045794094,3.0700328555616445
MAURITIUS,MUS,1978,20.751892479901244,3.079700764319665
MAURITIUS,MUS,1979,20.9282019398734,3.0877735681825147
MAURITIUS,MUS,1980,20.860440020147454,3.084678611555297
MAURITIUS,MUS,1981,20.86976109748832,3.0851049108744766
MAURITIUS,MUS,1982,20.81212217686017,3.0824658784079375
MAURITIUS,MUS,1983,20.82307187078729,3.082967752841909
MAURITIUS,MUS,1984,20.776393968078516,3.0808265375932926
MAURITIUS,MUS,1985,20.81000422427874,3.0823687738989265
MAURITIUS,MUS,1986,21.117064187264955,3.0963494457510645
MAURITIUS,MUS,1987,21.36836415844746,3.1076476462500398
MAURITIUS,MUS,1988,21.494878689602913,3.113287669506997
MAURITIUS,MUS,1989,21.516852213754618,3.114264016137364
MAURITIUS,MUS,1990,21.712514333521067,3.1229160648072227
MAURITIUS,MUS,1991,21.78637347455218,3.1261627026687746
MAURITIUS,MUS,1992,21.90734542103014,3.131457619871139
MAURITIUS,MUS,1993,21.919398626275694,3.1319836535562313
MAURITIUS,MUS,1994,22.00587906950764,3.135749794983764
MAURITIUS,MUS,1995,22.132969463689967,3.1412588494856393
MAURITIUS,MUS,1996,22.223221364154302,3.1451526989536958
MAURITIUS,MUS,1997,22.168714399945582,3.1428028513609076
MAURITIUS,MUS,1998,22.164477736327026,3.1426199732368234
MAURITIUS,MUS,1999,22.20536870719972,3.1443836616942393
MAURITIUS,MUS,2000,22.276367999466597,3.147438596923206
MAURITIUS,MUS,2001,22.26565666943632,3.1469783105349114
MAURITIUS,MUS,2002,22.313825521569484,3.149046554621712
MAURITIUS,MUS,2003,22.497348983047647,3.156887605554658
MAURITIUS,MUS,2004,22.620498628280366,3.162114920973167
MAURITIUS,MUS,2005,22.606708985968705,3.1615309506983973
MAURITIUS,MUS,2006,22.673283350774145,3.1643471275002275
MAURITIUS,MUS,2007,22.821302194609096,3.1705802305525164
MAURITIUS,MUS,2008,23.024886132046106,3.1790902152840883
MAURITIUS,MUS,2009,22.93470481039809,3.1753294897998847
MAURITIUS,MUS,2010,23.026217931622067,3.1791456479157523
MAURITIUS,MUS,2011,23.167212759636435,3.1849968698876854
MAURITIUS,MUS,2012,23.180175571503096,3.1855331061819188
MAURITIUS,MUS,2013,23.232293728107432,3.1876861951481468
MAURITIUS,MUS,2014,23.293901301819318,3.190225343613175
MAURITIUS,MUS,2015,23.208779889365488,3.1867153727103767
MAURITIUS,MUS,2016,23.256498691260546,3.1886845687497942
MAURITIUS,MUS,2017,23.34164703310006,3.192188753022695
MAURITIUS,MUS,2018,23.413538681811936,3.195137842427727
MAURITIUS,MUS,2019,23.393014959156826,3.194296819149754
MAURITIUS,MUS,2020,23.157590031422853,3.1845986177362025
MAURITIUS,MUS,2021,23.164250968479656,3.1848743082712136
MAURITIUS,MUS,2022,23.28265973646871,3.189762504527369
MAURITIUS,MUS,2023,23.390294529278314,3.1941852879760857
MEXICO,MEX,1960,23.291287393444918,3.190117742574788
MEXICO,MEX,1961,23.373686925211985,3.193504145697992
MEXICO,MEX,1962,23.44456126479864,3.1964077480192126
MEXICO,MEX,1963,23.55412346731017,3.2008798021450517
MEXICO,MEX,1964,23.72299013176994,3.207733585297472
MEXICO,MEX,1965,23.807008987823114,3.2111262337180313
MEXICO,MEX,1966,23.91456489404438,3.215452567966363
MEXICO,MEX,1967,24.002672161554646,3.2189827056184357
MEXICO,MEX,1968,24.102899040692726,3.222983339097362
MEXICO,MEX,1969,24.20389035223989,3.226998361659296
MEXICO,MEX,1970,24.293361755070382,3.2305419800829847
MEXICO,MEX,1971,24.39194258374283,3.234431902586744
MEXICO,MEX,1972,24.534362923784595,3.2400251106512896
MEXICO,MEX,1973,24.735677016405827,3.2478782399825405
MEXICO,MEX,1974,24.999931955962467,3.258093920939691
MEXICO,MEX,1975,25.200602651424617,3.2657824124652817
MEXICO,MEX,1976,25.21050711899692,3.266160365450196
MEXICO,MEX,1977,25.128911566532096,3.2630424241120224
MEXICO,MEX,1978,25.354577052395385,3.271641962081088
MEXICO,MEX,1979,25.625067189269895,3.2818531475670585
MEXICO,MEX,1980,26.049086766371857,3.297653243775141
MEXICO,MEX,1981,26.298448843156656,3.3068298816446666
MEXICO,MEX,1982,25.94147130631226,3.2936667836821667
MEXICO,MEX,1983,25.774191787198856,3.2874384305261755
MEXICO,MEX,1984,25.939454907229727,3.2935919371928737
MEXICO,MEX,1985,25.99750088573194,3.2957443019327015
MEXICO,MEX,1986,25.62524656389759,3.2818598846025817
MEXICO,MEX,1987,25.717382501339195,3.285314383590802
MEXICO,MEX,1988,25.925133702642643,3.293060188773582
MEXICO,MEX,1989,26.123250851101215,3.3003913250293637
MEXICO,MEX,1990,26.288757709764113,3.306474811872596
MEXICO,MEX,1991,26.469915113744445,3.3130914099584126
MEXICO,MEX,1992,26.6181033781553,3.3184714772003097
MEXICO,MEX,1993,26.996446125768625,3.332077578039969
MEXICO,MEX,1994,27.039741202955074,3.333622832557287
MEXICO,MEX,1995,26.663851398215648,3.320126557259924
MEXICO,MEX,1996,26.79205697185267,3.324750259433776
MEXICO,MEX,1997,26.983706454709285,3.3316224284667
MEXICO,MEX,1998,27.046658566780486,3.333869500693908
MEXICO,MEX,1999,27.170966803202617,3.338291901611835
MEXICO,MEX,2000,27.332697731203986,3.344016534554253
MEXICO,MEX,2001,27.402946163539216,3.3464928779395198
MEXICO,MEX,2002,27.421122112711345,3.3471326050954016
MEXICO,MEX,2003,27.3638603245099,3.345115811036377
MEXICO,MEX,2004,27.431910480841957,3.347512122871955
MEXICO,MEX,2005,27.544996728281856,3.351481674800061
MEXICO,MEX,2006,27.651083570135427,3.35519126339269
MEXICO,MEX,2007,27.72847041978562,3.357888631747442
MEXICO,MEX,2008,27.78077941454203,3.3597077829042616
MEXICO,MEX,2009,27.572795866777618,3.35245507168491
MEXICO,MEX,2010,27.73125030367084,3.3579853911417583
MEXICO,MEX,2011,27.837233096504605,3.3616673680259037
MEXICO,MEX,2012,27.858244672544206,3.362395729338817
MEXICO,MEX,2013,27.914270596656735,3.364335265514961
MEXICO,MEX,2014,27.941814833080375,3.3652874294334167
MEXICO,MEX,2015,27.824360476294576,3.3612208794838336
MEXICO,MEX,2016,27.737391269437932,3.358199106504515
MEXICO,MEX,2017,27.80558052161109,3.3605691364827806
MEXICO,MEX,2018,27.85919215452688,3.3624285610803097
MEXICO,MEX,2019,27.89738593351902,3.3637511388999766
MEXICO,MEX,2020,27.74509275059893,3.358467065738997
MEXICO,MEX,2021,27.903388843110037,3.36395884925112
MEXICO,MEX,2022,28.011731600365344,3.3677002861266936
MEXICO,MEX,2023,28.212614654645513,3.3746006247060722
"MICRONESIA, FED. STS.",FSM,1970,16.805522802180274,2.8795086789597324
"MICRONESIA, FED. STS.",FSM,1971,16.89664764065388,2.88461341266209
"MICRONESIA, FED. STS.",FSM,1972,17.038415381904382,2.892503671635839
"MICRONESIA, FED. STS.",FSM,1973,17.365744632579357,2.910487224737665
"MICRONESIA, FED. STS.",FSM,1974,17.6462188373749,2.9256433822303274
"MICRONESIA, FED. STS.",FSM,1975,17.646739562542358,2.9256713084228227
"MICRONESIA, FED. STS.",FSM,1976,17.661675613986585,2.9264719884930694
"MICRONESIA, FED. STS.",FSM,1977,17.67213838760686,2.9270324870209588
"MICRONESIA, FED. STS.",FSM,1978,17.798119405321312,2.9337568332005612
"MICRONESIA, FED. STS.",FSM,1979,17.914357939497588,2.9399213129938015
"MICRONESIA, FED. STS.",FSM,1980,17.977305713584112,2.943243829131923
"MICRONESIA, FED. STS.",FSM,1981,18.152442141650887,2.9524302344749396
"MICRONESIA, FED. STS.",FSM,1982,18.19823327384682,2.9548182578127684
"MICRONESIA, FED. STS.",FSM,1983,18.247640220115482,2.9573884672514925
"MICRONESIA, FED. STS.",FSM,1984,18.254344155837675,2.9577367057071773
"MICRONESIA, FED. STS.",FSM,1985,18.439815905174687,2.967323329089032
"MICRONESIA, FED. STS.",FSM,1986,18.535882673641048,2.9722529117013106
"MICRONESIA, FED. STS.",FSM,1987,18.575117097256783,2.974259223838887
"MICRONESIA, FED. STS.",FSM,1988,18.641421410650263,2.9776406735585343
"MICRONESIA, FED. STS.",FSM,1989,18.722265721573137,2.9817482371777104
"MICRONESIA, FED. STS.",FSM,1990,18.80730276425905,2.9860506961784536
"MICRONESIA, FED. STS.",FSM,1991,18.92870244038562,2.9921610262540272
"MICRONESIA, FED. STS.",FSM,1992,18.99785574825989,2.995625055219305
"MICRONESIA, FED. STS.",FSM,1993,19.105795752815048,3.0010081194125338
"MICRONESIA, FED. STS.",FSM,1994,19.12625044451087,3.0020249552631357
"MICRONESIA, FED. STS.",FSM,1995,19.216273044531178,3.0064878763525766
"MICRONESIA, FED. STS.",FSM,1996,19.202455369959583,3.0058041499884918
"MICRONESIA, FED. STS.",FSM,1997,19.146422405676716,3.0030267245237874
"MICRONESIA, FED. STS.",FSM,1998,19.204002667778756,3.0058807366479057
"MICRONESIA, FED. STS.",FSM,1999,19.209776536838852,3.0061664742954615
"MICRONESIA, FED. STS.",FSM,2000,19.267714855275127,3.0090292187992413
"MICRONESIA, FED. STS.",FSM,2001,19.30018673727647,3.0106300848860466
"MICRONESIA, FED. STS.",FSM,2002,19.306583193661602,3.0109451287296674
"MICRONESIA, FED. STS.",FSM,2003,19.3185341480846,3.0115334817265196
"MICRONESIA, FED. STS.",FSM,2004,19.297132331484086,3.0104796116100663
"MICRONESIA, FED. STS.",FSM,2005,19.338098440563144,3.0124958975855307
"MICRONESIA, FED. STS.",FSM,2006,19.35103965333334,3.0131319991995142
"MICRONESIA, FED. STS.",FSM,2007,19.363758284301056,3.0137567662142444
"MICRONESIA, FED. STS.",FSM,2008,19.38821614903208,3.0149570941987247
"MICRONESIA, FED. STS.",FSM,2009,19.4513160734912,3.018047236090015
"MICRONESIA, FED. STS.",FSM,2010,19.509054463564,3.020866469781419
"MICRONESIA, FED. STS.",FSM,2011,19.556272775135216,3.023166138896737
"MICRONESIA, FED. STS.",FSM,2012,19.606230990248303,3.02559350531389
"MICRONESIA, FED. STS.",FSM,2013,19.57508844392027,3.024081045164843
"MICRONESIA, FED. STS.",FSM,2014,19.58155145631038,3.0243951141684793
"MICRONESIA, FED. STS.",FSM,2015,19.572801887506937,3.023969906712919
"MICRONESIA, FED. STS.",FSM,2016,19.599335740294013,3.025258829658839
"MICRONESIA, FED. STS.",FSM,2017,19.69883294645255,3.0300773192835178
"MICRONESIA, FED. STS.",FSM,2018,19.786772397754735,3.0343168419944857
"MICRONESIA, FED. STS.",FSM,2019,19.79186146726221,3.0345616345266024
"MICRONESIA, FED. STS.",FSM,2020,19.73440441223742,3.0317943694969216
"MICRONESIA, FED. STS.",FSM,2021,19.781657297087968,3.034070736922433
"MICRONESIA, FED. STS.",FSM,2022,19.879295766651882,3.038758034794876
"MICRONESIA, FED. STS.",FSM,2023,19.946737047447414,3.0419828847127466
MIDDLE EAST & NORTH AFRICA,MEA,1965,24.23048933990328,3.228053157625536
MIDDLE EAST & NORTH AFRICA,MEA,1966,24.29895121732671,3.2307629410136354
MIDDLE EAST & NORTH AFRICA,MEA,1967,24.373256795979017,3.2336957373067485
MIDDLE EAST & NORTH AFRICA,MEA,1968,24.511286786090388,3.2391209732998267
MIDDLE EAST & NORTH AFRICA,MEA,1969,24.62064152028607,3.243398335978909
MIDDLE EAST & NORTH AFRICA,MEA,1970,24.739532721358824,3.248028048209835
MIDDLE EAST & NORTH AFRICA,MEA,1971,24.88213913365651,3.253553122076881
MIDDLE EAST & NORTH AFRICA,MEA,1972,25.085646278305614,3.2613852120273443
MIDDLE EAST & NORTH AFRICA,MEA,1973,25.40378039848526,3.2735071968128917
MIDDLE EAST & NORTH AFRICA,MEA,1974,26.014044890083337,3.296356911871231
MIDDLE EAST & NORTH AFRICA,MEA,1975,26.102139497003158,3.2996126729983066
MIDDLE EAST & NORTH AFRICA,MEA,1976,26.32195830374525,3.3076907123586206
MIDDLE EAST & NORTH AFRICA,MEA,1977,26.471091544644988,3.313134235198512
MIDDLE EAST & NORTH AFRICA,MEA,1978,26.5269388589705,3.3151651200542354
MIDDLE EAST & NORTH AFRICA,MEA,1979,26.797340981707475,3.3249403679819975
MIDDLE EAST & NORTH AFRICA,MEA,1980,27.051660712372332,3.3340478356483016
MIDDLE EAST & NORTH AFRICA,MEA,1981,27.075328455101484,3.3348911997582618
MIDDLE EAST & NORTH AFRICA,MEA,1982,27.073644646673383,3.3348312232943806
MIDDLE EAST & NORTH AFRICA,MEA,1983,27.08952088893651,3.335396584685057
MIDDLE EAST & NORTH AFRICA,MEA,1984,27.09659553277333,3.3356484135824704
MIDDLE EAST & NORTH AFRICA,MEA,1985,27.11531891160903,3.336314584792371
MIDDLE EAST & NORTH AFRICA,MEA,1986,27.12711772819798,3.3367341546925022
MIDDLE EAST & NORTH AFRICA,MEA,1987,27.05243159177882,3.3340753159754892
MIDDLE EAST & NORTH AFRICA,MEA,1988,27.04317425087846,3.3337452601415127
MIDDLE EAST & NORTH AFRICA,MEA,1989,27.072833057581835,3.334802313588027
MIDDLE EAST & NORTH AFRICA,MEA,1990,27.33678839665783,3.344160903799166
MIDDLE EAST & NORTH AFRICA,MEA,1991,27.032059160600664,3.333348825218387
MIDDLE EAST & NORTH AFRICA,MEA,1992,27.120836897507623,3.3365108281463813
MIDDLE EAST & NORTH AFRICA,MEA,1993,27.13764262742566,3.3371082751644963
MIDDLE EAST & NORTH AFRICA,MEA,1994,27.195001319647957,3.33914470406347
MIDDLE EAST & NORTH AFRICA,MEA,1995,27.293781957014104,3.3426420616740486
MIDDLE EAST & NORTH AFRICA,MEA,1996,27.40057522313394,3.3464093992977464
MIDDLE EAST & NORTH AFRICA,MEA,1997,27.447887893396068,3.348073918568529
MIDDLE EAST & NORTH AFRICA,MEA,1998,27.425805570808972,3.347297379456975
MIDDLE EAST & NORTH AFRICA,MEA,1999,27.50995190446829,3.350253215952561
MIDDLE EAST & NORTH AFRICA,MEA,2000,27.623549041243937,3.354229772074202
MIDDLE EAST & NORTH AFRICA,MEA,2001,27.61842610389339,3.354050779740299
MIDDLE EAST & NORTH AFRICA,MEA,2002,27.61015658730315,3.353761780213876
MIDDLE EAST & NORTH AFRICA,MEA,2003,27.717638645630885,3.3575115209401365
MIDDLE EAST & NORTH AFRICA,MEA,2004,27.88280161188427,3.3632463180413383
MIDDLE EAST & NORTH AFRICA,MEA,2005,28.06416128579708,3.3695058442359103
MIDDLE EAST & NORTH AFRICA,MEA,2006,28.22487174472282,3.3750201188018067
MIDDLE EAST & NORTH AFRICA,MEA,2007,28.391954216156734,3.380720970774113
MIDDLE EAST & NORTH AFRICA,MEA,2008,28.61469408204722,3.388270659844315
MIDDLE EAST & NORTH AFRICA,MEA,2009,28.506347218081206,3.384605400137151
MIDDLE EAST & NORTH AFRICA,MEA,2010,28.66785452107277,3.39006412029861
MIDDLE EAST & NORTH AFRICA,MEA,2011,28.85382742998281,3.3963130537288357
MIDDLE EAST & NORTH AFRICA,MEA,2012,28.928521595528768,3.3988119252396283
MIDDLE EAST & NORTH AFRICA,MEA,2013,28.912435981874296,3.3982743130524873
MIDDLE EAST & NORTH AFRICA,MEA,2014,28.91959746349335,3.398513699255525
MIDDLE EAST & NORTH AFRICA,MEA,2015,28.794487634514027,3.3943233976931046
MIDDLE EAST & NORTH AFRICA,MEA,2016,28.80482083000168,3.3946701532463956
MIDDLE EAST & NORTH AFRICA,MEA,2017,28.846527228683033,3.3960684923228643
MIDDLE EAST & NORTH AFRICA,MEA,2018,28.894598850353102,3.3976778236227703
MIDDLE EAST & NORTH AFRICA,MEA,2019,28.897953234747234,3.3977900243661967
MIDDLE EAST & NORTH AFRICA,MEA,2020,28.79388499504091,3.394303170945954
MIDDLE EAST & NORTH AFRICA,MEA,2021,28.96081843691105,3.3998904759298054
MIDDLE EAST & NORTH AFRICA,MEA,2022,29.134457604535754,3.4056692879190607
MIDDLE EAST & NORTH AFRICA,MEA,2023,29.086767872552723,3.4040854695369442
MIDDLE EAST & NORTH AFRICA (IDA & IBRD COUNTRIES),TMN,1961,23.538915650264467,3.200260251275702
MIDDLE EAST & NORTH AFRICA (IDA & IBRD COUNTRIES),TMN,1962,23.58872544227729,3.202288022525152
MIDDLE EAST & NORTH AFRICA (IDA & IBRD COUNTRIES),TMN,1963,23.71056034828097,3.207230696727656
MIDDLE EAST & NORTH AFRICA (IDA & IBRD COUNTRIES),TMN,1964,23.817452973948296,3.2115471546052916
MIDDLE EAST & NORTH AFRICA (IDA & IBRD COUNTRIES),TMN,1965,23.926735586512365,3.215940945781249
MIDDLE EAST & NORTH AFRICA (IDA & IBRD COUNTRIES),TMN,1966,23.983765298608837,3.218226225868803
MIDDLE EAST & NORTH AFRICA (IDA & IBRD COUNTRIES),TMN,1967,24.06844845666812,3.2216100218094055
MIDDLE EAST & NORTH AFRICA (IDA & IBRD COUNTRIES),TMN,1968,24.195103128133262,3.2266496553225674
MIDDLE EAST & NORTH AFRICA (IDA & IBRD COUNTRIES),TMN,1969,24.30867023458076,3.2311470340452657
MIDDLE EAST & NORTH AFRICA (IDA & IBRD COUNTRIES),TMN,1970,24.418140117115808,3.23546309696006
MIDDLE EAST & NORTH AFRICA (IDA & IBRD COUNTRIES),TMN,1971,24.556205960748226,3.240880181901088
MIDDLE EAST & NORTH AFRICA (IDA & IBRD COUNTRIES),TMN,1972,24.73431236497062,3.2478252129097966
MIDDLE EAST & NORTH AFRICA (IDA & IBRD COUNTRIES),TMN,1973,25.018530167098593,3.258808982906905
MIDDLE EAST & NORTH AFRICA (IDA & IBRD COUNTRIES),TMN,1974,25.45686051291747,3.275515501341843
MIDDLE EAST & NORTH AFRICA (IDA & IBRD COUNTRIES),TMN,1975,25.587766047092234,3.280451186948966
MIDDLE EAST & NORTH AFRICA (IDA & IBRD COUNTRIES),TMN,1976,25.802079183943185,3.2884794659979404
MIDDLE EAST & NORTH AFRICA (IDA & IBRD COUNTRIES),TMN,1977,25.946726571863138,3.293861826967133
MIDDLE EAST & NORTH AFRICA (IDA & IBRD COUNTRIES),TMN,1978,26.009641304161953,3.296193887603864
MIDDLE EAST & NORTH AFRICA (IDA & IBRD COUNTRIES),TMN,1979,26.237346076546928,3.3045890490954104
MIDDLE EAST & NORTH AFRICA (IDA & IBRD COUNTRIES),TMN,1980,26.43235157896993,3.3117230314597212
MIDDLE EAST & NORTH AFRICA (IDA & IBRD COUNTRIES),TMN,1981,26.39127867320668,3.3102246661286143
MIDDLE EAST & NORTH AFRICA (IDA & IBRD COUNTRIES),TMN,1982,26.50455600116389,3.3143516637199038
MIDDLE EAST & NORTH AFRICA (IDA & IBRD COUNTRIES),TMN,1983,26.608929985978484,3.3181392706086323
MIDDLE EAST & NORTH AFRICA (IDA & IBRD COUNTRIES),TMN,1984,26.649404301103154,3.3196041834723626
MIDDLE EAST & NORTH AFRICA (IDA & IBRD COUNTRIES),TMN,1985,26.72702770597954,3.3224076669364715
MIDDLE EAST & NORTH AFRICA (IDA & IBRD COUNTRIES),TMN,1986,26.803012451715915,3.3251443763984154
MIDDLE EAST & NORTH AFRICA (IDA & IBRD COUNTRIES),TMN,1987,26.655695691601334,3.3198316992177874
MIDDLE EAST & NORTH AFRICA (IDA & IBRD COUNTRIES),TMN,1988,26.607973557705762,3.318104628018721
MIDDLE EAST & NORTH AFRICA (IDA & IBRD COUNTRIES),TMN,1989,26.607995614137277,3.318105426933667
MIDDLE EAST & NORTH AFRICA (IDA & IBRD COUNTRIES),TMN,1990,26.937890045626705,3.329983833641043
MIDDLE EAST & NORTH AFRICA (IDA & IBRD COUNTRIES),TMN,1991,26.26206969373494,3.3054963475878654
MIDDLE EAST & NORTH AFRICA (IDA & IBRD COUNTRIES),TMN,1992,26.35067333727939,3.308741147843895
MIDDLE EAST & NORTH AFRICA (IDA & IBRD COUNTRIES),TMN,1993,26.385081923162314,3.309998409765346
MIDDLE EAST & NORTH AFRICA (IDA & IBRD COUNTRIES),TMN,1994,26.44223391834519,3.312083210562398
MIDDLE EAST & NORTH AFRICA (IDA & IBRD COUNTRIES),TMN,1995,26.543279039071532,3.315758550812429
MIDDLE EAST & NORTH AFRICA (IDA & IBRD COUNTRIES),TMN,1996,26.656676658920418,3.3198671693044064
MIDDLE EAST & NORTH AFRICA (IDA & IBRD COUNTRIES),TMN,1997,26.70653962539045,3.3216684728882324
MIDDLE EAST & NORTH AFRICA (IDA & IBRD COUNTRIES),TMN,1998,26.7312419425438,3.3225596455899375
MIDDLE EAST & NORTH AFRICA (IDA & IBRD COUNTRIES),TMN,1999,26.821019139862486,3.3257918191766658
MIDDLE EAST & NORTH AFRICA (IDA & IBRD COUNTRIES),TMN,2000,26.876499669547734,3.327784028137528
MIDDLE EAST & NORTH AFRICA (IDA & IBRD COUNTRIES),TMN,2001,26.889629929918883,3.3282549326348674
MIDDLE EAST & NORTH AFRICA (IDA & IBRD COUNTRIES),TMN,2002,26.853637397935284,3.3269635645930995
MIDDLE EAST & NORTH AFRICA (IDA & IBRD COUNTRIES),TMN,2003,26.94879845613467,3.3303742096299924
MIDDLE EAST & NORTH AFRICA (IDA & IBRD COUNTRIES),TMN,2004,27.120171794756867,3.3364871762679296
MIDDLE EAST & NORTH AFRICA (IDA & IBRD COUNTRIES),TMN,2005,27.277212864402465,3.342056281164523
MIDDLE EAST & NORTH AFRICA (IDA & IBRD COUNTRIES),TMN,2006,27.43619108473286,3.3476626678622443
MIDDLE EAST & NORTH AFRICA (IDA & IBRD COUNTRIES),TMN,2007,27.641404056898306,3.354853365223833
MIDDLE EAST & NORTH AFRICA (IDA & IBRD COUNTRIES),TMN,2008,27.85639518374805,3.362331638536158
MIDDLE EAST & NORTH AFRICA (IDA & IBRD COUNTRIES),TMN,2009,27.82425519850086,3.3612172270875886
MIDDLE EAST & NORTH AFRICA (IDA & IBRD COUNTRIES),TMN,2010,27.97002529434975,3.3662616849030647
MIDDLE EAST & NORTH AFRICA (IDA & IBRD COUNTRIES),TMN,2011,28.127869845696086,3.371695442506107
MIDDLE EAST & NORTH AFRICA (IDA & IBRD COUNTRIES),TMN,2012,28.202387467237052,3.37425046850847
MIDDLE EAST & NORTH AFRICA (IDA & IBRD COUNTRIES),TMN,2013,28.119894627298887,3.3714216047539054
MIDDLE EAST & NORTH AFRICA (IDA & IBRD COUNTRIES),TMN,2014,28.108496582469584,3.371030110338962
MIDDLE EAST & NORTH AFRICA (IDA & IBRD COUNTRIES),TMN,2015,28.000244263427874,3.367304252827825
MIDDLE EAST & NORTH AFRICA (IDA & IBRD COUNTRIES),TMN,2016,28.023947487157884,3.3681212646407737
MIDDLE EAST & NORTH AFRICA (IDA & IBRD COUNTRIES),TMN,2017,28.023444078628405,3.368103919898283
MIDDLE EAST & NORTH AFRICA (IDA & IBRD COUNTRIES),TMN,2018,27.971205074770914,3.3663024082502844
MIDDLE EAST & NORTH AFRICA (IDA & IBRD COUNTRIES),TMN,2019,27.978857228065607,3.366566502991
MIDDLE EAST & NORTH AFRICA (IDA & IBRD COUNTRIES),TMN,2020,27.90015686568,3.3638470229818562
MIDDLE EAST & NORTH AFRICA (IDA & IBRD COUNTRIES),TMN,2021,28.04788312596751,3.3689456106244413
MIDDLE EAST & NORTH AFRICA (IDA & IBRD COUNTRIES),TMN,2022,28.185450539028697,3.3736703158855357
MIDDLE EAST & NORTH AFRICA (IDA & IBRD COUNTRIES),TMN,2023,28.119091936924843,3.3713940393575466
MIDDLE EAST & NORTH AFRICA (EXCLUDING HIGH INCOME),MNA,1961,23.548207179823784,3.2006388242754866
MIDDLE EAST & NORTH AFRICA (EXCLUDING HIGH INCOME),MNA,1962,23.598016971836607,3.202665828788133
MIDDLE EAST & NORTH AFRICA (EXCLUDING HIGH INCOME),MNA,1963,23.719851877840288,3.207606640574786
MIDDLE EAST & NORTH AFRICA (EXCLUDING HIGH INCOME),MNA,1964,23.82674450350761,3.2119214795068887
MIDDLE EAST & NORTH AFRICA (EXCLUDING HIGH INCOME),MNA,1965,23.93602711607168,3.216313629891124
MIDDLE EAST & NORTH AFRICA (EXCLUDING HIGH INCOME),MNA,1966,23.993056828168154,3.218598059421677
MIDDLE EAST & NORTH AFRICA (EXCLUDING HIGH INCOME),MNA,1967,24.07773998622743,3.221980599512484
MIDDLE EAST & NORTH AFRICA (EXCLUDING HIGH INCOME),MNA,1968,24.20439465769258,3.2270183704912805
MIDDLE EAST & NORTH AFRICA (EXCLUDING HIGH INCOME),MNA,1969,24.317961764140076,3.2315140949891528
MIDDLE EAST & NORTH AFRICA (EXCLUDING HIGH INCOME),MNA,1970,24.427431646675124,3.235828577348634
MIDDLE EAST & NORTH AFRICA (EXCLUDING HIGH INCOME),MNA,1971,24.565497490307543,3.2412436881629842
MIDDLE EAST & NORTH AFRICA (EXCLUDING HIGH INCOME),MNA,1972,24.743603894529937,3.248186203809793
MIDDLE EAST & NORTH AFRICA (EXCLUDING HIGH INCOME),MNA,1973,25.02782169665791,3.259166031165824
MIDDLE EAST & NORTH AFRICA (EXCLUDING HIGH INCOME),MNA,1974,25.466152042476786,3.2758666351570263
MIDDLE EAST & NORTH AFRICA (EXCLUDING HIGH INCOME),MNA,1975,25.59705757665155,3.2808005922499808
MIDDLE EAST & NORTH AFRICA (EXCLUDING HIGH INCOME),MNA,1976,25.811370713502498,3.2888260778899228
MIDDLE EAST & NORTH AFRICA (EXCLUDING HIGH INCOME),MNA,1977,25.95601810142245,3.2942065786011234
MIDDLE EAST & NORTH AFRICA (EXCLUDING HIGH INCOME),MNA,1978,26.01893283372127,3.2965378363309656
MIDDLE EAST & NORTH AFRICA (EXCLUDING HIGH INCOME),MNA,1979,26.24663760610624,3.3049301228944006
MIDDLE EAST & NORTH AFRICA (EXCLUDING HIGH INCOME),MNA,1980,26.44164310852924,3.312061681113388
MIDDLE EAST & NORTH AFRICA (EXCLUDING HIGH INCOME),MNA,1981,26.400570202765998,3.3105638234974197
MIDDLE EAST & NORTH AFRICA (EXCLUDING HIGH INCOME),MNA,1982,26.513847530723208,3.314689424507247
MIDDLE EAST & NORTH AFRICA (EXCLUDING HIGH INCOME),MNA,1983,26.6182215155378,3.3184757547253887
MIDDLE EAST & NORTH AFRICA (EXCLUDING HIGH INCOME),MNA,1984,26.658695830662467,3.3199401751128126
MIDDLE EAST & NORTH AFRICA (EXCLUDING HIGH INCOME),MNA,1985,26.736319235538858,3.3227427181066083
MIDDLE EAST & NORTH AFRICA (EXCLUDING HIGH INCOME),MNA,1986,26.81230398127523,3.3254785120373613
MIDDLE EAST & NORTH AFRICA (EXCLUDING HIGH INCOME),MNA,1987,26.66498722116065,3.3201676144363805
MIDDLE EAST & NORTH AFRICA (EXCLUDING HIGH INCOME),MNA,1988,26.61726508726508,3.3184411237903997
MIDDLE EAST & NORTH AFRICA (EXCLUDING HIGH INCOME),MNA,1989,26.617287143696593,3.3184419224365596
MIDDLE EAST & NORTH AFRICA (EXCLUDING HIGH INCOME),MNA,1990,26.947181575186022,3.3303163564195044
MIDDLE EAST & NORTH AFRICA (EXCLUDING HIGH INCOME),MNA,1991,26.271361223294257,3.3058371121241503
MIDDLE EAST & NORTH AFRICA (EXCLUDING HIGH INCOME),MNA,1992,26.359964866838705,3.309080808646753
MIDDLE EAST & NORTH AFRICA (EXCLUDING HIGH INCOME),MNA,1993,26.39437345272163,3.31033764386633
MIDDLE EAST & NORTH AFRICA (EXCLUDING HIGH INCOME),MNA,1994,26.451525447904505,3.31242173828414
MIDDLE EAST & NORTH AFRICA (EXCLUDING HIGH INCOME),MNA,1995,26.55297381802094,3.3161104723514354
MIDDLE EAST & NORTH AFRICA (EXCLUDING HIGH INCOME),MNA,1996,26.665669596902596,3.320192279812909
MIDDLE EAST & NORTH AFRICA (EXCLUDING HIGH INCOME),MNA,1997,26.715971807372213,3.3220088465677713
MIDDLE EAST & NORTH AFRICA (EXCLUDING HIGH INCOME),MNA,1998,26.74119520841334,3.322918500058482
MIDDLE EAST & NORTH AFRICA (EXCLUDING HIGH INCOME),MNA,1999,26.830574624026873,3.32613522297203
MIDDLE EAST & NORTH AFRICA (EXCLUDING HIGH INCOME),MNA,2000,26.88563112473159,3.3281115427118606
MIDDLE EAST & NORTH AFRICA (EXCLUDING HIGH INCOME),MNA,2001,26.897997999038925,3.3285549299458643
MIDDLE EAST & NORTH AFRICA (EXCLUDING HIGH INCOME),MNA,2002,26.861344235248676,3.327240216837671
MIDDLE EAST & NORTH AFRICA (EXCLUDING HIGH INCOME),MNA,2003,26.956617581785473,3.330653936577968
MIDDLE EAST & NORTH AFRICA (EXCLUDING HIGH INCOME),MNA,2004,27.127814529650394,3.3367589276830465
MIDDLE EAST & NORTH AFRICA (EXCLUDING HIGH INCOME),MNA,2005,27.28448780521279,3.3423135202773615
MIDDLE EAST & NORTH AFRICA (EXCLUDING HIGH INCOME),MNA,2006,27.44266880201864,3.347890440265794
MIDDLE EAST & NORTH AFRICA (EXCLUDING HIGH INCOME),MNA,2007,27.647143184882705,3.3550537238742058
MIDDLE EAST & NORTH AFRICA (EXCLUDING HIGH INCOME),MNA,2008,27.862213514151136,3.3625332487465927
MIDDLE EAST & NORTH AFRICA (EXCLUDING HIGH INCOME),MNA,2009,27.830898039462657,3.3614476606435892
MIDDLE EAST & NORTH AFRICA (EXCLUDING HIGH INCOME),MNA,2010,27.976899482891763,3.366498943000908
MIDDLE EAST & NORTH AFRICA (EXCLUDING HIGH INCOME),MNA,2011,28.134652915374478,3.371928287545683
MIDDLE EAST & NORTH AFRICA (EXCLUDING HIGH INCOME),MNA,2012,28.209258540949808,3.374485732337313
MIDDLE EAST & NORTH AFRICA (EXCLUDING HIGH INCOME),MNA,2013,28.128149744423432,3.3717050517698133
MIDDLE EAST & NORTH AFRICA (EXCLUDING HIGH INCOME),MNA,2014,28.117137616454905,3.371326922358879
MIDDLE EAST & NORTH AFRICA (EXCLUDING HIGH INCOME),MNA,2015,28.009856633065684,3.367635656137843
MIDDLE EAST & NORTH AFRICA (EXCLUDING HIGH INCOME),MNA,2016,28.034293634287536,3.368477670451192
MIDDLE EAST & NORTH AFRICA (EXCLUDING HIGH INCOME),MNA,2017,28.03427832324965,3.3684771431078335
MIDDLE EAST & NORTH AFRICA (EXCLUDING HIGH INCOME),MNA,2018,27.982721574413855,3.366699844643654
MIDDLE EAST & NORTH AFRICA (EXCLUDING HIGH INCOME),MNA,2019,27.990884537103998,3.3669814542688474
MIDDLE EAST & NORTH AFRICA (EXCLUDING HIGH INCOME),MNA,2020,27.911953839719605,3.364255137270001
MIDDLE EAST & NORTH AFRICA (EXCLUDING HIGH INCOME),MNA,2021,28.059748312169912,3.369353997133189
MIDDLE EAST & NORTH AFRICA (EXCLUDING HIGH INCOME),MNA,2022,28.196393650474427,3.374045196526112
MIDDLE EAST & NORTH AFRICA (EXCLUDING HIGH INCOME),MNA,2023,28.12970601972289,3.3717584789095323
MIDDLE INCOME,MIC,1960,26.32434554223825,3.3077780828970287
MIDDLE INCOME,MIC,1961,26.312258568159244,3.307335633207009
MIDDLE INCOME,MIC,1962,26.32547593395905,3.307819451439155
MIDDLE INCOME,MIC,1963,26.42293000165566,3.311379524795078
MIDDLE INCOME,MIC,1964,26.554412045530302,3.3161626696199917
MIDDLE INCOME,MIC,1965,26.652141967129758,3.319703192133551
MIDDLE INCOME,MIC,1966,26.66994624234953,3.3203468509834138
MIDDLE INCOME,MIC,1967,26.710799790957605,3.3218222213583113
MIDDLE INCOME,MIC,1968,26.765428502267305,3.3237916677553665
MIDDLE INCOME,MIC,1969,26.873640728663492,3.3276814654940505
MIDDLE INCOME,MIC,1970,26.96506699684531,3.330956124009831
MIDDLE INCOME,MIC,1971,27.0288531332879,3.3332344486524317
MIDDLE INCOME,MIC,1972,27.143805439407206,3.3373272749314835
MIDDLE INCOME,MIC,1973,27.360195390346806,3.3449865912857084
MIDDLE INCOME,MIC,1974,27.589460068670267,3.3530381208348086
MIDDLE INCOME,MIC,1975,27.711149756426273,3.3572855405768807
MIDDLE INCOME,MIC,1976,27.777548397533394,3.359595513589469
MIDDLE INCOME,MIC,1977,27.89199323930762,3.363564506189806
MIDDLE INCOME,MIC,1978,27.970141085444837,3.3662656818227257
MIDDLE INCOME,MIC,1979,28.15840060807332,3.3727430568047003
MIDDLE INCOME,MIC,1980,28.346951797061973,3.3791886838810017
MIDDLE INCOME,MIC,1981,28.470916094426315,3.3834038819273404
MIDDLE INCOME,MIC,1982,28.441624455005908,3.3824094708372403
MIDDLE INCOME,MIC,1983,28.443190348222572,3.382462655795782
MIDDLE INCOME,MIC,1984,28.473449229424162,3.3834898319578643
MIDDLE INCOME,MIC,1985,28.506618844496856,3.384614605789189
MIDDLE INCOME,MIC,1986,28.50602606164686,3.3845945157609942
MIDDLE INCOME,MIC,1987,28.526982678360085,3.38530451235581
MIDDLE INCOME,MIC,1988,28.588817560004536,3.387396504816251
MIDDLE INCOME,MIC,1989,28.62204733199243,3.3885189263696995
MIDDLE INCOME,MIC,1990,28.752574885697364,3.3929156790260793
MIDDLE INCOME,MIC,1991,28.71698917376368,3.3917189083167654
MIDDLE INCOME,MIC,1992,28.786891417077936,3.3940684114004687
MIDDLE INCOME,MIC,1993,28.88835432939766,3.397468917215642
MIDDLE INCOME,MIC,1994,29.006193416713405,3.40140380757864
MIDDLE INCOME,MIC,1995,29.14220153587118,3.405926234189424
MIDDLE INCOME,MIC,1996,29.249366463522456,3.4094752409029057
MIDDLE INCOME,MIC,1997,29.308861819472487,3.411440139044039
MIDDLE INCOME,MIC,1998,29.303696461033436,3.4112697004881327
MIDDLE INCOME,MIC,1999,29.264693877371183,3.4099818145517458
MIDDLE INCOME,MIC,2000,29.346237834943004,3.4126725505119664
MIDDLE INCOME,MIC,2001,29.348823103761227,3.412757739282842
MIDDLE INCOME,MIC,2002,29.36624671299626,3.4133316860728535
MIDDLE INCOME,MIC,2003,29.47888629085114,3.417034191136809
MIDDLE INCOME,MIC,2004,29.6385196154157,3.4222580282813935
MIDDLE INCOME,MIC,2005,29.80443237173967,3.427658587799107
MIDDLE INCOME,MIC,2006,29.967651341031956,3.4329431545266136
MIDDLE INCOME,MIC,2007,30.172864575884567,3.439547991253193
MIDDLE INCOME,MIC,2008,30.34441015164431,3.4450359466080305
MIDDLE INCOME,MIC,2009,30.34651913594227,3.445103228568043
MIDDLE INCOME,MIC,2010,30.543930897737525,3.4513812059102813
MIDDLE INCOME,MIC,2011,30.70897374934033,3.4565997243980444
MIDDLE INCOME,MIC,2012,30.772215632891886,3.458592185632278
MIDDLE INCOME,MIC,2013,30.831597510904224,3.460459428878574
MIDDLE INCOME,MIC,2014,30.876762596166536,3.4618772990843962
MIDDLE INCOME,MIC,2015,30.8463584842742,3.4609230421778294
MIDDLE INCOME,MIC,2016,30.857967989206724,3.4612875230758693
MIDDLE INCOME,MIC,2017,30.946309800650564,3.4640566749558324
MIDDLE INCOME,MIC,2018,31.008063907567212,3.465987868165263
MIDDLE INCOME,MIC,2019,31.031500966835715,3.4667198238042762
MIDDLE INCOME,MIC,2020,31.000099481587622,3.4657390115945073
MIDDLE INCOME,MIC,2021,31.16517658445783,3.4708843948046115
MIDDLE INCOME,MIC,2022,31.211977599157116,3.4723383585138685
MIDDLE INCOME,MIC,2023,31.236164064246527,3.4730889299221555
MOLDOVA,MDA,1990,21.996181511509256,3.1353281809073703
MOLDOVA,MDA,1991,21.849277099802634,3.1289194800696354
MOLDOVA,MDA,1992,21.56502063793042,3.116400947877723
MOLDOVA,MDA,1993,21.58687763410732,3.117369101985108
MOLDOVA,MDA,1994,21.2552419178675,3.1025775726791256
MOLDOVA,MDA,1995,21.284582991830153,3.103895093718621
MOLDOVA,MDA,1996,21.251020654186004,3.102387879658404
MOLDOVA,MDA,1997,21.380827895368068,3.1082046948433604
MOLDOVA,MDA,1998,21.25313939427271,3.1024830950308995
MOLDOVA,MDA,1999,20.88093855628251,3.0856158722591327
MOLDOVA,MDA,2000,20.97668978779656,3.089982336532833
MOLDOVA,MDA,2001,21.115762952300614,3.096290610037914
MOLDOVA,MDA,2002,21.23117812211325,3.101495723517982
MOLDOVA,MDA,2003,21.40682087705332,3.1093654159491115
MOLDOVA,MDA,2004,21.67810380750999,3.121399868993532
MOLDOVA,MDA,2005,21.81798485902161,3.1275490346198165
MOLDOVA,MDA,2006,21.949466399251975,3.133294685658999
MOLDOVA,MDA,2007,22.205136967772763,3.144373675186935
MOLDOVA,MDA,2008,22.524121187641224,3.1580263282440737
MOLDOVA,MDA,2009,22.41694089824989,3.1534597304344634
MOLDOVA,MDA,2010,22.665595636994954,3.1640223325743166
MOLDOVA,MDA,2011,22.853204658712173,3.1719185755494816
MOLDOVA,MDA,2012,22.88763872910067,3.173361117151858
MOLDOVA,MDA,2013,22.974212089071155,3.1769787563742558
MOLDOVA,MDA,2014,22.96419785658411,3.1765609605965457
MOLDOVA,MDA,2015,22.777090448567215,3.1687225308991662
MOLDOVA,MDA,2016,22.800319163581417,3.169698990822026
MOLDOVA,MDA,2017,22.97607269949627,3.1770563621876207
MOLDOVA,MDA,2018,23.143843136686133,3.1840294050149134
MOLDOVA,MDA,2019,23.185994790843633,3.185773737984066
MOLDOVA,MDA,2020,23.168282890247472,3.185041149173408
MOLDOVA,MDA,2021,23.34006800922516,3.1921238816896254
MOLDOVA,MDA,2022,23.398137718587915,3.1945068063777153
MOLDOVA,MDA,2023,23.529013459897303,3.1998566397648367
MONACO,MCO,1970,19.496117657007133,3.020235485624198
MONACO,MCO,1971,19.607628065076945,3.025661301674687
MONACO,MCO,1972,19.813086146616946,3.035581930544901
MONACO,MCO,1973,20.076150809696554,3.0481421078394
MONACO,MCO,1974,20.150474830439226,3.0516623558520592
MONACO,MCO,1975,20.383558921037558,3.0626223520356692
MONACO,MCO,1976,20.41582210910675,3.064129999735418
MONACO,MCO,1977,20.514014579581527,3.068704563688376
MONACO,MCO,1978,20.723820900901995,3.0784093958420757
MONACO,MCO,1979,20.913778874673124,3.0871156113360114
MONACO,MCO,1980,21.044026377414536,3.0930416526005007
MONACO,MCO,1981,20.90990194593579,3.086938678286352
MONACO,MCO,1982,20.85711157965473,3.0845263413399095
MONACO,MCO,1983,20.81178973697244,3.0824506372306493
MONACO,MCO,1984,20.75991555981075,3.0800695414568096
MONACO,MCO,1985,20.802878458913813,3.0820420004783253
MONACO,MCO,1986,21.138836210092062,3.0973333608624087
MONACO,MCO,1987,21.33253207918224,3.1060444530277183
MONACO,MCO,1988,21.41676532789545,3.1098091310485603
MONACO,MCO,1989,21.42144226619371,3.1100177450216058
MONACO,MCO,1990,21.632051305504426,3.1193671009419255
MONACO,MCO,1991,21.631742456142035,3.119353454301345
MONACO,MCO,1992,21.730146253947467,3.1236920722453116
MONACO,MCO,1993,21.668918985074235,3.120994778559994
MONACO,MCO,1994,21.724019818085086,3.1234225068158294
MONACO,MCO,1995,21.86439787662899,3.129581022918054
MONACO,MCO,1996,21.86681547866555,3.1296867538559163
MONACO,MCO,1997,21.76713861576098,3.125318207522222
MONACO,MCO,1998,21.79983476877111,3.1267532889504124
MONACO,MCO,1999,21.790428269928935,3.1263406350919483
MONACO,MCO,2000,21.699508085194772,3.122343253996817
MONACO,MCO,2001,21.706737732741967,3.122661696866429
MONACO,MCO,2002,21.794728891786324,3.1265293202753686
MONACO,MCO,2003,22.003390952914575,3.1356416377974283
MONACO,MCO,2004,22.1203892241463,3.1407148786168952
MONACO,MCO,2005,22.159457582072754,3.1424032319673514
MONACO,MCO,2006,22.24645423033182,3.1461526141808216
MONACO,MCO,2007,22.494106486431765,3.156749601886177
MONACO,MCO,2008,22.595520564497765,3.1610568874269362
MONACO,MCO,2009,22.423344727653312,3.153733162987564
MONACO,MCO,2010,22.40363955846567,3.1528915469556464
MONACO,MCO,2011,22.5296987573262,3.1582634001637446
MONACO,MCO,2012,22.471203903689474,3.1557743039751243
MONACO,MCO,2013,22.603584218568034,3.1613985741680635
MONACO,MCO,2014,22.679034809569053,3.164590049454068
MONACO,MCO,2015,22.557709548166848,3.1594531362376843
MONACO,MCO,2016,22.58976870264546,3.160813088481539
MONACO,MCO,2017,22.584438079614333,3.1605870911233462
MONACO,MCO,2018,22.694905609078848,3.16526007183191
MONACO,MCO,2019,22.72257375613477,3.166427073982443
MONACO,MCO,2020,22.631273151655748,3.162570968361709
MONACO,MCO,2021,22.878056162499075,3.172959884980866
MONACO,MCO,2022,22.896198055466563,3.1737193691062178
MONGOLIA,MNG,1981,21.560556260992815,3.116203083284782
MONGOLIA,MNG,1982,21.660300687415212,3.120614525035881
MONGOLIA,MNG,1983,21.72600455268965,3.12350984382536
MONGOLIA,MNG,1984,21.464600428628092,3.111940755968577
MONGOLIA,MNG,1985,21.505570432815944,3.1137628533606128
MONGOLIA,MNG,1986,21.786658072914353,3.1261751924396988
MONGOLIA,MNG,1987,21.828725164385773,3.1280196186140126
MONGOLIA,MNG,1988,21.887809915285896,3.130604450718823
MONGOLIA,MNG,1989,21.997781015659392,3.1353977336948624
MONGOLIA,MNG,1990,21.66357994679169,3.120759228416806
MONGOLIA,MNG,1991,21.589953771606954,3.11750528406821
MONGOLIA,MNG,1992,20.9990867409233,3.0910009407204644
MONGOLIA,MNG,1993,20.459823115554194,3.0661824946501386
MONGOLIA,MNG,1994,20.64618724849675,3.074829330325087
MONGOLIA,MNG,1995,21.096321386863835,3.095411141585771
MONGOLIA,MNG,1996,21.020194630666403,3.09195997006866
MONGOLIA,MNG,1997,20.88957165951732,3.086010343482072
MONGOLIA,MNG,1998,20.840551153069757,3.0837683865047008
MONGOLIA,MNG,1999,20.779087024186474,3.080950198544798
MONGOLIA,MNG,2000,20.85156768748228,3.084272666678715
MONGOLIA,MNG,2001,20.96070506386903,3.089254722859482
MONGOLIA,MNG,2002,21.05727484228435,3.0936424722997815
MONGOLIA,MNG,2003,21.190325985765615,3.0996564274975067
MONGOLIA,MNG,2004,21.412438533747217,3.109616096428761
MONGOLIA,MNG,2005,21.648901409908415,3.12011134787894
MONGOLIA,MNG,2006,21.951166765115445,3.133368774652855
MONGOLIA,MNG,2007,22.16664909513321,3.1427137054188905
MONGOLIA,MNG,2008,22.45016968730768,3.1548777309986313
MONGOLIA,MNG,2009,22.245805173568165,3.146124693113013
MONGOLIA,MNG,2010,22.69588496142491,3.1653014027459725
MONGOLIA,MNG,2011,23.06601325520106,3.1808006068012036
MONGOLIA,MNG,2012,23.232277172998664,3.187685511964185
MONGOLIA,MNG,2013,23.255542802464014,3.1886451604393122
MONGOLIA,MNG,2014,23.226872763860463,3.1874624618624954
MONGOLIA,MNG,2015,23.175984344841577,3.1853597579806032
MONGOLIA,MNG,2016,23.137513106800228,3.183767190760191
MONGOLIA,MNG,2017,23.163946070123266,3.1848616904466276
MONGOLIA,MNG,2018,23.301821797187177,3.1905513186139736
MONGOLIA,MNG,2019,23.376955519447822,3.193638240104827
MONGOLIA,MNG,2020,23.312005443449603,3.190970279514171
MONGOLIA,MNG,2021,23.45023211153539,3.1966397091901504
MONGOLIA,MNG,2022,23.565058258416048,3.2013250372203252
MONGOLIA,MNG,2023,23.712586619227718,3.2073126935680927
MONTENEGRO,MNE,1998,20.565747513801792,3.071106292786866
MONTENEGRO,MNE,1999,20.535670792550764,3.069710666966893
MONTENEGRO,MNE,2000,20.707434219431892,3.0776547926328304
MONTENEGRO,MNE,2001,20.871573116681358,3.0851877624484687
MONTENEGRO,MNE,2002,20.973779428384066,3.089849898382859
MONTENEGRO,MNE,2003,21.25841915979299,3.1027203262452874
MONTENEGRO,MNE,2004,21.45237574537715,3.1113964324368495
MONTENEGRO,MNE,2005,21.53737963830067,3.1151752480071626
MONTENEGRO,MNE,2006,21.724597159688454,3.1234479131600392
MONTENEGRO,MNE,2007,22.026371979059974,3.1366401668617128
MONTENEGRO,MNE,2008,22.237441964479544,3.1457648555502873
MONTENEGRO,MNE,2009,22.148619929403836,3.1419351644746296
MONTENEGRO,MNE,2010,22.144682100321592,3.1417650392548206
MONTENEGRO,MNE,2011,22.237167796820366,3.1457530569505536
MONTENEGRO,MNE,2012,22.13120579316451,3.1411826060200845
MONTENEGRO,MNE,2013,22.21970802631932,3.1450014019581016
MONTENEGRO,MNE,2014,22.247985005780226,3.1462184618595597
MONTENEGRO,MNE,2015,22.123149956965833,3.1408342783372323
MONTENEGRO,MNE,2016,22.199613534468263,3.144135620536461
MONTENEGRO,MNE,2017,22.303604334648924,3.148608041082211
MONTENEGRO,MNE,2018,22.429275358404123,3.1539863241030615
MONTENEGRO,MNE,2019,22.435631059796673,3.1542575591024358
MONTENEGRO,MNE,2020,22.285611484824972,3.147835636979586
MONTENEGRO,MNE,2021,22.491659012426446,3.1566454225041216
MONTENEGRO,MNE,2022,22.552610320248466,3.1592366559440865
MONTENEGRO,MNE,2023,22.72535942785879,3.166544494132923
MOROCCO,MAR,1960,21.434819936908248,3.110614213405466
MOROCCO,MAR,1961,21.429177967539882,3.1103626990660564
MOROCCO,MAR,1962,21.590202918260548,3.117516313098291
MOROCCO,MAR,1963,21.7005585606692,3.1223895303815103
MOROCCO,MAR,1964,21.75229411464541,3.1246659805171215
MOROCCO,MAR,1965,21.804505115166478,3.1269581092119743
MOROCCO,MAR,1966,21.779805800140778,3.1258744329669286
MOROCCO,MAR,1967,21.837208451502928,3.128391155404921
MOROCCO,MAR,1968,21.908490691390075,3.1315076143908227
MOROCCO,MAR,1969,22.018437472586154,3.1362955240389128
MOROCCO,MAR,1970,22.098584243080428,3.1397713274712142
MOROCCO,MAR,1971,22.194973619374725,3.1439356008620267
MOROCCO,MAR,1972,22.347418463951904,3.1504864197138907
MOROCCO,MAR,1973,22.554589851250643,3.159320699614529
MOROCCO,MAR,1974,22.761294903733237,3.1680579923247825
MOROCCO,MAR,1975,22.918805997012555,3.1746650113237074
MOROCCO,MAR,1976,22.98339189664928,3.1773615864961684
MOROCCO,MAR,1977,23.125676705607074,3.183276696805007
MOROCCO,MAR,1978,23.30627771384128,3.190734659115306
MOROCCO,MAR,1979,23.490339052788546,3.198278715408403
MOROCCO,MAR,1980,23.801891343245384,3.2109199141035374
MOROCCO,MAR,1981,23.601800336735458,3.2028196246806084
MOROCCO,MAR,1982,23.596394038598813,3.202599848397066
MOROCCO,MAR,1983,23.511445395972437,3.1991401674851616
MOROCCO,MAR,1984,23.41955838389757,3.195384384321559
MOROCCO,MAR,1985,23.43073475018295,3.1958419605514377
MOROCCO,MAR,1986,23.691734078579746,3.2064685349361453
MOROCCO,MAR,1987,23.803578014813382,3.210987917555192
MOROCCO,MAR,1988,23.96996288479573,3.217673617898736
MOROCCO,MAR,1989,23.993378855893507,3.218610944026108
MOROCCO,MAR,1990,24.13044379177571,3.224080011239429
MOROCCO,MAR,1991,24.197886328823927,3.226760115159282
MOROCCO,MAR,1992,24.241092090126433,3.2284733049670185
MOROCCO,MAR,1993,24.178176914148665,3.2259776238563846
MOROCCO,MAR,1994,24.295727687786787,3.2306355153786064
MOROCCO,MAR,1995,24.38760373218813,3.234261012853375
MOROCCO,MAR,1996,24.488216388342487,3.2382162429442127
MOROCCO,MAR,1997,24.39061120106253,3.234379467938173
MOROCCO,MAR,1998,24.56266672294829,3.2411329559508775
MOROCCO,MAR,1999,24.557682451845192,3.2409379545004042
MOROCCO,MAR,2000,24.484871809846574,3.238085013755677
MOROCCO,MAR,2001,24.503618122370753,3.238820329251145
MOROCCO,MAR,2002,24.575054478385017,3.241617441977553
MOROCCO,MAR,2003,24.78421498411297,3.2497624823667173
MOROCCO,MAR,2004,24.914648561680814,3.254808390356616
MOROCCO,MAR,2005,24.95523466803769,3.256373310580554
MOROCCO,MAR,2006,25.052469366891152,3.2601125570615164
MOROCCO,MAR,2007,25.188575078456168,3.265323249954972
MOROCCO,MAR,2008,25.34650093489583,3.271335474325193
MOROCCO,MAR,2009,25.339919358737678,3.2710856347591073
MOROCCO,MAR,2010,25.33705209250674,3.2709767725312773
MOROCCO,MAR,2011,25.424478946329163,3.27429081335297
MOROCCO,MAR,2012,25.395509381572055,3.273193896500887
MOROCCO,MAR,2013,25.47460597534963,3.2761860084815204
MOROCCO,MAR,2014,25.503488233703138,3.2772763557900118
MOROCCO,MAR,2015,25.42750117890699,3.27440517926978
MOROCCO,MAR,2016,25.43794444715728,3.274800267905181
MOROCCO,MAR,2017,25.4985211302089,3.2770889250277295
MOROCCO,MAR,2018,25.57013552344551,3.2797878603776645
MOROCCO,MAR,2019,25.582459960362637,3.280251598301497
MOROCCO,MAR,2020,25.52197480622162,3.277973627334951
MOROCCO,MAR,2021,25.67780895151496,3.283832094418563
MOROCCO,MAR,2022,25.59779544742848,3.2808283344368667
MOROCCO,MAR,2023,25.672801123148194,3.2836443616681983
MOZAMBIQUE,MOZ,1991,22.072599601914305,3.138645749058638
MOZAMBIQUE,MOZ,1992,21.752419614013164,3.12467149640141
MOZAMBIQUE,MOZ,1993,21.782153409914482,3.125977484276244
MOZAMBIQUE,MOZ,1994,21.807815769302238,3.127103274118183
MOZAMBIQUE,MOZ,1995,21.842218573533565,3.128610515514144
MOZAMBIQUE,MOZ,1996,22.117068473927613,3.140571239654473
MOZAMBIQUE,MOZ,1997,22.307111806374433,3.1487585417405364
MOZAMBIQUE,MOZ,1998,22.437265212653898,3.1543272860870193
MOZAMBIQUE,MOZ,1999,22.5614666332265,3.1596126078317184
MOZAMBIQUE,MOZ,2000,22.503405593806054,3.15714532953575
MOZAMBIQUE,MOZ,2001,22.45494865024687,3.1550815024898933
MOZAMBIQUE,MOZ,2002,22.50678636353875,3.157289160887964
MOZAMBIQUE,MOZ,2003,22.607836435737255,3.161578709276128
MOZAMBIQUE,MOZ,2004,22.794833405775478,3.1694684733203857
MOZAMBIQUE,MOZ,2005,22.90577206212109,3.1741199386542505
MOZAMBIQUE,MOZ,2006,22.97559241965635,3.177036330356036
MOZAMBIQUE,MOZ,2007,23.10387215017885,3.1823724977224486
MOZAMBIQUE,MOZ,2008,23.282068725405768,3.189738165420297
MOZAMBIQUE,MOZ,2009,23.229925399713018,3.1875884559839514
MOZAMBIQUE,MOZ,2010,23.15792204521691,3.184612361305495
MOZAMBIQUE,MOZ,2011,23.40560704167746,3.1948129026899776
MOZAMBIQUE,MOZ,2012,23.53796257507085,3.2002214111852885
MOZAMBIQUE,MOZ,2013,23.568063182931564,3.2014473548924416
MOZAMBIQUE,MOZ,2014,23.612428340993446,3.2032515324726742
MOZAMBIQUE,MOZ,2015,23.508831602544973,3.1990335261689564
MOZAMBIQUE,MOZ,2016,23.21391026392664,3.1869272723204194
MOZAMBIQUE,MOZ,2017,23.308367733764097,3.1908206422549488
MOZAMBIQUE,MOZ,2018,23.432472638424887,3.1959130933458466
MOZAMBIQUE,MOZ,2019,23.464928681267075,3.197240609603671
MOZAMBIQUE,MOZ,2020,23.378999074218754,3.1937220680101226
MOZAMBIQUE,MOZ,2021,23.50630324820742,3.198930359898069
MOZAMBIQUE,MOZ,2022,23.63598792686502,3.204208297763994
MOZAMBIQUE,MOZ,2023,23.749750270627946,3.208815398888156
MYANMAR,MMR,1960,20.116476974187606,3.050053634989437
MYANMAR,MMR,1961,20.221699839028805,3.0550242354925854
MYANMAR,MMR,1962,20.268393347661647,3.0572220902830667
MYANMAR,MMR,1963,20.210769516217447,3.0545090487396482
MYANMAR,MMR,1964,19.83512491963879,3.0366402605194516
MYANMAR,MMR,1965,19.72101712912776,3.0311485054300626
MYANMAR,MMR,1966,19.496036273739264,3.020231514948834
MYANMAR,MMR,1967,19.856619751442615,3.037671391928219
MYANMAR,MMR,1968,20.14336899984558,3.0513263338679137
MYANMAR,MMR,1969,20.164394647259893,3.052320271969707
MYANMAR,MMR,1970,20.149776610208416,3.0516293432714203
MYANMAR,MMR,1971,20.191298979681505,3.053590671943653
MYANMAR,MMR,1972,20.311097939362988,3.059227967043412
MYANMAR,MMR,1973,20.39442095545782,3.063130185022877
MYANMAR,MMR,1974,20.926688098160046,3.0877045295091694
MYANMAR,MMR,1975,20.782578873054764,3.0811105160534997
MYANMAR,MMR,1976,20.909496284999186,3.0869201631559307
MYANMAR,MMR,1977,20.5881101909991,3.0721427090142193
MYANMAR,MMR,1978,20.656494184174125,3.075305371786309
MYANMAR,MMR,1979,20.6743539609807,3.076129716500639
MYANMAR,MMR,1980,20.76077852211428,3.0801091990184295
MYANMAR,MMR,1981,20.82852703643343,3.0832176940037956
MYANMAR,MMR,1982,21.116095093089065,3.096305628208216
MYANMAR,MMR,1983,21.046488987373003,3.0931533596168803
MYANMAR,MMR,1984,20.98875080620801,3.090530995595545
MYANMAR,MMR,1985,21.114569931707674,3.096236664226728
MYANMAR,MMR,1986,21.18250786123505,3.0993040441163404
MYANMAR,MMR,1987,21.16951970808308,3.0987183593467797
MYANMAR,MMR,1988,21.155754700048902,3.098097268618726
MYANMAR,MMR,1989,21.42311462584663,3.1100923297547194
MYANMAR,MMR,1990,21.4724121409072,3.1122884298307727
MYANMAR,MMR,1991,21.450733613411366,3.1113232913118822
MYANMAR,MMR,1992,21.603536480324323,3.118106375466578
MYANMAR,MMR,1993,21.874793115311316,3.1300355669812907
MYANMAR,MMR,1994,22.212174811253316,3.1446769173724367
MYANMAR,MMR,1995,22.388928105158225,3.1522627524899134
MYANMAR,MMR,1996,22.53540892753889,3.1585060499959274
MYANMAR,MMR,1997,22.27555936981732,3.1474038559491992
MYANMAR,MMR,1998,22.588811813698868,3.1607725239314295
MYANMAR,MMR,1999,22.86178171712542,3.1722780876926087
MYANMAR,MMR,2000,22.90988618359715,3.1742920212580317
MYANMAR,MMR,2001,22.591645346001634,3.160892638592319
MYANMAR,MMR,2002,22.636893690909606,3.162808783350349
MYANMAR,MMR,2003,23.071503794850198,3.181028725740834
MYANMAR,MMR,2004,23.08103527970232,3.1814246128595527
MYANMAR,MMR,2005,23.207086265218557,3.186645411175775
MYANMAR,MMR,2006,23.39759058878533,3.194484381062156
MYANMAR,MMR,2007,23.728080613441975,3.2079394648310515
MYANMAR,MMR,2008,24.184697304628774,3.226236560250214
MYANMAR,MMR,2009,24.331644891058666,3.232054400359918
MYANMAR,MMR,2010,24.62606267876715,3.2436099069896125
MYANMAR,MMR,2011,24.817232429180034,3.251042192577501
MYANMAR,MMR,2012,24.81657313887026,3.2510166554201074
MYANMAR,MMR,2013,24.822095871958123,3.251230554547049
MYANMAR,MMR,2014,24.905794860320686,3.2544666834602016
MYANMAR,MMR,2015,24.811043725812443,3.250802451727791
MYANMAR,MMR,2016,24.871125288924688,3.253127493084354
MYANMAR,MMR,2017,24.913723899906,3.2547727086737464
MYANMAR,MMR,2018,24.94072020000947,3.255813942574181
MYANMAR,MMR,2019,25.04162165695241,3.259696091013935
MYANMAR,MMR,2020,25.092791074307634,3.261659072127768
MYANMAR,MMR,2021,24.91813862550259,3.2549430566177393
MYANMAR,MMR,2022,24.854473365334343,3.2524836368662013
MYANMAR,MMR,2023,24.8948033836058,3.25404230701466
NAMIBIA,NAM,1980,21.60785549280116,3.1182974340605067
NAMIBIA,NAM,1981,21.534155420249792,3.115032176862495
NAMIBIA,NAM,1982,21.474073367023113,3.1123623500093096
NAMIBIA,NAM,1983,21.555044184948837,3.1159587298453095
NAMIBIA,NAM,1984,21.39174117407785,3.1086921932895177
NAMIBIA,NAM,1985,21.19840460277989,3.100020421556195
NAMIBIA,NAM,1986,21.316066868402817,3.1053069064119714
NAMIBIA,NAM,1987,21.556204619014764,3.116010177504018
NAMIBIA,NAM,1988,21.637592539954024,3.1196119111063787
NAMIBIA,NAM,1989,21.65351304162142,3.120314941077438
NAMIBIA,NAM,1990,21.749279422844946,3.124533471174235
NAMIBIA,NAM,1991,21.82083400787447,3.1276738909998585
NAMIBIA,NAM,1992,21.95568664216242,3.1335656897853945
NAMIBIA,NAM,1993,21.902286561215394,3.1312367554102645
NAMIBIA,NAM,1994,22.022504328167546,3.1364721866106544
NAMIBIA,NAM,1995,22.104174271546302,3.140013305598619
NAMIBIA,NAM,1996,22.106847320681773,3.1401289944125144
NAMIBIA,NAM,1997,22.14757584647928,3.1418900599943482
NAMIBIA,NAM,1998,22.077323604119506,3.1388504732225595
NAMIBIA,NAM,1999,22.076146044073663,3.1387994452042944
NAMIBIA,NAM,2000,22.08992675848917,3.139396451360038
NAMIBIA,NAM,2001,21.992279253102673,3.1351584749267367
NAMIBIA,NAM,2002,21.931978339054446,3.1325323704727985
NAMIBIA,NAM,2003,22.31788232948268,3.149220548160031
NAMIBIA,NAM,2004,22.611729361775446,3.161743595419457
NAMIBIA,NAM,2005,22.70404312037091,3.165645629387518
NAMIBIA,NAM,2006,22.80292979777218,3.169808673847884
NAMIBIA,NAM,2007,22.902500277379538,3.1739830675820886
NAMIBIA,NAM,2008,22.875891794678218,3.1728692383258803
NAMIBIA,NAM,2009,22.913672468049302,3.1744503651607783
NAMIBIA,NAM,2010,23.159630878521405,3.1846830947430056
NAMIBIA,NAM,2011,23.250861492547916,3.188452142218371
NAMIBIA,NAM,2012,23.291444865070588,3.190124225191897
NAMIBIA,NAM,2013,23.211774929897466,3.186839082178266
NAMIBIA,NAM,2014,23.243815571392137,3.1881615568744968
NAMIBIA,NAM,2015,23.151175331965586,3.184333046904627
NAMIBIA,NAM,2016,23.095565289421074,3.1820278106770683
NAMIBIA,NAM,2017,23.28011735371721,3.1896577995287605
NAMIBIA,NAM,2018,23.339348313328955,3.1920943128923542
NAMIBIA,NAM,2019,23.252343116533325,3.188513236077955
NAMIBIA,NAM,2020,23.082585505117592,3.1814889861516993
NAMIBIA,NAM,2021,23.24116278814084,3.1880521298583897
NAMIBIA,NAM,2022,23.254361732133734,3.188596466452307
NAMIBIA,NAM,2023,23.237004879876803,3.187880592505629
NAURU,NRU,1970,16.681724288633166,2.872531580091609
NAURU,NRU,1971,16.7604459055299,2.8769738445421913
NAURU,NRU,1972,16.8944007680467,2.8844878576582538
NAURU,NRU,1973,17.093779809403404,2.8955682222691634
NAURU,NRU,1974,17.398877019333074,2.9122896311944535
NAURU,NRU,1975,17.507055845628113,2.918152056431887
NAURU,NRU,1976,17.511549985699858,2.9183948608267527
NAURU,NRU,1977,17.51544620761195,2.918605313865186
NAURU,NRU,1978,17.547309330802687,2.9203247289803245
NAURU,NRU,1979,17.609455404121345,2.923669806610783
NAURU,NRU,1980,17.664532510297715,2.9266250657254096
NAURU,NRU,1981,17.76076785650344,2.9317678732576886
NAURU,NRU,1982,17.783493064418895,2.932978455654751
NAURU,NRU,1983,17.695817753875705,2.928299849321893
NAURU,NRU,1984,17.67335677118575,2.9270977363140336
NAURU,NRU,1985,17.542377768535882,2.920058802644378
NAURU,NRU,1986,17.502873632968765,2.917926051533414
NAURU,NRU,1987,17.507345886016655,2.918167728190715
NAURU,NRU,1988,17.642653744310962,2.9254521673810725
NAURU,NRU,1989,17.79960835407332,2.933836037388767
NAURU,NRU,1990,17.83319679160047,2.9356210994544893
NAURU,NRU,1991,17.776967112100447,2.9326309651099893
NAURU,NRU,1992,17.749943047244976,2.931190714931539
NAURU,NRU,1993,17.589238574306975,2.9225828420083917
NAURU,NRU,1994,17.49793198488269,2.917658941234979
NAURU,NRU,1995,17.50363237438589,2.917967057372608
NAURU,NRU,1996,17.438752252705218,2.9144545505844532
NAURU,NRU,1997,17.435348227202187,2.9142699209680885
NAURU,NRU,1998,17.20545994834677,2.9017215462545094
NAURU,NRU,1999,17.12344479218453,2.8972063924901863
NAURU,NRU,2000,17.10878786750062,2.8963973379877452
NAURU,NRU,2001,16.93404823567048,2.886701042147655
NAURU,NRU,2002,16.86086234730932,2.8826118580066575
NAURU,NRU,2003,17.025473161054546,2.8917859330930296
NAURU,NRU,2004,17.23610413789817,2.9034033729017996
NAURU,NRU,2005,17.219060705210026,2.902468337550664
NAURU,NRU,2006,17.18969157500656,2.9008550366417265
NAURU,NRU,2007,16.94082145550318,2.8870786446293635
NAURU,NRU,2008,17.442574838745365,2.914661841718222
NAURU,NRU,2009,17.60369777156752,2.9233603658830605
NAURU,NRU,2010,17.677562438982797,2.9273229338676012
NAURU,NRU,2011,17.991003059615696,2.943965343840815
NAURU,NRU,2012,18.431182635050188,2.9668791279832885
NAURU,NRU,2013,18.3628928785002,2.9633584962279125
NAURU,NRU,2014,18.412136792125786,2.965898478299812
NAURU,NRU,2015,18.256553941109345,2.9578514672621288
NAURU,NRU,2016,18.395793028444587,2.9650561883491227
NAURU,NRU,2017,18.510115870899302,2.9709330936691165
NAURU,NRU,2018,18.690674035584347,2.9801451244462442
NAURU,NRU,2019,18.645104399965383,2.977828167323886
NAURU,NRU,2020,18.641306633904033,2.9776348299345323
NAURU,NRU,2021,18.98252422411858,2.9948581027839647
NAURU,NRU,2022,18.851323611796882,2.988270685605198
NAURU,NRU,2023,18.85329267463542,2.9883698711923823
NEPAL,NPL,1960,20.046650084168377,3.0467414065695206
NEPAL,NPL,1961,20.092078032428628,3.0488975212834464
NEPAL,NPL,1962,20.16829865457248,3.052504716049172
NEPAL,NPL,1963,20.02399575853276,3.045664440558114
NEPAL,NPL,1964,20.02228560863014,3.0455830944866915
NEPAL,NPL,1965,20.415744368442688,3.0641263696714045
NEPAL,NPL,1966,20.625445647909945,3.073870660601437
NEPAL,NPL,1967,20.551259723111603,3.070434270670126
NEPAL,NPL,1968,20.464794787063727,3.0664141412797274
NEPAL,NPL,1969,20.4858229930973,3.067393321966783
NEPAL,NPL,1970,20.579366954159468,3.071737624560023
NEPAL,NPL,1971,20.598570119217808,3.072627114314562
NEPAL,NPL,1972,20.747078453044825,3.079479424514478
NEPAL,NPL,1973,20.694971012293752,3.0770804831025558
NEPAL,NPL,1974,20.92043786673509,3.087419437552525
NEPAL,NPL,1975,21.178022097657156,3.0991018029078905
NEPAL,NPL,1976,21.096750983777223,3.0954305834073215
NEPAL,NPL,1977,21.047086956014066,3.093180482327085
NEPAL,NPL,1978,21.19586764890251,3.099906129610344
NEPAL,NPL,1979,21.339126928047744,3.106339711769389
NEPAL,NPL,1980,21.38899895408403,3.108569720101741
NEPAL,NPL,1981,21.545502259414114,3.115535589709353
NEPAL,NPL,1982,21.59682597984111,3.1178094530452842
NEPAL,NPL,1983,21.618200054645442,3.118754894340846
NEPAL,NPL,1984,21.671523106177872,3.121109648243058
NEPAL,NPL,1985,21.686407312773852,3.1217659483428535
NEPAL,NPL,1986,21.770859195004405,3.125481613004701
NEPAL,NPL,1987,21.807527438491736,3.1270906322836494
NEPAL,NPL,1988,21.972310400264462,3.1342895950239638
NEPAL,NPL,1989,21.983210324091797,3.1347639634506477
NEPAL,NPL,1990,22.011826148922424,3.1360082641716414
NEPAL,NPL,1991,22.08973397213881,3.13938810195481
NEPAL,NPL,1992,21.94739755253061,3.1332045336728007
NEPAL,NPL,1993,22.02074036863004,3.1363955647500545
NEPAL,NPL,1994,22.126116264463622,3.140962553129211
NEPAL,NPL,1995,22.205121350390453,3.1443730021726974
NEPAL,NPL,1996,22.23212741159851,3.145536122942021
NEPAL,NPL,1997,22.31630846147783,3.149153049701121
NEPAL,NPL,1998,22.30353341082165,3.1486049976072965
NEPAL,NPL,1999,22.33940969102998,3.150143334808919
NEPAL,NPL,2000,22.426968329627915,3.153887851472885
NEPAL,NPL,2001,22.516200455778428,3.1576895647330714
NEPAL,NPL,2002,22.52346885994431,3.1579985976973526
NEPAL,NPL,2003,22.568640809099694,3.1599170491461113
NEPAL,NPL,2004,22.707563703233276,3.165794140821941
NEPAL,NPL,2005,22.818858540801827,3.17047764257751
NEPAL,NPL,2006,22.92533591761254,3.174937977684027
NEPAL,NPL,2007,23.05789383040693,3.180463168494013
NEPAL,NPL,2008,23.25262297872005,3.188524775605111
NEPAL,NPL,2009,23.27699754690333,3.1895292990268445
NEPAL,NPL,2010,23.496020572559875,3.1985106787484123
NEPAL,NPL,2011,23.794748809314942,3.2106318891906462
NEPAL,NPL,2012,23.800720984847576,3.210872724718015
NEPAL,NPL,2013,23.821654194082022,3.2117164251817965
NEPAL,NPL,2014,23.847022432354496,3.212737923727818
NEPAL,NPL,2015,23.91624117279244,3.2155198467796513
NEPAL,NPL,2016,23.922922531179136,3.2157879635749658
NEPAL,NPL,2017,24.08958149500971,3.222452680088148
NEPAL,NPL,2018,24.2231472531996,3.227762114709652
NEPAL,NPL,2019,24.255087326227518,3.229027613693785
NEPAL,NPL,2020,24.232828992986693,3.2281458845076507
NEPAL,NPL,2021,24.332150370006232,3.232074354607126
NEPAL,NPL,2022,24.441289920181667,3.236373441596153
NEPAL,NPL,2023,24.434593273348174,3.236110187321168
NETHERLANDS,NLD,1960,23.30827864706685,3.1908169773910027
NETHERLANDS,NLD,1961,23.402805527714186,3.1946981063334126
NETHERLANDS,NLD,1962,23.484812159798018,3.198053013480909
NETHERLANDS,NLD,1963,23.56634080785785,3.201377246172908
NETHERLANDS,NLD,1964,23.72906311395822,3.2079791962203847
NETHERLANDS,NLD,1965,23.845123093149844,3.2126614794855546
NETHERLANDS,NLD,1966,23.930276421096202,3.2160829853639363
NETHERLANDS,NLD,1967,24.022944899314034,3.2197931999235627
NETHERLANDS,NLD,1968,24.126241826980415,3.223912791107287
NETHERLANDS,NLD,1969,24.25068306507122,3.2288532074374965
NETHERLANDS,NLD,1970,24.36517727717435,3.2333772600411192
NETHERLANDS,NLD,1971,24.520531487882764,3.239483284587419
NETHERLANDS,NLD,1972,24.725249416054183,3.24747297714655
NETHERLANDS,NLD,1973,24.99771992322373,3.2580088389154023
NETHERLANDS,NLD,1974,25.191967903999295,3.2654527952156616
NETHERLANDS,NLD,1975,25.33092814853909,3.270744223496086
NETHERLANDS,NLD,1976,25.416160418017252,3.27397595991892
NETHERLANDS,NLD,1977,25.567586695660278,3.2796919274817573
NETHERLANDS,NLD,1978,25.772222051409727,3.2873648593699087
NETHERLANDS,NLD,1979,25.914384364101327,3.2926608784130837
NETHERLANDS,NLD,1980,25.99704505386876,3.295727417565762
NETHERLANDS,NLD,1981,25.823950326897496,3.289295157346581
NETHERLANDS,NLD,1982,25.788891260634376,3.287987296385574
NETHERLANDS,NLD,1983,25.75661107040836,3.286781585626264
NETHERLANDS,NLD,1984,25.692472453557734,3.284381595077945
NETHERLANDS,NLD,1985,25.6920078873678,3.284364190536888
NETHERLANDS,NLD,1986,26.025884418495856,3.296795088928582
NETHERLANDS,NLD,1987,26.224713053801956,3.304125128958226
NETHERLANDS,NLD,1988,26.291268711434764,3.306566823615245
NETHERLANDS,NLD,1989,26.27752963229095,3.3060632728737542
NETHERLANDS,NLD,1990,26.486356025643136,3.313689737030039
NETHERLANDS,NLD,1991,26.514754892557477,3.3147224023331194
NETHERLANDS,NLD,1992,26.61756638548563,3.3184520335085077
NETHERLANDS,NLD,1993,26.591291234907505,3.317500187964353
NETHERLANDS,NLD,1994,26.661145677760512,3.320028745399091
NETHERLANDS,NLD,1995,26.837615215488665,3.326388171433966
NETHERLANDS,NLD,1996,26.833602151445973,3.326244001277844
NETHERLANDS,NLD,1997,26.75590289314808,3.323448534441619
NETHERLANDS,NLD,1998,26.805503515172923,3.3252339692751667
NETHERLANDS,NLD,1999,26.82593521524384,3.3259685072075245
NETHERLANDS,NLD,2000,26.75750088886219,3.3235061059686983
NETHERLANDS,NLD,2001,26.790734607330915,3.3247026776378847
NETHERLANDS,NLD,2002,26.884181934955137,3.328059572310768
NETHERLANDS,NLD,2003,27.08641524468433,3.3352860161936677
NETHERLANDS,NLD,2004,27.213048233034474,3.3397845742290007
NETHERLANDS,NLD,2005,27.25319284025478,3.3412064721000445
NETHERLANDS,NLD,2006,27.32171392351166,3.3436287868922743
NETHERLANDS,NLD,2007,27.4668053211467,3.34873868288083
NETHERLANDS,NLD,2008,27.581694305547558,3.352766453653851
NETHERLANDS,NLD,2009,27.493503087850172,3.3496760994575387
NETHERLANDS,NLD,2010,27.465416086987453,3.3486898797909395
NETHERLANDS,NLD,2011,27.53149977056615,3.3510087320374455
NETHERLANDS,NLD,2012,27.455385144623683,3.3483374271813284
NETHERLANDS,NLD,2013,27.499969873227442,3.3499030301943074
NETHERLANDS,NLD,2014,27.516920277707566,3.350497605062723
NETHERLANDS,NLD,2015,27.363890110405613,3.3451168611712925
NETHERLANDS,NLD,2016,27.387751933714213,3.345957782203893
NETHERLANDS,NLD,2017,27.449342922156685,3.3481250644236114
NETHERLANDS,NLD,2018,27.541143932631886,3.3513466929774602
NETHERLANDS,NLD,2019,27.53692398241148,3.35119882706741
NETHERLANDS,NLD,2020,27.536483450985397,3.3511833897053913
NETHERLANDS,NLD,2021,27.660267576512478,3.35551175859205
NETHERLANDS,NLD,2022,27.640375941813804,3.354817468466273
NETHERLANDS,NLD,2023,27.74267406751908,3.3583829197296757
NEW CALEDONIA,NCL,1965,18.888146734011467,2.9901239127586092
NEW CALEDONIA,NCL,1966,18.916635562017103,2.991555340402564
NEW CALEDONIA,NCL,1967,19.008671652711183,2.9961657622197606
NEW CALEDONIA,NCL,1968,19.188504703934534,3.0051133683604108
NEW CALEDONIA,NCL,1969,19.388078349924868,3.0149503354135576
NEW CALEDONIA,NCL,1970,19.698319399768497,3.0300525085583847
NEW CALEDONIA,NCL,1971,19.841342179966855,3.0369386188404355
NEW CALEDONIA,NCL,1972,20.043644758216324,3.046598602820181
NEW CALEDONIA,NCL,1973,20.1113177410985,3.0498092825126117
NEW CALEDONIA,NCL,1974,20.27291341724747,3.0574345929044746
NEW CALEDONIA,NCL,1975,20.520723814800007,3.069016369244685
NEW CALEDONIA,NCL,1976,20.498011962578307,3.067960464001471
NEW CALEDONIA,NCL,1977,20.546075246074473,3.070193676811325
NEW CALEDONIA,NCL,1978,20.556035458640363,3.070655845024451
NEW CALEDONIA,NCL,1979,20.769410336404434,3.0805057888164358
NEW CALEDONIA,NCL,1980,20.89086619263789,3.0860694809957407
NEW CALEDONIA,NCL,1981,20.695446600242594,3.077102404437958
NEW CALEDONIA,NCL,1982,20.623003270995,3.0737577142656214
NEW CALEDONIA,NCL,1983,20.529508613247362,3.0694244877645547
NEW CALEDONIA,NCL,1984,20.495192899570434,3.0678293240680348
NEW CALEDONIA,NCL,1985,20.566402523760452,3.0711366650246585
NEW CALEDONIA,NCL,1986,20.906688049269004,3.0867919805778854
NEW CALEDONIA,NCL,1987,21.12076133961422,3.096516594670065
NEW CALEDONIA,NCL,1988,21.452154371312552,3.1113865726715195
NEW CALEDONIA,NCL,1989,21.50491962309429,3.1137339352252673
NEW CALEDONIA,NCL,1990,21.65126393900399,3.1202156534186445
NEW CALEDONIA,NCL,1991,21.699251128934936,3.1223319340284172
NEW CALEDONIA,NCL,1992,21.796178460487898,3.126592910529928
NEW CALEDONIA,NCL,1993,21.760798072533806,3.1250396733417
NEW CALEDONIA,NCL,1994,21.834704970403152,3.128281526492326
NEW CALEDONIA,NCL,1995,22.012068780004547,3.1360188078721474
NEW CALEDONIA,NCL,1996,22.006133488066887,3.1357608537723327
NEW CALEDONIA,NCL,1997,21.914497197039065,3.131769775631727
NEW CALEDONIA,NCL,1998,21.99198787440013,3.135145801953098
NEW CALEDONIA,NCL,1999,22.017390645024246,3.136250045219268
NEW CALEDONIA,NCL,2000,21.95291575671208,3.133444976659361
NEW CALEDONIA,NCL,2001,21.916501673118592,3.1318572481341915
NEW CALEDONIA,NCL,2002,22.042366621444852,3.137334548497219
NEW CALEDONIA,NCL,2003,22.31562957719264,3.1491239329921106
NEW CALEDONIA,NCL,2004,22.49737189391221,3.1568885805945834
NEW CALEDONIA,NCL,2005,22.554026361713323,3.1592967766219795
NEW CALEDONIA,NCL,2006,22.666193741795595,3.164047605432517
NEW CALEDONIA,NCL,2007,22.900278316937197,3.1738901039297955
NEW CALEDONIA,NCL,2008,22.927975636651507,3.1750483031330257
NEW CALEDONIA,NCL,2009,22.88709885922638,3.1733385165096957
NEW CALEDONIA,NCL,2010,22.960175771279104,3.176393109250353
NEW CALEDONIA,NCL,2011,23.06039225071442,3.180567013435852
NEW CALEDONIA,NCL,2012,22.991171688087473,3.1776859163462
NEW CALEDONIA,NCL,2013,23.040875782725433,3.1797555392332852
NEW CALEDONIA,NCL,2014,23.087419632537326,3.1816896972548907
NEW CALEDONIA,NCL,2015,22.890970407580483,3.1735005803361327
NEW CALEDONIA,NCL,2016,22.889408900364426,3.1734352184767576
NEW CALEDONIA,NCL,2017,22.939644539624183,3.1755358520506802
NEW CALEDONIA,NCL,2018,23.01543712235081,3.1786968370061315
NEW CALEDONIA,NCL,2019,22.971991749068856,3.1768861384055267
NEW CALEDONIA,NCL,2020,22.969770349279308,3.1767934676444236
NEW CALEDONIA,NCL,2021,23.03296056288343,3.1794262449428685
NEW CALEDONIA,NCL,2022,22.987455023245506,3.1775309863240566
NEW ZEALAND,NZL,1960,22.434555866933408,3.1542116794960613
NEW ZEALAND,NZL,1961,22.46758337842495,3.15562003815441
NEW ZEALAND,NZL,1962,22.536975756704006,3.1585726210513863
NEW ZEALAND,NZL,1963,22.625334846562748,3.162319646678846
NEW ZEALAND,NZL,1964,22.71670913473589,3.1661798265085612
NEW ZEALAND,NZL,1965,22.464828192085815,3.1555026273395765
NEW ZEALAND,NZL,1966,22.501169414481684,3.1570501822303796
NEW ZEALAND,NZL,1967,22.517691331534568,3.1577529605397965
NEW ZEALAND,NZL,1968,22.377303364000223,3.1517656099564126
NEW ZEALAND,NZL,1969,22.483596206960982,3.1563021436647847
NEW ZEALAND,NZL,1970,22.594391726654635,3.1610090450899393
NEW ZEALAND,NZL,1971,22.791537319787164,3.169329942646862
NEW ZEALAND,NZL,1972,22.9816201178997,3.1772877085307107
NEW ZEALAND,NZL,1973,23.272889265254374,3.18936005942904
NEW ZEALAND,NZL,1974,23.35809867008023,3.192864388485199
NEW ZEALAND,NZL,1975,23.277541765046298,3.1895517158039652
NEW ZEALAND,NZL,1976,23.33369089186991,3.1918618465587576
NEW ZEALAND,NZL,1977,23.460669338169943,3.197066494486828
NEW ZEALAND,NZL,1978,23.6426848528183,3.2044800959118236
NEW ZEALAND,NZL,1979,23.754907728469895,3.2090237614168173
NEW ZEALAND,NZL,1980,23.869336420386148,3.213635575528751
NEW ZEALAND,NZL,1981,23.918570724465454,3.215613337718456
NEW ZEALAND,NZL,1982,23.908154715830662,3.2151952484824298
NEW ZEALAND,NZL,1983,23.914123995282747,3.2154348713834717
NEW ZEALAND,NZL,1984,23.799008909305662,3.210803689037932
NEW ZEALAND,NZL,1985,23.9292507456907,3.2160418427593456
NEW ZEALAND,NZL,1986,24.144418394940757,3.2246359393083335
NEW ZEALAND,NZL,1987,24.421510155263025,3.235595672150255
NEW ZEALAND,NZL,1988,24.533849774318558,3.2400050140221364
NEW ZEALAND,NZL,1989,24.505640700726577,3.2388996316524556
NEW ZEALAND,NZL,1990,24.54087111069096,3.2402799577240295
NEW ZEALAND,NZL,1991,24.478525780330123,3.2378359711152984
NEW ZEALAND,NZL,1992,24.452563120548138,3.236816449931239
NEW ZEALAND,NZL,1993,24.568627981438212,3.2413661305087054
NEW ZEALAND,NZL,1994,24.73630511648915,3.247902645496272
NEW ZEALAND,NZL,1995,24.880877855140334,3.2535043892715003
NEW ZEALAND,NZL,1996,24.97377099061255,3.257087220778796
NEW ZEALAND,NZL,1997,24.914058467929983,3.2547856194335245
NEW ZEALAND,NZL,1998,24.752665926328937,3.248538152870339
NEW ZEALAND,NZL,1999,24.796765659701904,3.250249122042038
NEW ZEALAND,NZL,2000,24.68642448151253,3.2459626220470628
NEW ZEALAND,NZL,2001,24.70988460541913,3.246875532952639
NEW ZEALAND,NZL,2002,24.922386683868407,3.2551069460980244
NEW ZEALAND,NZL,2003,25.203449567273353,3.2658910649732844
NEW ZEALAND,NZL,2004,25.366744878972746,3.27210355243382
NEW ZEALAND,NZL,2005,25.465761343069182,3.2758518728186705
NEW ZEALAND,NZL,2006,25.437638445421932,3.274788693499052
NEW ZEALAND,NZL,2007,25.64462498678869,3.2825874412188005
NEW ZEALAND,NZL,2008,25.61460222150791,3.2814600208623816
NEW ZEALAND,NZL,2009,25.522139248341684,3.277979827537292
NEW ZEALAND,NZL,2010,25.71041099326149,3.285053414246523
NEW ZEALAND,NZL,2011,25.84898605391282,3.290228056886618
NEW ZEALAND,NZL,2012,25.894946335520498,3.291938400390272
NEW ZEALAND,NZL,2013,25.975067192413317,3.2949130020553987
NEW ZEALAND,NZL,2014,26.02824871433512,3.296882567746713
NEW ZEALAND,NZL,2015,25.905634725921804,3.292335734037272
NEW ZEALAND,NZL,2016,25.96447413136747,3.2945202267027702
NEW ZEALAND,NZL,2017,26.053890248826356,3.29783081191398
NEW ZEALAND,NZL,2018,26.079128055641526,3.298763248694127
NEW ZEALAND,NZL,2019,26.08383900096582,3.298937203172332
NEW ZEALAND,NZL,2020,26.08313695070516,3.298911281464562
NEW ZEALAND,NZL,2021,26.259197860592014,3.3053910003252502
NEW ZEALAND,NZL,2022,26.23157473629823,3.304377135946254
NEW ZEALAND,NZL,2023,26.25849435785489,3.305365192089115
NICARAGUA,NIC,1988,20.288242874842304,3.058154942612669
NICARAGUA,NIC,1989,20.710245961147045,3.0777843132201754
NICARAGUA,NIC,1990,20.828051595553887,3.083195913053732
NICARAGUA,NIC,1991,21.248416574738094,3.1022708408995774
NICARAGUA,NIC,1992,21.30704448045099,3.1049025245657913
NICARAGUA,NIC,1993,21.37172224306043,3.107797761499668
NICARAGUA,NIC,1994,22.07432638601137,3.1387205875906052
NICARAGUA,NIC,1995,22.142005574800972,3.1416493893495003
NICARAGUA,NIC,1996,22.183762003721956,3.1434521199856924
NICARAGUA,NIC,1997,22.202587225953884,3.1442637908146356
NICARAGUA,NIC,1998,22.256978588008803,3.1466052413190275
NICARAGUA,NIC,1999,22.303482064281653,3.1486027942248453
NICARAGUA,NIC,2000,22.35438379506231,3.150784709322648
NICARAGUA,NIC,2001,22.400692968185602,3.1527656359501948
NICARAGUA,NIC,2002,22.376478780892118,3.1517303365273825
NICARAGUA,NIC,2003,22.395160762303323,3.1525291959467743
NICARAGUA,NIC,2004,22.479907484486095,3.1561450547684062
NICARAGUA,NIC,2005,22.567196353825754,3.159855760098909
NICARAGUA,NIC,2006,22.63483415584981,3.1627216473324835
NICARAGUA,NIC,2007,22.727905968195415,3.1666518224829456
NICARAGUA,NIC,2008,22.862972713345805,3.1723279987391857
NICARAGUA,NIC,2009,22.839362291937253,3.1713380923400987
NICARAGUA,NIC,2010,22.893301029449855,3.1735981279935994
NICARAGUA,NIC,2011,23.003023079564176,3.1781797840639507
NICARAGUA,NIC,2012,23.077680673651454,3.181285298262397
NICARAGUA,NIC,2013,23.11960888982901,3.183025156546299
NICARAGUA,NIC,2014,23.198158688157953,3.1862765430016573
NICARAGUA,NIC,2015,23.269322976792125,3.1892131238732033
NICARAGUA,NIC,2016,23.309985611654394,3.1908871964584367
NICARAGUA,NIC,2017,23.346915300051172,3.192405159781047
NICARAGUA,NIC,2018,23.29015484378474,3.1900711177893464
NICARAGUA,NIC,2019,23.264792728741057,3.1890264408359883
NICARAGUA,NIC,2020,23.263413884470058,3.188969614327547
NICARAGUA,NIC,2021,23.372561119106923,3.1934579552258864
NICARAGUA,NIC,2022,23.473732550404737,3.197600401596793
NICARAGUA,NIC,2023,23.604104256849002,3.2029132687314297
NIGER,NER,1960,19.923706194951844,3.040882783876224
NIGER,NER,1961,20.001277172627205,3.0445832536182516
NIGER,NER,1962,20.09165881050556,3.0488776452859905
NIGER,NER,1963,20.18933342702446,3.053497914825751
NIGER,NER,1964,20.18338276573379,3.053217042516186
NIGER,NER,1965,20.32782557792407,3.060012585323583
NIGER,NER,1966,20.369865637450232,3.0619817818733037
NIGER,NER,1967,20.316179724131405,3.0594663958181796
NIGER,NER,1968,20.278874165305535,3.057714757308167
NIGER,NER,1969,20.25465002068067,3.0565756959344563
NIGER,NER,1970,20.29235463761521,3.0583480710808395
NIGER,NER,1971,20.35736806983743,3.061396788795829
NIGER,NER,1972,20.4259100052945,3.0646009375745913
NIGER,NER,1973,20.66816013212097,3.075843908026835
NIGER,NER,1974,20.749067211114486,3.0795708697697153
NIGER,NER,1975,20.77080849302517,3.080570012500138
NIGER,NER,1976,20.785787576957024,3.0812578111746856
NIGER,NER,1977,20.979037681750913,3.090089166477041
NIGER,NER,1978,21.296708781737166,3.1044390793109464
NIGER,NER,1979,21.469611387291952,3.1121637913121214
NIGER,NER,1980,21.642960656621348,3.119849015837373
NIGER,NER,1981,21.49840463146868,3.1134444014284184
NIGER,NER,1982,21.42518057786484,3.110184460437069
NIGER,NER,1983,21.312772999388166,3.105159294731704
NIGER,NER,1984,21.10255350350578,3.0956931449941703
NIGER,NER,1985,21.088312794255224,3.095048635803173
NIGER,NER,1986,21.367273716503302,3.107598895768492
NIGER,NER,1987,21.52661454375849,3.114697478783979
NIGER,NER,1988,21.547597492606858,3.1156285189249435
NIGER,NER,1989,21.502392122623036,3.113621620120193
NIGER,NER,1990,21.97955301892441,3.1346048213578275
NIGER,NER,1991,21.912875039365165,3.13169898136204
NIGER,NER,1992,21.942983806787844,3.133012173285912
NIGER,NER,1993,21.839283715399215,3.1284820233240307
NIGER,NER,1994,21.384952368134723,3.1083889638432103
NIGER,NER,1995,21.557277639638873,3.1160577473465834
NIGER,NER,1996,21.601101329676588,3.1179986364925227
NIGER,NER,1997,21.55195690691544,3.1158218429779283
NIGER,NER,1998,21.695318003403127,3.122158647857105
NIGER,NER,1999,21.654559389843683,3.120361129236249
NIGER,NER,2000,21.530524072045033,3.1148710152497405
NIGER,NER,2001,21.61882911322069,3.118782706006946
NIGER,NER,2002,21.74650525898329,3.124411518607223
NIGER,NER,2003,21.94529996882555,3.133113121146634
NIGER,NER,2004,22.04780280268761,3.13757044180531
NIGER,NER,2005,22.201071344442628,3.144198456245832
NIGER,NER,2006,22.282748770076893,3.1477126902090315
NIGER,NER,2007,22.469240505436147,3.1556906491107877
NIGER,NER,2008,22.71081139489153,3.165931121123633
NIGER,NER,2009,22.71825608225018,3.1662450504423307
NIGER,NER,2010,22.78393126832559,3.1690101958634
NIGER,NER,2011,22.894939049429677,3.1736666812601673
NIGER,NER,2012,22.966834483123698,3.176670978111861
NIGER,NER,2013,23.048091508298302,3.1800556382386707
NIGER,NER,2014,23.10862315925131,3.182569583936607
NIGER,NER,2015,22.993727237602375,3.1777924310862344
NIGER,NER,2016,23.06496221227547,3.18075693251804
NIGER,NER,2017,23.137848752515097,3.183781096226746
NIGER,NER,2018,23.27562141671433,3.1894726128904938
NIGER,NER,2019,23.279683173957068,3.1896399172576047
NIGER,NER,2020,23.343915720199153,3.1922819505528226
NIGER,NER,2021,23.425633418243248,3.19563313078576
NIGER,NER,2022,23.459829161868797,3.197032145846606
NIGER,NER,2023,23.54578516926213,3.200540155968114
NIGERIA,NGA,1960,22.157439114206333,3.142316072938501
NIGERIA,NGA,1961,22.22004732610575,3.1450160144289843
NIGERIA,NGA,1962,22.314417403900848,3.1490719419103703
NIGERIA,NGA,1963,22.365285212516948,3.151251382905062
NIGERIA,NGA,1964,22.43759179082892,3.154341220131661
NIGERIA,NGA,1965,22.493893196038936,3.156740523381271
NIGERIA,NGA,1966,22.574381273115257,3.160160583132283
NIGERIA,NGA,1967,22.372546945425118,3.1515621261565703
NIGERIA,NGA,1968,22.372116351737425,3.1515437029331546
NIGERIA,NGA,1969,22.61552161266617,3.161904191296652
NIGERIA,NGA,1970,23.25267529725722,3.188526932834899
NIGERIA,NGA,1971,22.940485823812597,3.175570993316258
NIGERIA,NGA,1972,23.23078293457043,3.187623846917637
NIGERIA,NGA,1973,23.44211559811405,3.19630769349133
NIGERIA,NGA,1974,23.935988422129974,3.2163120781615104
NIGERIA,NGA,1975,24.04754382309435,3.2207757717492855
NIGERIA,NGA,1976,24.315328265874644,3.2314100725854638
NIGERIA,NGA,1977,24.307767839961784,3.231111377857142
NIGERIA,NGA,1978,24.32134115451674,3.2316475640610753
NIGERIA,NGA,1979,24.57892824442652,3.241768897087897
NIGERIA,NGA,1980,24.885296899631488,3.253675120237148
NIGERIA,NGA,1981,25.82602569376438,3.289372524272789
NIGERIA,NGA,1982,25.68449632121652,3.28408273462994
NIGERIA,NGA,1983,25.298954809141,3.26952919729672
NIGERIA,NGA,1984,25.020338424894998,3.2588784793370182
NIGERIA,NGA,1985,25.023890168299623,3.2590149687617305
NIGERIA,NGA,1986,24.72706282411955,3.247543466031779
NIGERIA,NGA,1987,24.687426576813294,3.2460016339287985
NIGERIA,NGA,1988,24.628233420124367,3.2436946117470176
NIGERIA,NGA,1989,24.507525039090215,3.238973508203231
NIGERIA,NGA,1990,24.712912541456415,3.24699329924342
NIGERIA,NGA,1991,24.80969302955661,3.250750120190465
NIGERIA,NGA,1992,24.67562781185006,3.2455422077785743
NIGERIA,NGA,1993,24.76141125571345,3.248877684507007
NIGERIA,NGA,1994,25.110275200478412,3.262328922696794
NIGERIA,NGA,1995,25.6714566078633,3.2835939526704028
NIGERIA,NGA,1996,25.947561117575475,3.2938927966950273
NIGERIA,NGA,1997,26.025826177427025,3.296792933915607
NIGERIA,NGA,1998,26.109668256970473,3.2998904265109688
NIGERIA,NGA,1999,24.803259195490288,3.2505008093557897
NIGERIA,NGA,2000,24.95985406570918,3.256551270314279
NIGERIA,NGA,2001,25.021337873343455,3.258916888877973
NIGERIA,NGA,2002,25.27771161199365,3.2687211126557814
NIGERIA,NGA,2003,25.374736941637025,3.272406617969697
NIGERIA,NGA,2004,25.634189310282203,3.2821957028973827
NIGERIA,NGA,2005,25.891876316512153,3.2918242453292255
NIGERIA,NGA,2006,26.197446438323556,3.303123087950873
NIGERIA,NGA,2007,26.35182480855289,3.308783247247494
NIGERIA,NGA,2008,26.550669903028712,3.3160268512027056
NIGERIA,NGA,2009,26.410271143281783,3.3109178023957124
NIGERIA,NGA,2010,26.628601573295057,3.3188515250339443
NIGERIA,NGA,2011,26.75025841463781,3.323245152388285
NIGERIA,NGA,2012,26.86308792653071,3.327302799486429
NIGERIA,NGA,2013,26.97731996989263,3.3313941808718144
NIGERIA,NGA,2014,27.076215327346617,3.334922788284078
NIGERIA,NGA,2015,26.923829132852337,3.32948041508257
NIGERIA,NGA,2016,26.726286171146405,3.32238092246328
NIGERIA,NGA,2017,26.652178504379698,3.3197045134498473
NIGERIA,NGA,2018,26.76765307259208,3.32387178469694
NIGERIA,NGA,2019,26.885564315949182,3.3281091468950996
NIGERIA,NGA,2020,26.792151732352817,3.3247536690532478
NIGERIA,NGA,2021,26.81194554865081,3.3254656243983387
NIGERIA,NGA,2022,26.881567246315967,3.327965798312231
NIGERIA,NGA,2023,26.617158766289894,3.3184372739819734
NORTH AMERICA,NAC,1960,27.090829882025933,3.335443184361695
NORTH AMERICA,NAC,1961,27.125295387507368,3.33666936313636
NORTH AMERICA,NAC,1962,27.19417334624797,3.3391153376680593
NORTH AMERICA,NAC,1963,27.248728328086035,3.3410484416442396
NORTH AMERICA,NAC,1964,27.32144218240072,3.3436191920487093
NORTH AMERICA,NAC,1965,27.403704634536997,3.3465195815380304
NORTH AMERICA,NAC,1966,27.4968259000515,3.349792709144274
NORTH AMERICA,NAC,1967,27.55374265125667,3.351788018622648
NORTH AMERICA,NAC,1968,27.643368406436856,3.354921947133295
NORTH AMERICA,NAC,1969,27.723607665962597,3.3577193514012245
NORTH AMERICA,NAC,1970,27.780889690012554,3.3597116144634307
NORTH AMERICA,NAC,1971,27.865830400995087,3.3626585565382094
NORTH AMERICA,NAC,1972,27.962343865867734,3.3659964988373683
NORTH AMERICA,NAC,1973,28.074045200581487,3.3698458586765674
NORTH AMERICA,NAC,1974,28.165468411113473,3.3729854208039893
NORTH AMERICA,NAC,1975,28.251419500254705,3.375928102423565
NORTH AMERICA,NAC,1976,28.36390325843938,3.379766139679676
NORTH AMERICA,NAC,1977,28.46157885753412,3.383087002861625
NORTH AMERICA,NAC,1978,28.5754888579008,3.3869459391581302
NORTH AMERICA,NAC,1979,28.685939694915987,3.3906735227687235
NORTH AMERICA,NAC,1980,28.772915368029537,3.393599099961788
NORTH AMERICA,NAC,1981,28.888068249352237,3.3974593455473125
NORTH AMERICA,NAC,1982,28.92827175645799,3.398803577346038
NORTH AMERICA,NAC,1983,29.01149700179972,3.401580541640319
NORTH AMERICA,NAC,1984,29.111560794654466,3.4049091775717844
NORTH AMERICA,NAC,1985,29.17990286310536,3.407176234749545
NORTH AMERICA,NAC,1986,29.232388819051586,3.4089138271397808
NORTH AMERICA,NAC,1987,29.296772391367007,3.411041185104418
NORTH AMERICA,NAC,1988,29.379739659736433,3.4137759276686452
NORTH AMERICA,NAC,1989,29.45722927215413,3.4163233804982
NORTH AMERICA,NAC,1990,29.51213549039542,3.4181244894091445
NORTH AMERICA,NAC,1991,29.54386064074834,3.4191637043992644
NORTH AMERICA,NAC,1992,29.59342228868287,3.4207850279653966
NORTH AMERICA,NAC,1993,29.637815741658883,3.4222350545264275
NORTH AMERICA,NAC,1994,29.693958142686103,3.4240658320550326
NORTH AMERICA,NAC,1995,29.740960441206447,3.425595981643395
NORTH AMERICA,NAC,1996,29.795082418895632,3.427355015508071
NORTH AMERICA,NAC,1997,29.85407281943388,3.4292687617164073
NORTH AMERICA,NAC,1998,29.90314161461925,3.430857849111645
NORTH AMERICA,NAC,1999,29.964417491460903,3.432838722375873
NORTH AMERICA,NAC,2000,30.02884417111307,3.4349172290109156
NORTH AMERICA,NAC,2001,30.057997696170023,3.435856349968684
NORTH AMERICA,NAC,2002,30.090070886142865,3.4368885040983903
NORTH AMERICA,NAC,2003,30.145177229797167,3.4386594091634186
NORTH AMERICA,NAC,2004,30.21489571297402,3.4408954075814573
NORTH AMERICA,NAC,2005,30.285471767721177,3.443153829014468
NORTH AMERICA,NAC,2006,30.348426871012226,3.4451640862668547
NORTH AMERICA,NAC,2007,30.400468371912698,3.446822809105913
NORTH AMERICA,NAC,2008,30.424014716104693,3.447572400479758
NORTH AMERICA,NAC,2009,30.394780230543887,3.4466416443996346
NORTH AMERICA,NAC,2010,30.444808695276134,3.4482339041886356
NORTH AMERICA,NAC,2011,30.48745519052931,3.44958921859012
NORTH AMERICA,NAC,2012,30.526309360822584,3.45082241503518
NORTH AMERICA,NAC,2013,30.561347621879975,3.4519331953790946
NORTH AMERICA,NAC,2014,30.597340122771843,3.453072943720088
NORTH AMERICA,NAC,2015,30.619637247558373,3.4537783594687883
NORTH AMERICA,NAC,2016,30.643601049911695,3.4545359496315555
NORTH AMERICA,NAC,2017,30.688248689101687,3.455945908341764
NORTH AMERICA,NAC,2018,30.739594061524322,3.4575649255244896
NORTH AMERICA,NAC,2019,30.77829539748251,3.4587835220829404
NORTH AMERICA,NAC,2020,30.76588565004102,3.458392935647025
NORTH AMERICA,NAC,2021,30.873956759594442,3.4617892738322187
NORTH AMERICA,NAC,2022,30.96012866938796,3.464489146840782
NORTH AMERICA,NAC,2023,31.015726451399093,3.466227233683159
NORTH MACEDONIA,MKD,1990,22.27075316051897,3.1471973429493865
NORTH MACEDONIA,MKD,1991,22.320383264992472,3.1493277963812205
NORTH MACEDONIA,MKD,1992,21.61397178857714,3.1185679359920284
NORTH MACEDONIA,MKD,1993,21.709998963952973,3.1228053104967253
NORTH MACEDONIA,MKD,1994,21.992916443178498,3.135186187761975
NORTH MACEDONIA,MKD,1995,22.272325376731192,3.1472649025635
NORTH MACEDONIA,MKD,1996,22.258415723915032,3.146667033159254
NORTH MACEDONIA,MKD,1997,22.087566625599912,3.139294231307872
NORTH MACEDONIA,MKD,1998,22.049211559952326,3.1376315632156495
NORTH MACEDONIA,MKD,1999,22.074870219658603,3.1387441560896154
NORTH MACEDONIA,MKD,2000,22.051098915503896,3.1377134435992375
NORTH MACEDONIA,MKD,2001,22.034199603811313,3.1369800508257066
NORTH MACEDONIA,MKD,2002,22.11414112632678,3.140444600199003
NORTH MACEDONIA,MKD,2003,22.32190497171322,3.1493930464698767
NORTH MACEDONIA,MKD,2004,22.46070717344935,3.155326986566809
NORTH MACEDONIA,MKD,2005,22.557222813871206,3.1594324746651736
NORTH MACEDONIA,MKD,2006,22.649152121518302,3.1633272631966842
NORTH MACEDONIA,MKD,2007,22.843906298948585,3.1715286835960828
NORTH MACEDONIA,MKD,2008,23.01676502125242,3.1787521290328424
NORTH MACEDONIA,MKD,2009,22.964160277817175,3.1765593924741067
NORTH MACEDONIA,MKD,2010,22.964738035584748,3.1765835014266566
NORTH MACEDONIA,MKD,2011,23.074129226713314,3.181137787838513
NORTH MACEDONIA,MKD,2012,23.000046983356395,3.1780557879858793
NORTH MACEDONIA,MKD,2013,23.104449735325616,3.1823964597739867
NORTH MACEDONIA,MKD,2014,23.153563636415072,3.1844319317967695
NORTH MACEDONIA,MKD,2015,23.03228220116661,3.1793980182377544
NORTH MACEDONIA,MKD,2016,23.090933091399528,3.1818355494341284
NORTH MACEDONIA,MKD,2017,23.14869377157608,3.18423029050227
NORTH MACEDONIA,MKD,2018,23.263533721532053,3.1889745533178573
NORTH MACEDONIA,MKD,2019,23.257465575887853,3.188724428804195
NORTH MACEDONIA,MKD,2020,23.237815178162737,3.18791402422482
NORTH MACEDONIA,MKD,2021,23.362343439714408,3.193038638531426
NORTH MACEDONIA,MKD,2022,23.341498522525438,3.1921826519142753
NORTH MACEDONIA,MKD,2023,23.41527046305438,3.195208775193588
NORTHERN MARIANA ISLANDS,MNP,2002,20.973246042214182,3.089825624331808
NORTHERN MARIANA ISLANDS,MNP,2003,20.937570439593415,3.0882007121425668
NORTHERN MARIANA ISLANDS,MNP,2004,20.91388619655506,3.087120508785226
NORTHERN MARIANA ISLANDS,MNP,2005,20.78247769657826,3.0811058712080905
NORTHERN MARIANA ISLANDS,MNP,2006,20.71321550109291,3.0779210844424827
NORTHERN MARIANA ISLANDS,MNP,2007,20.659260506970497,3.075433100037605
NORTHERN MARIANA ISLANDS,MNP,2008,20.66032603717254,3.0754822939605972
NORTHERN MARIANA ISLANDS,MNP,2009,20.493852672618605,3.067766972046285
NORTHERN MARIANA ISLANDS,MNP,2010,20.49887150373055,3.0680004455574843
NORTHERN MARIANA ISLANDS,MNP,2011,20.407184289972932,3.0637265801730234
NORTHERN MARIANA ISLANDS,MNP,2012,20.430236158168036,3.0648028294046092
NORTHERN MARIANA ISLANDS,MNP,2013,20.464495107989052,3.066400179759497
NORTHERN MARIANA ISLANDS,MNP,2014,20.539342998785482,3.0698811698139217
NORTHERN MARIANA ISLANDS,MNP,2015,20.62895515747517,3.0740329335497414
NORTHERN MARIANA ISLANDS,MNP,2016,20.930280006330737,3.0878683305348202
NORTHERN MARIANA ISLANDS,MNP,2017,21.16795165820786,3.0986476268567413
NORTHERN MARIANA ISLANDS,MNP,2018,20.98639903647678,3.0904240365633697
NORTHERN MARIANA ISLANDS,MNP,2019,20.889627374161638,3.0860128887385203
NORTHERN MARIANA ISLANDS,MNP,2020,20.570114657452237,3.0713087759850937
NORWAY,NOR,1960,22.37142409148709,3.1515140834287774
NORWAY,NOR,1961,22.45840014018883,3.155228645682062
NORWAY,NOR,1962,22.532714087904157,3.1583915419397304
NORWAY,NOR,1963,22.603229927778536,3.1613835640134527
NORWAY,NOR,1964,22.698252303184265,3.1654013029402983
NORWAY,NOR,1965,22.816603585204785,3.170382967077448
NORWAY,NOR,1966,22.89276975217137,3.173575892339158
NORWAY,NOR,1967,22.982670286533477,3.177331498134397
NORWAY,NOR,1968,23.048305641784854,3.1800645425849106
NORWAY,NOR,1969,23.133465772278342,3.183599498510092
NORWAY,NOR,1970,23.273813767988266,3.1893981465771364
NORWAY,NOR,1971,23.403130178574003,3.1947114100783414
NORWAY,NOR,1972,23.577354522798316,3.201825471120208
NORWAY,NOR,1973,23.838302375294955,3.212386912350401
NORWAY,NOR,1974,24.024484263385336,3.219854716133188
NORWAY,NOR,1975,24.21606365308227,3.227481237985507
NORWAY,NOR,1976,24.305179896226406,3.2310091137585903
NORWAY,NOR,1977,24.44915274982754,3.236682451669397
NORWAY,NOR,1978,24.563210506886257,3.2411542283071655
NORWAY,NOR,1979,24.69604982428499,3.2463372767523917
NORWAY,NOR,1980,24.888990818797406,3.253817813428497
NORWAY,NOR,1981,24.875826707809594,3.2533092011354148
NORWAY,NOR,1982,24.860784753322484,3.252727719106108
NORWAY,NOR,1983,24.844369831018877,3.2520927757242712
NORWAY,NOR,1984,24.851334543969912,3.2523622260810225
NORWAY,NOR,1985,24.904046164773327,3.2543991790821365
NORWAY,NOR,1986,25.088821543107876,3.2615069292173327
NORWAY,NOR,1987,25.269003454718252,3.268389668250777
NORWAY,NOR,1988,25.347260337095484,3.2713642975551687
NORWAY,NOR,1989,25.35443445954706,3.2716365515129806
NORWAY,NOR,1990,25.509021432326126,3.2774851064670854
NORWAY,NOR,1991,25.526240961809957,3.278134468016801
NORWAY,NOR,1992,25.597226059892535,3.2808069268870685
NORWAY,NOR,1993,25.51557274911067,3.2777322113028324
NORWAY,NOR,1994,25.568486400433212,3.2797257916617992
NORWAY,NOR,1995,25.74734115674438,3.286435072392349
NORWAY,NOR,1996,25.82020181146808,3.2891554024884617
NORWAY,NOR,1997,25.80688285710037,3.2886586775695563
NORWAY,NOR,1998,25.76171274543519,3.2869722371518924
NORWAY,NOR,1999,25.813227927258158,3.2888953451218828
NORWAY,NOR,2000,25.8675995210155,3.2909210818675785
NORWAY,NOR,2001,25.883695789001695,3.29151999835413
NORWAY,NOR,2002,26.00094597615651,3.295871901544522
NORWAY,NOR,2003,26.15866969759985,3.301696321284735
NORWAY,NOR,2004,26.304008970017506,3.307033540128286
NORWAY,NOR,2005,26.459769034437894,3.312721989322584
NORWAY,NOR,2006,26.572346093287155,3.316813317290743
NORWAY,NOR,2007,26.721316797155353,3.3222016766983296
NORWAY,NOR,2008,26.865125921848843,3.327375940008197
NORWAY,NOR,2009,26.68421035156787,3.320862227259082
NORWAY,NOR,2010,26.789494903352736,3.324658068107147
NORWAY,NOR,2011,26.940591339218948,3.330080518215405
NORWAY,NOR,2012,26.96310749399396,3.3308860518907246
NORWAY,NOR,2013,26.988594555171062,3.3317970898755047
NORWAY,NOR,2014,26.94134086229196,3.3301073434536717
NORWAY,NOR,2015,26.684682206120335,3.320879271289789
NORWAY,NOR,2016,26.639350770373866,3.3192405098527593
NORWAY,NOR,2017,26.719084080537215,3.3221211319481476
NORWAY,NOR,2018,26.80956005271309,3.3253798483693227
NORWAY,NOR,2019,26.736352044408996,3.322743900990698
NORWAY,NOR,2020,26.630352134304022,3.3189148834905233
NORWAY,NOR,2021,26.944587322135217,3.3302235251098553
NORWAY,NOR,2022,27.10968539645323,3.3361141929829268
NORWAY,NOR,2023,26.90847255273342,3.3289303184523917
OECD MEMBERS,OED,1960,27.690482646286426,3.3565654526571542
OECD MEMBERS,OED,1961,27.75488437999122,3.3588076442913923
OECD MEMBERS,OED,1962,27.833102481812123,3.3615241188265323
OECD MEMBERS,OED,1963,27.906751717933243,3.3640751912905738
OECD MEMBERS,OED,1964,27.996878925815604,3.367188200946939
OECD MEMBERS,OED,1965,28.07979918956842,3.370043747193347
OECD MEMBERS,OED,1966,28.170382459363086,3.3731538951876803
OECD MEMBERS,OED,1967,28.236970760611676,3.375434030356527
OECD MEMBERS,OED,1968,28.318270035987382,3.3782108724123443
OECD MEMBERS,OED,1969,28.415430275293065,3.3815193759603464
OECD MEMBERS,OED,1970,28.506661619466616,3.3846160554618536
OECD MEMBERS,OED,1971,28.609095641741362,3.388081599321554
OECD MEMBERS,OED,1972,28.758894330172584,3.39312805639072
OECD MEMBERS,OED,1973,28.949909993735442,3.399526319339428
OECD MEMBERS,OED,1974,29.06477561796268,3.4033542412327717
OECD MEMBERS,OED,1975,29.178827359308393,3.4071405976911406
OECD MEMBERS,OED,1976,29.259142544580587,3.4097983716923914
OECD MEMBERS,OED,1977,29.379276257573757,3.4137606738941826
OECD MEMBERS,OED,1978,29.564739349797836,3.4198470357099198
OECD MEMBERS,OED,1979,29.708377082015854,3.4245354864921813
OECD MEMBERS,OED,1980,29.813386053778935,3.4279492076987097
OECD MEMBERS,OED,1981,29.831506143385013,3.4285370938797737
OECD MEMBERS,OED,1982,29.815987659899225,3.4280336351710354
OECD MEMBERS,OED,1983,29.8490997996116,3.4291075700103097
OECD MEMBERS,OED,1984,29.893197684155282,3.4305360199980557
OECD MEMBERS,OED,1985,29.944568446550424,3.432197489272476
OECD MEMBERS,OED,1986,30.136708208213953,3.438387451383854
OECD MEMBERS,OED,1987,30.283517926149482,3.4430913750230614
OECD MEMBERS,OED,1988,30.403422530415998,3.44691688475833
OECD MEMBERS,OED,1989,30.448541830357456,3.4483526173770573
OECD MEMBERS,OED,1990,30.567373404652397,3.452124100016247
OECD MEMBERS,OED,1991,30.624438951672303,3.4539302062317336
OECD MEMBERS,OED,1992,30.697432997845763,3.4562356996184027
OECD MEMBERS,OED,1993,30.712739019092346,3.456718461959428
OECD MEMBERS,OED,1994,30.779373021763362,3.4588174322092167
OECD MEMBERS,OED,1995,30.8767840563573,3.4618779723078292
OECD MEMBERS,OED,1996,30.88524046314828,3.4621432213147196
OECD MEMBERS,OED,1997,30.870002469107323,3.4616652059035853
OECD MEMBERS,OED,1998,30.880423455159807,3.4619921366179836
OECD MEMBERS,OED,1999,30.929488579395986,3.4635299896675065
OECD MEMBERS,OED,2000,30.951356035835314,3.4642146223590493
OECD MEMBERS,OED,2001,30.94212434862329,3.4639256511769907
OECD MEMBERS,OED,2002,30.98448721463613,3.465251010715938
OECD MEMBERS,OED,2003,31.09629929505315,3.468740736731472
OECD MEMBERS,OED,2004,31.20361522795511,3.4720787204081875
OECD MEMBERS,OED,2005,31.259305191627586,3.473806534697843
OECD MEMBERS,OED,2006,31.312832733093984,3.4754644495647673
OECD MEMBERS,OED,2007,31.40340901211113,3.4782636336866073
OECD MEMBERS,OED,2008,31.463408774554598,3.4801135711924696
OECD MEMBERS,OED,2009,31.396491502406665,3.47805012997207
OECD MEMBERS,OED,2010,31.444266925546298,3.4795237534442056
OECD MEMBERS,OED,2011,31.51713589129176,3.4817672085775233
OECD MEMBERS,OED,2012,31.516224361665802,3.4817391758994494
OECD MEMBERS,OED,2013,31.530165556305604,3.4821678298146272
OECD MEMBERS,OED,2014,31.550752473007496,3.4828004858376813
OECD MEMBERS,OED,2015,31.49252259814747,3.4810099889614765
OECD MEMBERS,OED,2016,31.511771268626976,3.481602216640514
OECD MEMBERS,OED,2017,31.555184387787747,3.4829366305581413
OECD MEMBERS,OED,2018,31.611188168208123,3.4846554248384183
OECD MEMBERS,OED,2019,31.620986356013542,3.484955834504371
OECD MEMBERS,OED,2020,31.59853363499059,3.484267306839247
OECD MEMBERS,OED,2021,31.706859544963596,3.4875848279213697
OECD MEMBERS,OED,2022,31.72819655023637,3.4882369861772737
OECD MEMBERS,OED,2023,31.791447785054363,3.49016774313143
OMAN,OMN,1965,17.96307948142375,2.9424939035445066
OMAN,OMN,1966,18.03148220830815,2.9460945662575084
OMAN,OMN,1967,18.48975738183422,2.969889065101004
OMAN,OMN,1968,19.056621650741853,2.9985593561246295
OMAN,OMN,1969,19.296148681306587,3.01043114791592
OMAN,OMN,1970,19.36193642184459,3.0136672962876623
OMAN,OMN,1971,19.522655995194203,3.0215294463903066
OMAN,OMN,1972,19.720555048711546,3.0311262050977175
OMAN,OMN,1973,19.995665898919437,3.044316030657209
OMAN,OMN,1974,21.221563984424424,3.1010631680722147
OMAN,OMN,1975,21.463630130481963,3.1118975627186223
OMAN,OMN,1976,21.66335904281552,3.120749481278301
OMAN,OMN,1977,21.731650654492583,3.123758255311005
OMAN,OMN,1978,21.731333747535608,3.123744313993199
OMAN,OMN,1979,22.04057249655523,3.137256683459751
OMAN,OMN,1980,22.511980722452595,3.1575101092137876
OMAN,OMN,1981,22.705524467054563,3.1657081208532505
OMAN,OMN,1982,22.745438298388468,3.167390440385728
OMAN,OMN,1983,22.794239337101892,3.1694435067203086
OMAN,OMN,1984,22.90045131613424,3.1738973422794348
OMAN,OMN,1985,23.02641531269261,3.1791538631188416
OMAN,OMN,1986,22.714445315647083,3.1660843694564713
OMAN,OMN,1987,22.778822273951295,3.1687953641300184
OMAN,OMN,1988,22.849855226451144,3.1717781471461635
OMAN,OMN,1989,22.961010672778,3.176427954026158
OMAN,OMN,1990,23.181575699979206,3.1855910084885846
OMAN,OMN,1991,23.151732853750783,3.184356131302903
OMAN,OMN,1992,23.24516922891327,3.1882173904840085
OMAN,OMN,1993,23.24844296378724,3.1883524076432144
OMAN,OMN,1994,23.281953759915105,3.1897334308252296
OMAN,OMN,1995,23.348122873688578,3.192454757180821
OMAN,OMN,1996,23.449664230978104,3.196616482942253
OMAN,OMN,1997,23.485643303527876,3.198086958181732
OMAN,OMN,1998,23.36210276330382,3.19302875944898
OMAN,OMN,1999,23.470117187354546,3.1974526664645495
OMAN,OMN,2000,23.694062410824497,3.206562826510322
OMAN,OMN,2001,23.69121575622844,3.2064475429802957
OMAN,OMN,2002,23.72611055930418,3.2078597929532138
OMAN,OMN,2003,23.797518499686806,3.2107435876680515
OMAN,OMN,2004,23.93264522803861,3.2161779981255574
OMAN,OMN,2005,24.159894442680425,3.2252512363814843
OMAN,OMN,2006,24.339998694142032,3.232384123359528
OMAN,OMN,2007,24.46296623593704,3.237225092075007
OMAN,OMN,2008,24.832588540261366,3.2516368165760188
OMAN,OMN,2009,24.602525200049772,3.2426909872477943
OMAN,OMN,2010,24.897553071829712,3.2541484882512237
OMAN,OMN,2011,25.073511892265618,3.2609199289712323
OMAN,OMN,2012,25.19386228900722,3.2655251195446557
OMAN,OMN,2013,25.22236437455108,3.2666126487380853
OMAN,OMN,2014,25.252624489911412,3.2677659646079626
OMAN,OMN,2015,25.08904612703209,3.2615155376152702
OMAN,OMN,2016,25.042468993909107,3.2597286282799667
OMAN,OMN,2017,25.115944252057382,3.262546018694194
OMAN,OMN,2018,25.239668760795254,3.267272340550909
OMAN,OMN,2019,25.20129398350721,3.2658087982309514
OMAN,OMN,2020,25.05280633001142,3.2601254909963537
OMAN,OMN,2021,25.2027818363347,3.2658655820900164
OMAN,OMN,2022,25.465301253959534,3.2758344883534023
OMAN,OMN,2023,25.407177494250067,3.273635847983219
OTHER SMALL STATES,OSS,1975,22.679847512979702,3.164624370509417
OTHER SMALL STATES,OSS,1976,22.861146313412238,3.172251458827221
OTHER SMALL STATES,OSS,1977,23.077545222206346,3.181279672644716
OTHER SMALL STATES,OSS,1978,23.232308962367195,3.187686823823878
OTHER SMALL STATES,OSS,1979,23.454982681181512,3.19683398579976
OTHER SMALL STATES,OSS,1980,23.76972123289946,3.209621989215067
OTHER SMALL STATES,OSS,1981,23.767862855467783,3.2095469602257953
OTHER SMALL STATES,OSS,1982,23.754335857204904,3.2090006598210907
OTHER SMALL STATES,OSS,1983,23.708924561951566,3.2071644966718287
OTHER SMALL STATES,OSS,1984,23.72225075560576,3.207703678428744
OTHER SMALL STATES,OSS,1985,23.704484857435915,3.206984800327061
OTHER SMALL STATES,OSS,1986,23.7557443154149,3.209057555637275
OTHER SMALL STATES,OSS,1987,23.96246316608627,3.2173732231709407
OTHER SMALL STATES,OSS,1988,24.059890276537786,3.221268571028081
OTHER SMALL STATES,OSS,1989,24.08121588537324,3.2221191948676293
OTHER SMALL STATES,OSS,1990,24.24640541195288,3.228683785664575
OTHER SMALL STATES,OSS,1991,24.303378892901172,3.2309379398951537
OTHER SMALL STATES,OSS,1992,24.39457057600699,3.2345353943251207
OTHER SMALL STATES,OSS,1993,24.373307341845567,3.2336977293969484
OTHER SMALL STATES,OSS,1994,24.428006873821047,3.2358511993990056
OTHER SMALL STATES,OSS,1995,24.578251825409275,3.2417424523535954
OTHER SMALL STATES,OSS,1996,24.618555260306742,3.2433169037898213
OTHER SMALL STATES,OSS,1997,24.626211356386086,3.2436157087856006
OTHER SMALL STATES,OSS,1998,24.647088684575646,3.244430063598989
OTHER SMALL STATES,OSS,1999,24.690533115450584,3.246122562772983
OTHER SMALL STATES,OSS,2000,24.746999012511388,3.248318077114617
OTHER SMALL STATES,OSS,2001,24.75047498781695,3.248453073068431
OTHER SMALL STATES,OSS,2002,24.837352998334378,3.2518212355223017
OTHER SMALL STATES,OSS,2003,25.04375511110148,3.259778012439204
OTHER SMALL STATES,OSS,2004,25.215065405983413,3.266334261004539
OTHER SMALL STATES,OSS,2005,25.338800393640465,3.271043152136043
OTHER SMALL STATES,OSS,2006,25.45096955046311,3.275292813604635
OTHER SMALL STATES,OSS,2007,25.633315735205876,3.2821629033481767
OTHER SMALL STATES,OSS,2008,25.72693687311443,3.2856719284894496
OTHER SMALL STATES,OSS,2009,25.586093348417332,3.280388272626234
OTHER SMALL STATES,OSS,2010,25.651780294980142,3.2828559511941586
OTHER SMALL STATES,OSS,2011,25.77992180376464,3.287652420309721
OTHER SMALL STATES,OSS,2012,25.77256323387732,3.287377603186726
OTHER SMALL STATES,OSS,2013,25.815864683886154,3.2889936781908102
OTHER SMALL STATES,OSS,2014,25.84659280586519,3.290138915542022
OTHER SMALL STATES,OSS,2015,25.7453147374177,3.286359307998386
OTHER SMALL STATES,OSS,2016,25.793428053548634,3.2881566355624954
OTHER SMALL STATES,OSS,2017,25.899288149109047,3.292099823399246
OTHER SMALL STATES,OSS,2018,25.990350660227055,3.295479419173268
OTHER SMALL STATES,OSS,2019,25.998531135364846,3.2957824621305707
OTHER SMALL STATES,OSS,2020,25.906088857747466,3.2923526125832625
OTHER SMALL STATES,OSS,2021,26.06083720663611,3.298087561164122
OTHER SMALL STATES,OSS,2022,26.13192240385632,3.3007109831304704
OTHER SMALL STATES,OSS,2023,26.180303638214987,3.30249258004452
PACIFIC ISLAND SMALL STATES,PSS,1970,19.871278692249742,3.038373988606071
PACIFIC ISLAND SMALL STATES,PSS,1971,19.989743581990222,3.044033917559268
PACIFIC ISLAND SMALL STATES,PSS,1972,20.160299640856252,3.0521267676108312
PACIFIC ISLAND SMALL STATES,PSS,1973,20.453462736459613,3.065886065280312
PACIFIC ISLAND SMALL STATES,PSS,1974,20.767508303926842,3.0804184132033603
PACIFIC ISLAND SMALL STATES,PSS,1975,20.86115314727121,3.08471123283335
PACIFIC ISLAND SMALL STATES,PSS,1976,20.85917407195673,3.0846206994159804
PACIFIC ISLAND SMALL STATES,PSS,1977,20.90910212136968,3.0869021724559147
PACIFIC ISLAND SMALL STATES,PSS,1978,21.04560345706068,3.0931131923096222
PACIFIC ISLAND SMALL STATES,PSS,1979,21.23073790191868,3.101475921393649
PACIFIC ISLAND SMALL STATES,PSS,1980,21.360087384980297,3.1072775563731927
PACIFIC ISLAND SMALL STATES,PSS,1981,21.394114713847237,3.108798188350885
PACIFIC ISLAND SMALL STATES,PSS,1982,21.378301167341913,3.108091791483454
PACIFIC ISLAND SMALL STATES,PSS,1983,21.33474986271159,3.1061437554000477
PACIFIC ISLAND SMALL STATES,PSS,1984,21.38502941861476,3.1083924059031336
PACIFIC ISLAND SMALL STATES,PSS,1985,21.345064265146135,3.106605458422726
PACIFIC ISLAND SMALL STATES,PSS,1986,21.431509692112208,3.1104666530933383
PACIFIC ISLAND SMALL STATES,PSS,1987,21.409550334369712,3.109487222210796
PACIFIC ISLAND SMALL STATES,PSS,1988,21.439392665171578,3.11081801545631
PACIFIC ISLAND SMALL STATES,PSS,1989,21.48067147671369,3.1126558945399654
PACIFIC ISLAND SMALL STATES,PSS,1990,21.592585103986927,3.117621759700099
PACIFIC ISLAND SMALL STATES,PSS,1991,21.6513921493337,3.1202213135869785
PACIFIC ISLAND SMALL STATES,PSS,1992,21.744707692697062,3.124332489442225
PACIFIC ISLAND SMALL STATES,PSS,1993,21.793611209839938,3.1264802865994716
PACIFIC ISLAND SMALL STATES,PSS,1994,21.951398766485845,3.13337888308003
PACIFIC ISLAND SMALL STATES,PSS,1995,22.03334570373034,3.1369429791703634
PACIFIC ISLAND SMALL STATES,PSS,1996,22.102468143349828,3.139939457852577
PACIFIC ISLAND SMALL STATES,PSS,1997,22.104951207103614,3.1400469325305003
PACIFIC ISLAND SMALL STATES,PSS,1998,21.956481666330543,3.1336003221801385
PACIFIC ISLAND SMALL STATES,PSS,1999,22.04351608474778,3.1373844320292537
PACIFIC ISLAND SMALL STATES,PSS,2000,21.96112474709688,3.133802557494425
PACIFIC ISLAND SMALL STATES,PSS,2001,21.94465359244718,3.133084950432643
PACIFIC ISLAND SMALL STATES,PSS,2002,21.99213203494928,3.1351520719675916
PACIFIC ISLAND SMALL STATES,PSS,2003,22.16774561082464,3.1427610359472635
PACIFIC ISLAND SMALL STATES,PSS,2004,22.307739092576394,3.1487854553180723
PACIFIC ISLAND SMALL STATES,PSS,2005,22.412022918991966,3.1532496903705747
PACIFIC ISLAND SMALL STATES,PSS,2006,22.46034365118171,3.15531149150601
PACIFIC ISLAND SMALL STATES,PSS,2007,22.557310235913295,3.159436185708728
PACIFIC ISLAND SMALL STATES,PSS,2008,22.625797494007223,3.1623392291701675
PACIFIC ISLAND SMALL STATES,PSS,2009,22.522165670693497,3.15794319662713
PACIFIC ISLAND SMALL STATES,PSS,2010,22.61737672443895,3.1619827429773255
PACIFIC ISLAND SMALL STATES,PSS,2011,22.771547496266418,3.1684893821670266
PACIFIC ISLAND SMALL STATES,PSS,2012,22.829802778563757,3.170937014893598
PACIFIC ISLAND SMALL STATES,PSS,2013,22.868569617346516,3.1725625146904024
PACIFIC ISLAND SMALL STATES,PSS,2014,22.952207316297944,3.1760604831298753
PACIFIC ISLAND SMALL STATES,PSS,2015,22.929625304130617,3.175117243800645
PACIFIC ISLAND SMALL STATES,PSS,2016,22.97794153796195,3.1771343051292638
PACIFIC ISLAND SMALL STATES,PSS,2017,23.054485270456265,3.1803214768952994
PACIFIC ISLAND SMALL STATES,PSS,2018,23.10202064446843,3.182295681150698
PACIFIC ISLAND SMALL STATES,PSS,2019,23.09622485183879,3.1820551830745587
PACIFIC ISLAND SMALL STATES,PSS,2020,22.97509062354434,3.177015400680787
PACIFIC ISLAND SMALL STATES,PSS,2021,22.973905813361174,3.1769659810778155
PACIFIC ISLAND SMALL STATES,PSS,2022,23.056990920917357,3.180425637094142
PACIFIC ISLAND SMALL STATES,PSS,2023,23.142053323284042,3.1839552710116483
PAKISTAN,PAK,1960,22.04482566163891,3.1374412610164493
PAKISTAN,PAK,1961,22.138790700561113,3.141510460268596
PAKISTAN,PAK,1962,22.18424174422023,3.1434728127246294
PAKISTAN,PAK,1963,22.256001389609178,3.1465632230092897
PAKISTAN,PAK,1964,22.372877066524424,3.1515762503668556
PAKISTAN,PAK,1965,22.503160432006542,3.1571348985759826
PAKISTAN,PAK,1966,22.60442544662979,3.1614342133770794
PAKISTAN,PAK,1967,22.73342572121954,3.166884422490258
PAKISTAN,PAK,1968,22.807943540971948,3.1700192872169195
PAKISTAN,PAK,1969,22.884646326262153,3.1732358393746294
PAKISTAN,PAK,1970,23.028598097997566,3.1792447083876922
PAKISTAN,PAK,1971,23.09031726241621,3.181809986420349
PAKISTAN,PAK,1972,22.965571736660607,3.1766182894795567
PAKISTAN,PAK,1973,22.576971327532114,3.1602704444311263
PAKISTAN,PAK,1974,22.909226313965924,3.174264422685126
PAKISTAN,PAK,1975,23.141908572237522,3.18394927518857
PAKISTAN,PAK,1976,23.30106161756345,3.1905200373577856
PAKISTAN,PAK,1977,23.439684961119585,3.196208243922425
PAKISTAN,PAK,1978,23.603111003707244,3.2028728985078097
PAKISTAN,PAK,1979,23.70329464590281,3.2069366212125447
PAKISTAN,PAK,1980,23.88681685999784,3.2143382198924493
PAKISTAN,PAK,1981,24.059056981046623,3.2212353183148124
PAKISTAN,PAK,1982,24.14837411318355,3.2247932468688676
PAKISTAN,PAK,1983,24.07988033314897,3.2220659443477935
PAKISTAN,PAK,1984,24.162138682950705,3.225340431516592
PAKISTAN,PAK,1985,24.16191701412825,3.2253316218600814
PAKISTAN,PAK,1986,24.185842694456383,3.22628203881081
PAKISTAN,PAK,1987,24.23036946356967,3.2280484063653927
PAKISTAN,PAK,1988,24.373215848499903,3.2336941235008236
PAKISTAN,PAK,1989,24.416413824868876,3.2353951788959194
PAKISTAN,PAK,1990,24.4124058563717,3.235237474328683
PAKISTAN,PAK,1991,24.543729028113997,3.240391847311821
PAKISTAN,PAK,1992,24.61272972718225,3.2430894828632906
PAKISTAN,PAK,1993,24.670849005288286,3.2453560681689337
PAKISTAN,PAK,1994,24.680137359174925,3.2457178276849836
PAKISTAN,PAK,1995,24.82815579524864,3.2514652067751686
PAKISTAN,PAK,1996,24.87146975806439,3.2531408078065627
PAKISTAN,PAK,1997,24.857365272005264,3.25259548385328
PAKISTAN,PAK,1998,24.853491500584386,3.2524456595544806
PAKISTAN,PAK,1999,24.865985510048755,3.25292880479993
PAKISTAN,PAK,2000,25.323270729188973,3.2704533665628386
PAKISTAN,PAK,2001,25.299476911185675,3.2695490496773942
PAKISTAN,PAK,2002,25.30745038481228,3.2698521836598373
PAKISTAN,PAK,2003,25.44507986543067,3.2750701245712643
PAKISTAN,PAK,2004,25.607703151394272,3.2812007660216174
PAKISTAN,PAK,2005,25.701436911157234,3.284717380855401
PAKISTAN,PAK,2006,25.81006794023268,3.288777486382392
PAKISTAN,PAK,2007,25.938966899447173,3.293573822045243
PAKISTAN,PAK,2008,26.03254168235131,3.297041387771123
PAKISTAN,PAK,2009,25.956179155130712,3.2942125532679505
PAKISTAN,PAK,2010,26.004994477513062,3.2960218295461505
PAKISTAN,PAK,2011,26.16389225167303,3.301888600658235
PAKISTAN,PAK,2012,26.245154527719592,3.3048756898016745
PAKISTAN,PAK,2013,26.27876959230302,3.3061087290366507
PAKISTAN,PAK,2014,26.326824487407162,3.307868801729554
PAKISTAN,PAK,2015,26.426926939353212,3.3115252658389944
PAKISTAN,PAK,2016,26.47147978452842,3.3131483677690867
PAKISTAN,PAK,2017,26.549872058128145,3.315997891600051
PAKISTAN,PAK,2018,26.59855652184126,3.3177634714221274
PAKISTAN,PAK,2019,26.494424904011602,3.313983253356652
PAKISTAN,PAK,2020,26.428466005592696,3.3115813794189823
PAKISTAN,PAK,2021,26.576951834858743,3.3169803454037137
PAKISTAN,PAK,2022,26.64962626001314,3.319612211060106
PAKISTAN,PAK,2023,26.547401243187736,3.315908202408771
PALAU,PLW,1970,16.26332444889743,2.8485842771255863
PALAU,PLW,1971,16.357653664843067,2.8540335425424757
PALAU,PLW,1972,16.45145404459854,2.859422971515015
PALAU,PLW,1973,16.545445465696396,2.864794398607212
PALAU,PLW,1974,16.63978759009396,2.870157009128254
PALAU,PLW,1975,16.734421855032625,2.8755074885982337
PALAU,PLW,1976,16.82929980418286,2.8808431604467777
PALAU,PLW,1977,16.92046059820915,2.8859431102415316
PALAU,PLW,1978,17.01540800938574,2.8912273922580884
PALAU,PLW,1979,17.11150485564966,2.8965473637302153
PALAU,PLW,1980,17.207601721926157,2.90183918390889
PALAU,PLW,1981,17.30369856987307,2.907103147069714
PALAU,PLW,1982,17.399795389438324,2.9123395444138893
PALAU,PLW,1983,17.49589226276247,2.9175486675791045
PALAU,PLW,1984,17.618036937589643,2.9241308386642735
PALAU,PLW,1985,17.747936729348766,2.9310837052600545
PALAU,PLW,1986,17.877836526356504,2.9379885633863156
PALAU,PLW,1987,18.007736308931143,2.9448460704478103
PALAU,PLW,1988,18.1376361014478,2.951656872725871
PALAU,PLW,1989,18.267535890545407,2.958421601418784
PALAU,PLW,1990,18.397435689406624,2.965140876374188
PALAU,PLW,1991,18.48417465717702,2.969602580037614
PALAU,PLW,1992,18.467290437384268,2.9687356436690204
PALAU,PLW,1993,18.384594393548024,2.9644786471767777
PALAU,PLW,1994,18.48025540298604,2.9694014091646843
PALAU,PLW,1995,18.61145398443612,2.976113782509933
PALAU,PLW,1996,18.739095201572432,2.9826011971682393
PALAU,PLW,1997,18.78435672335007,2.9848915609577973
PALAU,PLW,1998,18.819990949448577,2.986691072264431
PALAU,PLW,1999,18.786756858082157,2.9850128683721104
PALAU,PLW,2000,18.823046571827543,2.9868452290887344
PALAU,PLW,2001,18.8872629422085,2.990079473653629
PALAU,PLW,2002,18.907206764895143,2.991081815160035
PALAU,PLW,2003,18.856092122839915,2.988510867998221
PALAU,PLW,2004,18.92985433858617,2.9922188255470252
PALAU,PLW,2005,19.068037361651548,2.999128368372892
PALAU,PLW,2006,19.081716257106613,2.999809762142538
PALAU,PLW,2007,19.118335951806472,3.001631635638554
PALAU,PLW,2008,19.119647672576967,3.001696833774882
PALAU,PLW,2009,19.062524029225646,2.9988535986079294
PALAU,PLW,2010,19.052879062857073,2.9983727376013842
PALAU,PLW,2011,19.108181597095015,3.0011267768764305
PALAU,PLW,2012,19.189688314490784,3.0051719945874957
PALAU,PLW,2013,19.228339692006546,3.0070845762350555
PALAU,PLW,2014,19.319748880420967,3.0115932643869177
PALAU,PLW,2015,19.47574500954027,3.019241015379501
PALAU,PLW,2016,19.537146620611786,3.0222352766717995
PALAU,PLW,2017,19.493447783547026,3.020105214740124
PALAU,PLW,2018,19.47902984105399,3.019401428006978
PALAU,PLW,2019,19.456810014675522,3.0183158351065282
PALAU,PLW,2020,19.380717083048182,3.0145892128011034
PALAU,PLW,2021,19.252973088955812,3.0083016019833577
PALAU,PLW,2022,19.305826299992702,3.0109078547201507
PALAU,PLW,2023,19.387743422460588,3.0149339076654593
PANAMA,PAN,1960,20.101782544197874,3.0493575176813934
PANAMA,PAN,1961,20.210816061626712,3.054511243160655
PANAMA,PAN,1962,20.295740532148866,3.0585070777012247
PANAMA,PAN,1963,20.39862167206946,3.06332651210631
PANAMA,PAN,1964,20.46984025317272,3.0666491713959725
PANAMA,PAN,1965,20.563666523571516,3.071009792972142
PANAMA,PAN,1966,20.64943951743255,3.0749795657730923
PANAMA,PAN,1967,20.757064570003106,3.079938512612289
PANAMA,PAN,1968,20.830137200698246,3.0832914555030846
PANAMA,PAN,1969,20.923186369288373,3.087544815077982
PANAMA,PAN,1970,21.024115633144934,3.0921380181509392
PANAMA,PAN,1971,21.14454996202624,3.097591414839748
PANAMA,PAN,1972,21.238130313554645,3.101808397213283
PANAMA,PAN,1973,21.37235318266727,3.1078259636516123
PANAMA,PAN,1974,21.50639429663414,3.11379945979729
PANAMA,PAN,1975,21.613337472746878,3.1185398858674174
PANAMA,PAN,1976,21.674192171015232,3.1212273689504775
PANAMA,PAN,1977,21.73058921300001,3.123711559789805
PANAMA,PAN,1978,21.90024515319696,3.1311476158826714
PANAMA,PAN,1979,22.03282806272924,3.1369205053697935
PANAMA,PAN,1980,22.252379722140336,3.1464074804360336
PANAMA,PAN,1981,22.37622702016666,3.151719566638404
PANAMA,PAN,1982,22.475897691354067,3.155974264676457
PANAMA,PAN,1983,22.502236527236292,3.157095587993363
PANAMA,PAN,1984,22.54513203271173,3.1589190913549587
PANAMA,PAN,1985,22.601434947991127,3.161307513064124
PANAMA,PAN,1986,22.639869898396576,3.162934689070832
PANAMA,PAN,1987,22.64424862193081,3.163119898129762
PANAMA,PAN,1988,22.498689839324907,3.1569446680778506
PANAMA,PAN,1989,22.501343772700952,3.1570576013323572
PANAMA,PAN,1990,22.584857136747917,3.16060485934022
PANAMA,PAN,1991,22.679787413699465,3.1646218325134914
PANAMA,PAN,1992,22.807985636581634,3.170021055348317
PANAMA,PAN,1993,22.8960366659397,3.173712615309171
PANAMA,PAN,1994,22.960276117371684,3.1763972972781622
PANAMA,PAN,1995,22.982297468776075,3.1773159527155275
PANAMA,PAN,1996,23.01281573979787,3.178587676984714
PANAMA,PAN,1997,23.09138452770003,3.1818542881051934
PANAMA,PAN,1998,23.172155457634098,3.1852013697889943
PANAMA,PAN,1999,23.218968351112448,3.1871361423008473
PANAMA,PAN,2000,23.233199596219986,3.187723577130688
PANAMA,PAN,2001,23.249155540283965,3.188381793696081
PANAMA,PAN,2002,23.28777743706772,3.1899732376776457
PANAMA,PAN,2003,23.34022224478031,3.19213021836323
PANAMA,PAN,2004,23.432207753685365,3.1959022517834996
PANAMA,PAN,2005,23.51898460404224,3.199447699282424
PANAMA,PAN,2006,23.62147713518761,3.2036191163240275
PANAMA,PAN,2007,23.781784356675526,3.210108881545415
PANAMA,PAN,2008,23.94835784525087,3.216808002205823
PANAMA,PAN,2009,24.02341323627582,3.2198119160491414
PANAMA,PAN,2010,24.10562989978111,3.223092119782584
PANAMA,PAN,2011,24.26960845083984,3.229602426655598
PANAMA,PAN,2012,24.42283050033906,3.2356476089070036
PANAMA,PAN,2013,24.543171360481892,3.240370015193298
PANAMA,PAN,2014,24.633715605486127,3.243908500820175
PANAMA,PAN,2015,24.713948440146268,3.247033585532345
PANAMA,PAN,2016,24.782116200593443,3.249681081054176
PANAMA,PAN,2017,24.85366424410956,3.252452341164509
PANAMA,PAN,2018,24.93233943091356,3.255490816495694
PANAMA,PAN,2019,24.967778695536932,3.256856488536943
PANAMA,PAN,2020,24.76783939988755,3.249127179468632
PANAMA,PAN,2021,24.934010821677912,3.25555526640423
PANAMA,PAN,2022,25.060850806131615,3.260434219135048
PANAMA,PAN,2023,25.14670309286584,3.2637231058079377
PAPUA NEW GUINEA,PNG,1960,19.25574422667124,3.008438418841722
PAPUA NEW GUINEA,PNG,1961,19.31608297901373,3.0114128373475566
PAPUA NEW GUINEA,PNG,1962,19.380735857747627,3.0145901339998384
PAPUA NEW GUINEA,PNG,1963,19.435795634930656,3.0172880511704894
PAPUA NEW GUINEA,PNG,1964,19.53684492253372,3.0222205862038543
PAPUA NEW GUINEA,PNG,1965,19.65666387240773,3.028037973034366
PAPUA NEW GUINEA,PNG,1966,19.78419781738228,3.0341929776553846
PAPUA NEW GUINEA,PNG,1967,19.906205279549432,3.0400460182314184
PAPUA NEW GUINEA,PNG,1968,20.000039149238358,3.0445243019711308
PAPUA NEW GUINEA,PNG,1969,20.127724134889277,3.050586118060351
PAPUA NEW GUINEA,PNG,1970,20.285641440887275,3.0580327346440948
PAPUA NEW GUINEA,PNG,1971,20.39163226443408,3.0629998298805905
PAPUA NEW GUINEA,PNG,1972,20.571002289136196,3.071349926133579
PAPUA NEW GUINEA,PNG,1973,20.984921704742046,3.090356841322909
PAPUA NEW GUINEA,PNG,1974,21.10677000735689,3.0958838967871873
PAPUA NEW GUINEA,PNG,1975,21.02825006613433,3.092325723530022
PAPUA NEW GUINEA,PNG,1976,21.136595429097838,3.0972321407991283
PAPUA NEW GUINEA,PNG,1977,21.2184172304808,3.100921549922843
PAPUA NEW GUINEA,PNG,1978,21.390006838293647,3.1086147360279304
PAPUA NEW GUINEA,PNG,1979,21.553458452191926,3.1158884223571484
PAPUA NEW GUINEA,PNG,1980,21.65771410075733,3.120500372345267
PAPUA NEW GUINEA,PNG,1981,21.638832645810194,3.1196666904248165
PAPUA NEW GUINEA,PNG,1982,21.585615428168932,3.117313218156116
PAPUA NEW GUINEA,PNG,1983,21.66419124843331,3.1207862009162493
PAPUA NEW GUINEA,PNG,1984,21.66040281496046,3.1206190319184914
PAPUA NEW GUINEA,PNG,1985,21.60841224896807,3.1183220604259607
PAPUA NEW GUINEA,PNG,1986,21.697068814252034,3.122235789024271
PAPUA NEW GUINEA,PNG,1987,21.868714571117046,3.129769800557267
PAPUA NEW GUINEA,PNG,1988,22.01968414381486,3.1363496822532464
PAPUA NEW GUINEA,PNG,1989,21.989219302976224,3.1350253800852435
PAPUA NEW GUINEA,PNG,1990,21.89256305726898,3.1308121004906155
PAPUA NEW GUINEA,PNG,1991,22.054944273531483,3.1378802485458577
PAPUA NEW GUINEA,PNG,1992,22.199853384245483,3.144145959007704
PAPUA NEW GUINEA,PNG,1993,22.327600808733735,3.149637243571369
PAPUA NEW GUINEA,PNG,1994,22.428520359046082,3.1539540989696957
PAPUA NEW GUINEA,PNG,1995,22.257130160195572,3.1466117585754407
PAPUA NEW GUINEA,PNG,1996,22.363293297384182,3.151166128219493
PAPUA NEW GUINEA,PNG,1997,22.319945771127845,3.1493090360562537
PAPUA NEW GUINEA,PNG,1998,22.055484883398215,3.1379036970314447
PAPUA NEW GUINEA,PNG,1999,21.969446677549772,3.1341649274927
PAPUA NEW GUINEA,PNG,2000,21.982107350475868,3.134715971892145
PAPUA NEW GUINEA,PNG,2001,21.848527915156886,3.128886691420571
PAPUA NEW GUINEA,PNG,2002,21.821715125729977,3.127712500493515
PAPUA NEW GUINEA,PNG,2003,21.986378441087158,3.1349017987929026
PAPUA NEW GUINEA,PNG,2004,22.091181812132703,3.139450804912072
PAPUA NEW GUINEA,PNG,2005,22.30551608605474,3.148690074443477
PAPUA NEW GUINEA,PNG,2006,22.84611535150464,3.1716213257246113
PAPUA NEW GUINEA,PNG,2007,22.979286326528722,3.177190387960862
PAPUA NEW GUINEA,PNG,2008,23.180363784220138,3.1855408899130166
PAPUA NEW GUINEA,PNG,2009,23.175946810104488,3.185358205416468
PAPUA NEW GUINEA,PNG,2010,23.380077947384798,3.193766321233609
PAPUA NEW GUINEA,PNG,2011,23.612811590787075,3.2032671037444107
PAPUA NEW GUINEA,PNG,2012,23.781746060728103,3.2101073362177477
PAPUA NEW GUINEA,PNG,2013,23.780156146020722,3.210043177473344
PAPUA NEW GUINEA,PNG,2014,23.867884557994582,3.213577194205331
PAPUA NEW GUINEA,PNG,2015,23.801657561210476,3.2109104880830177
PAPUA NEW GUINEA,PNG,2016,23.75623979708637,3.209077570253145
PAPUA NEW GUINEA,PNG,2017,23.847510013843152,3.212757546872042
PAPUA NEW GUINEA,PNG,2018,23.905883433620183,3.2151040580350605
PAPUA NEW GUINEA,PNG,2019,23.932134432528613,3.216157510899363
PAPUA NEW GUINEA,PNG,2020,23.89498485735141,3.2146663718333226
PAPUA NEW GUINEA,PNG,2021,23.98571187295076,3.2183041364035168
PAPUA NEW GUINEA,PNG,2022,24.176537477457376,3.2259125083369473
PAPUA NEW GUINEA,PNG,2023,24.15507312681395,3.2250595909879114
PARAGUAY,PRY,1960,19.48153705534303,3.019523848885503
PARAGUAY,PRY,1961,19.590228900649226,3.0248166380565453
PARAGUAY,PRY,1962,19.703552745249763,3.0303053157498474
PARAGUAY,PRY,1963,19.765905063917963,3.033312462163115
PARAGUAY,PRY,1964,19.827633264211403,3.0362806273201772
PARAGUAY,PRY,1965,19.910405187213136,3.040246890929179
PARAGUAY,PRY,1966,19.95945772779882,3.042589987352838
PARAGUAY,PRY,1967,20.015359479959955,3.0452535741856255
PARAGUAY,PRY,1968,20.064811429355547,3.04760394354451
PARAGUAY,PRY,1969,20.136806861702755,3.051015921810168
PARAGUAY,PRY,1970,20.20341815505249,3.054162402410097
PARAGUAY,PRY,1971,20.31465292254752,3.059394766835598
PARAGUAY,PRY,1972,20.460653128920967,3.0662211714514935
PARAGUAY,PRY,1973,20.718787570494715,3.0781776726280743
PARAGUAY,PRY,1974,21.011054451341444,3.0915448022209695
PARAGUAY,PRY,1975,21.13631586330978,3.097219511596309
PARAGUAY,PRY,1976,21.25328232295398,3.1024895178649876
PARAGUAY,PRY,1977,21.46146225510761,3.111801052048931
PARAGUAY,PRY,1978,21.66321729030938,3.1207432265589903
PARAGUAY,PRY,1979,21.95196377365915,3.1334035003255676
PARAGUAY,PRY,1980,22.215740020857503,3.1448304978045574
PARAGUAY,PRY,1981,22.45040071431352,3.154887582776717
PARAGUAY,PRY,1982,22.413253116011038,3.1533022345144017
PARAGUAY,PRY,1983,22.45902775818032,3.155255399833756
PARAGUAY,PRY,1984,22.227890374489412,3.1453537279571395
PARAGUAY,PRY,1985,21.91185569890703,3.131654492700923
PARAGUAY,PRY,1986,22.038062569826852,3.1371477424406757
PARAGUAY,PRY,1987,22.102295051636588,3.1399319654772775
PARAGUAY,PRY,1988,22.17152122727676,3.142923991329085
PARAGUAY,PRY,1989,22.2830369630822,3.147725068095532
PARAGUAY,PRY,1990,22.4832102870391,3.156285709934212
PARAGUAY,PRY,1991,22.666940312015964,3.1640791507859083
PARAGUAY,PRY,1992,22.69141598098716,3.1651127876376153
PARAGUAY,PRY,1993,22.70420297551021,3.165652373156903
PARAGUAY,PRY,1994,22.78644866984055,3.169116034896873
PARAGUAY,PRY,1995,22.92737019147534,3.1750229999964286
PARAGUAY,PRY,1996,23.004463008342487,3.1782397717407105
PARAGUAY,PRY,1997,23.022367437424567,3.1789853728867925
PARAGUAY,PRY,1998,22.94902188991366,3.1759274833533864
PARAGUAY,PRY,1999,22.902221237342392,3.1739713934198592
PARAGUAY,PRY,2000,22.90432773680733,3.1740595193988934
PARAGUAY,PRY,2001,22.862838517780688,3.172322375133776
PARAGUAY,PRY,2002,22.69682737484193,3.1653411731398027
PARAGUAY,PRY,2003,22.763364429255812,3.168145085027936
PARAGUAY,PRY,2004,22.987571620502095,3.1775358470720225
PARAGUAY,PRY,2005,23.097008141775976,3.182087689295395
PARAGUAY,PRY,2006,23.32071440803008,3.191328431996704
PARAGUAY,PRY,2007,23.605627445496555,3.202975174724222
PARAGUAY,PRY,2008,23.926632724098898,3.2159368191829087
PARAGUAY,PRY,2009,23.830322608496946,3.212065592125842
PARAGUAY,PRY,2010,24.028718779385567,3.2200239167338656
PARAGUAY,PRY,2011,24.2424310895226,3.228526351953922
PARAGUAY,PRY,2012,24.22797966911236,3.227953682915253
PARAGUAY,PRY,2013,24.373953224345893,3.233723184268528
PARAGUAY,PRY,2014,24.421549168071486,3.2355972067868004
PARAGUAY,PRY,2015,24.312641144461942,3.2313039209287204
PARAGUAY,PRY,2016,24.30927334919216,3.2311708641169252
PARAGUAY,PRY,2017,24.386753877125045,3.2342275370950127
PARAGUAY,PRY,2018,24.417765675583308,3.2354483655796837
PARAGUAY,PRY,2019,24.358885283147135,3.233129172891081
PARAGUAY,PRY,2020,24.290886229186352,3.230444102740347
PARAGUAY,PRY,2021,24.410917035531963,3.2351788862334763
PARAGUAY,PRY,2022,24.459813656202865,3.2371012740216774
PARAGUAY,PRY,2023,24.483448308130473,3.2380291554612235
PERU,PER,1982,23.444768044799762,3.196416207124872
PERU,PER,1983,23.37117968814347,3.1934012738575324
PERU,PER,1984,23.735822801737935,3.208252508801488
PERU,PER,1985,23.434270881408086,3.195986691169417
PERU,PER,1986,23.804142045726984,3.21101065719785
PERU,PER,1987,24.321494602331388,3.2316536240619564
PERU,PER,1988,23.4601890678039,3.1970468599022475
PERU,PER,1989,23.836761524913985,3.2123248751727718
PERU,PER,1990,23.997023215279953,3.2187567463898383
PERU,PER,1991,24.259619382191772,3.229207048803745
PERU,PER,1992,24.305848289905246,3.2310355267244137
PERU,PER,1993,24.273804558387617,3.2297684663948076
PERU,PER,1994,24.527304437704167,3.23974864157027
PERU,PER,1995,24.69944217097345,3.246469286256015
PERU,PER,1996,24.735177871055786,3.2478588447208474
PERU,PER,1997,24.786249110059746,3.2498413696128785
PERU,PER,1998,24.73967530559015,3.2480335876979813
PERU,PER,1999,24.639028333113195,3.2441157348099314
PERU,PER,2000,24.669588797918994,3.245306975974809
PERU,PER,2001,24.675089363856603,3.2455212363872055
PERU,PER,2002,24.726546339599324,3.2475233902964264
PERU,PER,2003,24.796234046287292,3.2502285140751566
PERU,PER,2004,24.924500297188228,3.2551884789901253
PERU,PER,2005,25.05479630760576,3.260201870545386
PERU,PER,2006,25.207885082105108,3.2660603228207337
PERU,PER,2007,25.349913532558695,3.2714649934851634
PERU,PER,2008,25.51533541721813,3.277723260602166
PERU,PER,2009,25.51759239011892,3.2778083765101673
PERU,PER,2010,25.7172813275257,3.2853105967675584
PERU,PER,2011,25.86937410368532,3.2909871288572305
PERU,PER,2012,25.98414102039118,3.2952493238200775
PERU,PER,2013,26.027443714957766,3.2968527836725023
PERU,PER,2014,26.025506749227073,3.296781114477208
PERU,PER,2015,25.969252404166934,3.294697417233405
PERU,PER,2016,25.98023036179965,3.295104388986289
PERU,PER,2017,26.075161808952615,3.2986167691924693
PERU,PER,2018,26.128628842360857,3.3005895851194342
PERU,PER,2019,26.154127885746323,3.301529074813693
PERU,PER,2020,26.02860695289425,3.296895821886441
PERU,PER,2021,26.145367211824414,3.30120639505462
PERU,PER,2022,26.23058222142239,3.304340688073772
PERU,PER,2023,26.312771305094106,3.307354406173763
PHILIPPINES,PHL,1960,22.74028582986258,3.167173429120102
PHILIPPINES,PHL,1961,22.823880931576358,3.1706884780940547
PHILIPPINES,PHL,1962,22.323580876598715,3.1494649035791227
PHILIPPINES,PHL,1963,22.428926828439426,3.15397144816039
PHILIPPINES,PHL,1964,22.50728815056755,3.157310507135189
PHILIPPINES,PHL,1965,22.597733653553664,3.1611506757911503
PHILIPPINES,PHL,1966,22.69582040514818,3.165298678375696
PHILIPPINES,PHL,1967,22.767711340519806,3.16832799320772
PHILIPPINES,PHL,1968,22.87882886251233,3.172992244713412
PHILIPPINES,PHL,1969,22.982087180674974,3.1773071842051985
PHILIPPINES,PHL,1970,22.746020025147264,3.1674149385493706
PHILIPPINES,PHL,1971,22.848525945044553,3.171722410185106
PHILIPPINES,PHL,1972,22.927997225463955,3.175049205374111
PHILIPPINES,PHL,1973,23.157970678503418,3.1846143744437714
PHILIPPINES,PHL,1974,23.471041915590757,3.1974904558530013
PHILIPPINES,PHL,1975,23.54911333632971,3.2006757369418604
PHILIPPINES,PHL,1976,23.687561889670846,3.2062995495815745
PHILIPPINES,PHL,1977,23.82709482051276,3.211935589876194
PHILIPPINES,PHL,1978,23.972175091699008,3.2177622086957807
PHILIPPINES,PHL,1979,24.16427017950459,3.2254251383972674
PHILIPPINES,PHL,1980,24.33006937549593,3.231992202876629
PHILIPPINES,PHL,1981,24.42455272129387,3.235715349697044
PHILIPPINES,PHL,1982,24.46582849512277,3.2373374944675577
PHILIPPINES,PHL,1983,24.354494459092987,3.232956010538761
PHILIPPINES,PHL,1984,24.299261704420886,3.2307752136642387
PHILIPPINES,PHL,1985,24.27751290251185,3.2299151824179364
PHILIPPINES,PHL,1986,24.24925003472943,3.2287964536853937
PHILIPPINES,PHL,1987,24.355349746653758,3.2329897431433174
PHILIPPINES,PHL,1988,24.487997591812892,3.2382076586845154
PHILIPPINES,PHL,1989,24.605113588811797,3.24279208110119
PHILIPPINES,PHL,1990,24.645403251678488,3.2443643450957875
PHILIPPINES,PHL,1991,24.670349857172397,3.2453366238190955
PHILIPPINES,PHL,1992,24.824624546458775,3.251328476524754
PHILIPPINES,PHL,1993,24.850989228286508,3.2523488682410564
PHILIPPINES,PHL,1994,25.01590559694074,3.2587081047049398
PHILIPPINES,PHL,1995,25.16172394655917,3.2642974245155094
PHILIPPINES,PHL,1996,25.27343147592926,3.268558218536935
PHILIPPINES,PHL,1997,25.267691018001333,3.2683397055825747
PHILIPPINES,PHL,1998,25.0339631629212,3.2594019610828773
PHILIPPINES,PHL,1999,25.173420297923318,3.2647444033756132
PHILIPPINES,PHL,2000,25.150143796531555,3.2638546894071534
PHILIPPINES,PHL,2001,25.091716159863296,3.2616178754392693
PHILIPPINES,PHL,2002,25.157734837986272,3.264144934077982
PHILIPPINES,PHL,2003,25.189623199207322,3.2653632712151817
PHILIPPINES,PHL,2004,25.277163777644695,3.2687002645671916
PHILIPPINES,PHL,2005,25.40001201027276,3.273364465086741
PHILIPPINES,PHL,2006,25.572580905307042,3.2798798911215776
PHILIPPINES,PHL,2007,25.772996250882535,3.2873937769650707
PHILIPPINES,PHL,2008,25.925207901449255,3.293062944514935
PHILIPPINES,PHL,2009,25.893606389204937,3.2918885776585585
PHILIPPINES,PHL,2010,26.062575870574804,3.2981518092904114
PHILIPPINES,PHL,2011,26.179512721493435,3.3024634807290854
PHILIPPINES,PHL,2012,26.291307015976777,3.3065682271599295
PHILIPPINES,PHL,2013,26.371897863678452,3.3095168616671873
PHILIPPINES,PHL,2014,26.418624784252387,3.3112225191292493
PHILIPPINES,PHL,2015,26.448306973942614,3.3123044893300504
PHILIPPINES,PHL,2016,26.487286986049043,3.3137236063665063
PHILIPPINES,PHL,2017,26.51774403326978,3.31483103416971
PHILIPPINES,PHL,2018,26.572134883620315,3.3168056570620816
PHILIPPINES,PHL,2019,26.65504248558871,3.319808079716975
PHILIPPINES,PHL,2020,26.614222368870674,3.3183309432199453
PHILIPPINES,PHL,2021,26.699838447169697,3.3214265809441446
PHILIPPINES,PHL,2022,26.725555009839525,3.322354551425228
PHILIPPINES,PHL,2023,26.803533924997865,3.3251631322218187
POLAND,POL,1990,24.912583373800203,3.254728695269513
POLAND,POL,1991,25.171793159437282,3.2646822338522092
POLAND,POL,1992,25.270139851787583,3.268432927314324
POLAND,POL,1993,25.288063482320354,3.2691149761702816
POLAND,POL,1994,25.43102542017644,3.2745385254487758
POLAND,POL,1995,25.681159637844534,3.2839576847896876
POLAND,POL,1996,25.799646686486316,3.288388704089847
POLAND,POL,1997,25.794420200833212,3.2881936643784306
POLAND,POL,1998,25.88625472028986,3.2916151790736903
POLAND,POL,1999,25.859244623231206,3.290610067960668
POLAND,POL,2000,25.872041189523944,3.2910863851133696
POLAND,POL,2001,25.975044344315755,3.2949121550470455
POLAND,POL,2002,26.016924612565106,3.2964635071261745
POLAND,POL,2003,26.106974632253795,3.299791061276408
POLAND,POL,2004,26.264949890379352,3.305601990502848
POLAND,POL,2005,26.447327769069535,3.3122688141847396
POLAND,POL,2006,26.565727544622643,3.3165732454761283
POLAND,POL,2007,26.784771135666162,3.3244880697235555
POLAND,POL,2008,27.002911918346307,3.3323085018516787
POLAND,POL,2009,26.809430353034347,3.325375184506214
POLAND,POL,2010,26.888046122292454,3.3281981426163885
POLAND,POL,2011,26.985471356537698,3.3316854953866737
POLAND,POL,2012,26.92828919548403,3.3296401247865046
POLAND,POL,2013,26.96891116666922,3.33109357784223
POLAND,POL,2014,27.013130701114548,3.332673353862058
POLAND,POL,2015,26.891015608734232,3.328304615775041
POLAND,POL,2016,26.876050869377934,3.3277679284195614
POLAND,POL,2017,26.985980538029427,3.331703689715193
POLAND,POL,2018,27.101318090633264,3.335816482379568
POLAND,POL,2019,27.113604608358376,3.336253608940661
POLAND,POL,2020,27.119266281188683,3.336454974183441
POLAND,POL,2021,27.247336204331962,3.340999159494558
POLAND,POL,2022,27.259614374914623,3.3414337315480855
POLAND,POL,2023,27.421816342768544,3.347157031350486
PORTUGAL,PRT,1960,21.928982167803042,3.132401707214875
PORTUGAL,PRT,1961,21.99687265085573,3.135358234982235
PORTUGAL,PRT,1962,22.067665665888118,3.1384318822325
PORTUGAL,PRT,1963,22.130404339860654,3.1411479572777847
PORTUGAL,PRT,1964,22.21148541764974,3.1446472172755366
PORTUGAL,PRT,1965,22.312850215343055,3.1490047199332567
PORTUGAL,PRT,1966,22.40411386279343,3.152911813013857
PORTUGAL,PRT,1967,22.515459716745635,3.157658065141939
PORTUGAL,PRT,1968,22.617084360127627,3.161970363697257
PORTUGAL,PRT,1969,22.709433940614268,3.165873025503591
PORTUGAL,PRT,1970,22.81614613570114,3.1703637597250975
PORTUGAL,PRT,1971,22.942643679743806,3.1756611234290992
PORTUGAL,PRT,1972,23.14266619657812,3.1839806568190094
PORTUGAL,PRT,1973,23.43733549712711,3.196112106147566
PORTUGAL,PRT,1974,23.58617455164115,3.2021842748555587
PORTUGAL,PRT,1975,23.685834623102256,3.206229582081208
PORTUGAL,PRT,1976,23.735502735015327,3.208239569317084
PORTUGAL,PRT,1977,23.788501939256033,3.2103799141790184
PORTUGAL,PRT,1978,23.87973905749517,3.21405377977318
PORTUGAL,PRT,1979,24.005034567374217,3.2190771872883963
PORTUGAL,PRT,1980,24.216632708690632,3.2275038049172573
PORTUGAL,PRT,1981,24.188291389787466,3.22637925915524
PORTUGAL,PRT,1982,24.14190209998461,3.2245358606017
PORTUGAL,PRT,1983,24.027939496631106,3.2199927807059576
PORTUGAL,PRT,1984,23.950822634881895,3.216906792991937
PORTUGAL,PRT,1985,24.02338270628817,3.21981069599151
PORTUGAL,PRT,1986,24.3802908156343,3.2339729206774224
PORTUGAL,PRT,1987,24.59827055992331,3.2425247929504946
PORTUGAL,PRT,1988,24.754799286470487,3.2486209898002465
PORTUGAL,PRT,1989,24.827463236528875,3.251438392316924
PORTUGAL,PRT,1990,25.089085091432235,3.261517031129861
PORTUGAL,PRT,1991,25.214523479134265,3.2663135884468977
PORTUGAL,PRT,1992,25.401613046169917,3.273425108519436
PORTUGAL,PRT,1993,25.27724537487084,3.2687033698147805
PORTUGAL,PRT,1994,25.32531757868108,3.2705311217148347
PORTUGAL,PRT,1995,25.494983888513584,3.276955427849186
PORTUGAL,PRT,1996,25.532438260027835,3.278368069694677
PORTUGAL,PRT,1997,25.485581087937625,3.276600475021527
PORTUGAL,PRT,1998,25.54311446946473,3.2787703720365973
PORTUGAL,PRT,1999,25.57114990442627,3.2798260371350656
PORTUGAL,PRT,2000,25.499066107352423,3.2771094911392056
PORTUGAL,PRT,2001,25.524036581936013,3.278051362706998
PORTUGAL,PRT,2002,25.627025138365855,3.281926682671925
PORTUGAL,PRT,2003,25.83058113304108,3.289542324025589
PORTUGAL,PRT,2004,25.967032623233703,3.2946151060051343
PORTUGAL,PRT,2005,26.007757450243123,3.2961241377098287
PORTUGAL,PRT,2006,26.064434094934743,3.298220470920228
PORTUGAL,PRT,2007,26.205969906893564,3.3034364310904163
PORTUGAL,PRT,2008,26.297001866627213,3.306776874424799
PORTUGAL,PRT,2009,26.223167057137044,3.304068340827552
PORTUGAL,PRT,2010,26.196011201435564,3.3030703155421826
PORTUGAL,PRT,2011,26.22500552438803,3.304135871735001
PORTUGAL,PRT,2012,26.099581856948554,3.2995182981337225
PORTUGAL,PRT,2013,26.14571872158923,3.3012193441330475
PORTUGAL,PRT,2014,26.160918812488898,3.301779131738644
PORTUGAL,PRT,2015,26.018548937388683,3.2965236278105086
PORTUGAL,PRT,2016,26.053208569450288,3.2978056145039916
PORTUGAL,PRT,2017,26.12304657136223,3.300383793465047
PORTUGAL,PRT,2018,26.213496596931318,3.3037130486528183
PORTUGAL,PRT,2019,26.203850269799247,3.3033585173208615
PORTUGAL,PRT,2020,26.157126959734814,3.301639515053016
PORTUGAL,PRT,2021,26.266624595047325,3.305663411970477
PORTUGAL,PRT,2022,26.265300300299963,3.3056148424490392
PORTUGAL,PRT,2023,26.383026806793,3.309923361843556
POST-DEMOGRAPHIC DIVIDEND,PST,1960,27.666653368900025,3.35573454370971
POST-DEMOGRAPHIC DIVIDEND,PST,1961,27.729893707334032,3.3579381732744356
POST-DEMOGRAPHIC DIVIDEND,PST,1962,27.80859106977632,3.360673643692893
POST-DEMOGRAPHIC DIVIDEND,PST,1963,27.881830142741954,3.363212682610352
POST-DEMOGRAPHIC DIVIDEND,PST,1964,27.97033880855619,3.3662725068649664
POST-DEMOGRAPHIC DIVIDEND,PST,1965,28.054153679689822,3.3691614568870305
POST-DEMOGRAPHIC DIVIDEND,PST,1966,28.14409905748979,3.372252458598709
POST-DEMOGRAPHIC DIVIDEND,PST,1967,28.210584151035576,3.374531114523396
POST-DEMOGRAPHIC DIVIDEND,PST,1968,28.291812102102238,3.377308026529275
POST-DEMOGRAPHIC DIVIDEND,PST,1969,28.388646331488864,3.380608420557186
POST-DEMOGRAPHIC DIVIDEND,PST,1970,28.481218412953503,3.3837533966215294
POST-DEMOGRAPHIC DIVIDEND,PST,1971,28.585615272380256,3.387288272680373
POST-DEMOGRAPHIC DIVIDEND,PST,1972,28.73504432489306,3.392326293821413
POST-DEMOGRAPHIC DIVIDEND,PST,1973,28.925233123299698,3.39870204166598
POST-DEMOGRAPHIC DIVIDEND,PST,1974,29.03608415098075,3.4023994639043997
POST-DEMOGRAPHIC DIVIDEND,PST,1975,29.150129147519973,3.4061892066638535
POST-DEMOGRAPHIC DIVIDEND,PST,1976,29.231572264481052,3.4088868175110383
POST-DEMOGRAPHIC DIVIDEND,PST,1977,29.35369979245009,3.412918414275138
POST-DEMOGRAPHIC DIVIDEND,PST,1978,29.539887792149578,3.419033625656349
POST-DEMOGRAPHIC DIVIDEND,PST,1979,29.67878384670722,3.423571335775537
POST-DEMOGRAPHIC DIVIDEND,PST,1980,29.78015305842691,3.4268701010568137
POST-DEMOGRAPHIC DIVIDEND,PST,1981,29.791674116299834,3.4272443325368926
POST-DEMOGRAPHIC DIVIDEND,PST,1982,29.787133664907817,3.4270968645502964
POST-DEMOGRAPHIC DIVIDEND,PST,1983,29.824149606008046,3.42829846086801
POST-DEMOGRAPHIC DIVIDEND,PST,1984,29.86790313376783,3.429716910511122
POST-DEMOGRAPHIC DIVIDEND,PST,1985,29.91938935104165,3.43138347420472
POST-DEMOGRAPHIC DIVIDEND,PST,1986,30.120193846083282,3.437856928278043
POST-DEMOGRAPHIC DIVIDEND,PST,1987,30.26804483780828,3.442596644340946
POST-DEMOGRAPHIC DIVIDEND,PST,1988,30.38705578350329,3.4463955717273462
POST-DEMOGRAPHIC DIVIDEND,PST,1989,30.43023889005282,3.44777045148224
POST-DEMOGRAPHIC DIVIDEND,PST,1990,30.545338029872447,3.451425813564137
POST-DEMOGRAPHIC DIVIDEND,PST,1991,30.598793123355204,3.453118927564636
POST-DEMOGRAPHIC DIVIDEND,PST,1992,30.66917417712406,3.4553437843382606
POST-DEMOGRAPHIC DIVIDEND,PST,1993,30.676611024438532,3.4555785859852834
POST-DEMOGRAPHIC DIVIDEND,PST,1994,30.745142244002313,3.457739713444074
POST-DEMOGRAPHIC DIVIDEND,PST,1995,30.848977791137145,3.4610052870333425
POST-DEMOGRAPHIC DIVIDEND,PST,1996,30.85370420633525,3.461153676867446
POST-DEMOGRAPHIC DIVIDEND,PST,1997,30.833846086606485,3.460530066121516
POST-DEMOGRAPHIC DIVIDEND,PST,1998,30.838153338155557,3.460665361120717
POST-DEMOGRAPHIC DIVIDEND,PST,1999,30.887017640565237,3.4621989564406275
POST-DEMOGRAPHIC DIVIDEND,PST,2000,30.904340536159285,3.46274206749877
POST-DEMOGRAPHIC DIVIDEND,PST,2001,30.89463083519764,3.4624376832484316
POST-DEMOGRAPHIC DIVIDEND,PST,2002,30.936752970511286,3.4637574773345534
POST-DEMOGRAPHIC DIVIDEND,PST,2003,31.051057521554952,3.4673301788146773
POST-DEMOGRAPHIC DIVIDEND,PST,2004,31.15651437752596,3.4706150546534222
POST-DEMOGRAPHIC DIVIDEND,PST,2005,31.207335988263093,3.47219425232448
POST-DEMOGRAPHIC DIVIDEND,PST,2006,31.258135593954503,3.473770277907153
POST-DEMOGRAPHIC DIVIDEND,PST,2007,31.345629054070354,3.4764788975699457
POST-DEMOGRAPHIC DIVIDEND,PST,2008,31.4032155778831,3.478257664104662
POST-DEMOGRAPHIC DIVIDEND,PST,2009,31.342775095750106,3.476390660478318
POST-DEMOGRAPHIC DIVIDEND,PST,2010,31.384882600067392,3.477691727495297
POST-DEMOGRAPHIC DIVIDEND,PST,2011,31.456345806737154,3.4798959804794154
POST-DEMOGRAPHIC DIVIDEND,PST,2012,31.45486172359503,3.4798502539185074
POST-DEMOGRAPHIC DIVIDEND,PST,2013,31.46553033122796,3.480178921303016
POST-DEMOGRAPHIC DIVIDEND,PST,2014,31.485570713341332,3.4807960126972195
POST-DEMOGRAPHIC DIVIDEND,PST,2015,31.430317991318915,3.4790937257388967
POST-DEMOGRAPHIC DIVIDEND,PST,2016,31.452974961236023,3.4797921172602577
POST-DEMOGRAPHIC DIVIDEND,PST,2017,31.495262681645805,3.481094315069472
POST-DEMOGRAPHIC DIVIDEND,PST,2018,31.55307971426391,3.4828719790564127
POST-DEMOGRAPHIC DIVIDEND,PST,2019,31.563215210338917,3.4831832835054324
POST-DEMOGRAPHIC DIVIDEND,PST,2020,31.5431422032301,3.4825666614567643
POST-DEMOGRAPHIC DIVIDEND,PST,2021,31.649002411553703,3.48581430124505
POST-DEMOGRAPHIC DIVIDEND,PST,2022,31.66639741524515,3.486346947578039
POST-DEMOGRAPHIC DIVIDEND,PST,2023,31.722892638984572,3.4880749136639175
PRE-DEMOGRAPHIC DIVIDEND,PRE,1960,23.814760741535498,3.2114386673058584
PRE-DEMOGRAPHIC DIVIDEND,PRE,1961,23.87303041734336,3.213784100707541
PRE-DEMOGRAPHIC DIVIDEND,PRE,1962,23.943739169162672,3.216622855604346
PRE-DEMOGRAPHIC DIVIDEND,PRE,1963,24.002869751230822,3.21899060832956
PRE-DEMOGRAPHIC DIVIDEND,PRE,1964,24.09070992093451,3.2224976549535045
PRE-DEMOGRAPHIC DIVIDEND,PRE,1965,24.15391049983496,3.225013371529859
PRE-DEMOGRAPHIC DIVIDEND,PRE,1966,24.23894152270517,3.228388100292273
PRE-DEMOGRAPHIC DIVIDEND,PRE,1967,24.226027280498233,3.227876290108095
PRE-DEMOGRAPHIC DIVIDEND,PRE,1968,24.29239313179842,3.2305036837968366
PRE-DEMOGRAPHIC DIVIDEND,PRE,1969,24.389598169040763,3.2343395692439985
PRE-DEMOGRAPHIC DIVIDEND,PRE,1970,24.531210549397652,3.2399016468702513
PRE-DEMOGRAPHIC DIVIDEND,PRE,1971,24.49984634241592,3.2386724263586144
PRE-DEMOGRAPHIC DIVIDEND,PRE,1972,24.669283934709355,3.245295099469019
PRE-DEMOGRAPHIC DIVIDEND,PRE,1973,24.873375182553772,3.2532144547367032
PRE-DEMOGRAPHIC DIVIDEND,PRE,1974,25.21079782045607,3.26617145641634
PRE-DEMOGRAPHIC DIVIDEND,PRE,1975,25.348859130349613,3.271424977289114
PRE-DEMOGRAPHIC DIVIDEND,PRE,1976,25.527386610505275,3.278177656343327
PRE-DEMOGRAPHIC DIVIDEND,PRE,1977,25.61131598450588,3.281336538276568
PRE-DEMOGRAPHIC DIVIDEND,PRE,1978,25.727365753009938,3.2856879750890475
PRE-DEMOGRAPHIC DIVIDEND,PRE,1979,25.96234049894309,3.2944410960350266
PRE-DEMOGRAPHIC DIVIDEND,PRE,1980,26.190533545315322,3.30286888130273
PRE-DEMOGRAPHIC DIVIDEND,PRE,1981,26.53762327679001,3.315553188806231
PRE-DEMOGRAPHIC DIVIDEND,PRE,1982,26.47771465744016,3.3133753000472326
PRE-DEMOGRAPHIC DIVIDEND,PRE,1983,26.287531249337103,3.3064298670641232
PRE-DEMOGRAPHIC DIVIDEND,PRE,1984,26.228037952305126,3.3042472494552024
PRE-DEMOGRAPHIC DIVIDEND,PRE,1985,26.263337037615322,3.3055428339492368
PRE-DEMOGRAPHIC DIVIDEND,PRE,1986,26.10800171374621,3.2998289504930693
PRE-DEMOGRAPHIC DIVIDEND,PRE,1987,26.18384429626881,3.3026228371420134
PRE-DEMOGRAPHIC DIVIDEND,PRE,1988,26.22391078210543,3.304095660015209
PRE-DEMOGRAPHIC DIVIDEND,PRE,1989,26.228099334925606,3.3042495038428084
PRE-DEMOGRAPHIC DIVIDEND,PRE,1990,26.742494849584713,3.3229653477418375
PRE-DEMOGRAPHIC DIVIDEND,PRE,1991,26.127298869443955,3.3005405592167074
PRE-DEMOGRAPHIC DIVIDEND,PRE,1992,25.87000661903585,3.2910106689629055
PRE-DEMOGRAPHIC DIVIDEND,PRE,1993,25.92801025564158,3.293167018302566
PRE-DEMOGRAPHIC DIVIDEND,PRE,1994,25.970186189983785,3.2947320407237966
PRE-DEMOGRAPHIC DIVIDEND,PRE,1995,26.35709068758027,3.3089757525821692
PRE-DEMOGRAPHIC DIVIDEND,PRE,1996,26.54596114569122,3.3158559239696124
PRE-DEMOGRAPHIC DIVIDEND,PRE,1997,26.64149164363488,3.3193179642897253
PRE-DEMOGRAPHIC DIVIDEND,PRE,1998,26.69742425077549,3.3213394215330774
PRE-DEMOGRAPHIC DIVIDEND,PRE,1999,26.224053204058112,3.3041008915038543
PRE-DEMOGRAPHIC DIVIDEND,PRE,2000,26.367804394833556,3.309367300427954
PRE-DEMOGRAPHIC DIVIDEND,PRE,2001,26.315737286644552,3.3074629934894277
PRE-DEMOGRAPHIC DIVIDEND,PRE,2002,26.455666416509633,3.312572573483405
PRE-DEMOGRAPHIC DIVIDEND,PRE,2003,26.541300952304947,3.3156867308305853
PRE-DEMOGRAPHIC DIVIDEND,PRE,2004,26.761147220951532,3.3236374611878445
PRE-DEMOGRAPHIC DIVIDEND,PRE,2005,26.980856403020624,3.331520576453727
PRE-DEMOGRAPHIC DIVIDEND,PRE,2006,27.20977300011073,3.339668478193537
PRE-DEMOGRAPHIC DIVIDEND,PRE,2007,27.3997046216413,3.34637874446664
PRE-DEMOGRAPHIC DIVIDEND,PRE,2008,27.62021394938356,3.354113249620404
PRE-DEMOGRAPHIC DIVIDEND,PRE,2009,27.522024063799595,3.350676563006793
PRE-DEMOGRAPHIC DIVIDEND,PRE,2010,27.677509706542455,3.3561131816456355
PRE-DEMOGRAPHIC DIVIDEND,PRE,2011,27.82469400698304,3.361232450556125
PRE-DEMOGRAPHIC DIVIDEND,PRE,2012,27.908204440379052,3.3641254454996106
PRE-DEMOGRAPHIC DIVIDEND,PRE,2013,28.00163267314674,3.3673521274757663
PRE-DEMOGRAPHIC DIVIDEND,PRE,2014,28.05990076765334,3.3693592433962287
PRE-DEMOGRAPHIC DIVIDEND,PRE,2015,27.897862278660668,3.3637676227859843
PRE-DEMOGRAPHIC DIVIDEND,PRE,2016,27.782169229754498,3.3597560714386563
PRE-DEMOGRAPHIC DIVIDEND,PRE,2017,27.8254478471223,3.361258602794959
PRE-DEMOGRAPHIC DIVIDEND,PRE,2018,27.93361150968551,3.365003947342029
PRE-DEMOGRAPHIC DIVIDEND,PRE,2019,27.98670964275716,3.3668374367595626
PRE-DEMOGRAPHIC DIVIDEND,PRE,2020,27.900730793963824,3.3638668817870436
PRE-DEMOGRAPHIC DIVIDEND,PRE,2021,27.99276016131414,3.3670461492089654
PRE-DEMOGRAPHIC DIVIDEND,PRE,2022,28.125465415303392,3.371612891682767
PRE-DEMOGRAPHIC DIVIDEND,PRE,2023,28.077329912435918,3.3699588297576994
PUERTO RICO,PRI,1960,21.249117994729026,3.102302367140201
PUERTO RICO,PRI,1961,21.346580507907674,3.1066733119452277
PUERTO RICO,PRI,1962,21.462532953119908,3.111848719136755
PUERTO RICO,PRI,1963,21.570677976517786,3.116651629213812
PUERTO RICO,PRI,1964,21.667366269459833,3.1209262808607985
PUERTO RICO,PRI,1965,21.781576828840993,3.1259521755023356
PUERTO RICO,PRI,1966,21.87715514110436,3.130138820542512
PUERTO RICO,PRI,1967,21.985328288046947,3.1348561118643494
PUERTO RICO,PRI,1968,22.09487793928016,3.1396108587107827
PUERTO RICO,PRI,1969,22.21857154133556,3.1449524559164064
PUERTO RICO,PRI,1970,22.33961977842224,3.1501523361696866
PUERTO RICO,PRI,1971,22.45435484997432,3.1550561855387436
PUERTO RICO,PRI,1972,22.568392282330347,3.159906504283482
PUERTO RICO,PRI,1973,22.669518784382504,3.164188093128378
PUERTO RICO,PRI,1974,22.762510188874835,3.1681091365940386
PUERTO RICO,PRI,1975,22.827192652650293,3.170827476896397
PUERTO RICO,PRI,1976,22.91699542502777,3.174589311871338
PUERTO RICO,PRI,1977,23.016900998520867,3.17875779078135
PUERTO RICO,PRI,1978,23.136049722238532,3.1837065619407556
PUERTO RICO,PRI,1979,23.268797108550846,3.189191455615744
PUERTO RICO,PRI,1980,23.392997850829587,3.1942961177877756
PUERTO RICO,PRI,1981,23.49308196910813,3.1983907090693284
PUERTO RICO,PRI,1982,23.54251149726496,3.2004067770479097
PUERTO RICO,PRI,1983,23.57261882170342,3.201632767003103
PUERTO RICO,PRI,1984,23.676226299656495,3.205840282145691
PUERTO RICO,PRI,1985,23.73335456171702,3.2081527197953026
PUERTO RICO,PRI,1986,23.814730928253454,3.2114374658717497
PUERTO RICO,PRI,1987,23.902394089895623,3.2149639470373
PUERTO RICO,PRI,1988,23.996091823602114,3.2187194855919374
PUERTO RICO,PRI,1989,24.06121098096468,3.2213212715631476
PUERTO RICO,PRI,1990,24.144393909599668,3.2246349655195337
PUERTO RICO,PRI,1991,24.197931469517613,3.2267619066053053
PUERTO RICO,PRI,1992,24.26799861226315,3.2295387181157285
PUERTO RICO,PRI,1993,24.332085766578743,3.2320718043494923
PUERTO RICO,PRI,1994,24.404380976631284,3.2349216385465627
PUERTO RICO,PRI,1995,24.47623052979347,3.2377458813688484
PUERTO RICO,PRI,1996,24.537473898265567,3.2401469380488694
PUERTO RICO,PRI,1997,24.598355921427828,3.242528127603982
PUERTO RICO,PRI,1998,24.713848604874382,3.247029702991088
PUERTO RICO,PRI,1999,24.780963703720772,3.2496363786479194
PUERTO RICO,PRI,2000,24.84557894085199,3.252139558894387
PUERTO RICO,PRI,2001,24.96038807948643,3.2565718408569113
PUERTO RICO,PRI,2002,24.994689069353644,3.2578922505929047
PUERTO RICO,PRI,2003,25.038449965012084,3.2595742904155305
PUERTO RICO,PRI,2004,25.109313289785952,3.26229208170588
PUERTO RICO,PRI,2005,25.153064514108266,3.263966373476796
PUERTO RICO,PRI,2006,25.192343231584402,3.265467124986426
PUERTO RICO,PRI,2007,25.217774052700086,3.266437579716516
PUERTO RICO,PRI,2008,25.262716004103332,3.2681502909484643
PUERTO RICO,PRI,2009,25.291622649811607,3.269250358016713
PUERTO RICO,PRI,2010,25.3121165822942,3.2700295396421497
PUERTO RICO,PRI,2011,25.33194685275279,3.270782911251504
PUERTO RICO,PRI,2012,25.343962855367895,3.2712391350885524
PUERTO RICO,PRI,2013,25.35264071163132,3.2715684867262094
PUERTO RICO,PRI,2014,25.352599715183363,3.271566931038478
PUERTO RICO,PRI,2015,25.36163382703794,3.271909689012405
PUERTO RICO,PRI,2016,25.37088900666845,3.272260712601954
PUERTO RICO,PRI,2017,25.36231074091683,3.2719353666768694
PUERTO RICO,PRI,2018,25.337971416227838,3.271011678020063
PUERTO RICO,PRI,2019,25.378429272630036,3.2725466031597437
PUERTO RICO,PRI,2020,25.359264892085918,3.271819821995295
PUERTO RICO,PRI,2021,25.39072138260916,3.273012485594796
PUERTO RICO,PRI,2022,25.455660569147874,3.2754701455831206
PUERTO RICO,PRI,2023,25.49312215235713,3.276885157884988
QATAR,QAT,1970,19.525246282780316,3.021655654427541
QATAR,QAT,1971,19.775750412723223,3.033786461038539
QATAR,QAT,1972,20.050435857495657,3.046921265733299
QATAR,QAT,1973,20.492449877805043,3.0677017049853452
QATAR,QAT,1974,21.599319081543022,3.1179197766890843
QATAR,QAT,1975,21.64465282713286,3.119923745785901
QATAR,QAT,1976,21.91241145584757,3.1316787487108964
QATAR,QAT,1977,22.00906688442048,3.1358883506139774
QATAR,QAT,1978,22.122476525183995,3.1408051542088287
QATAR,QAT,1979,22.451901427838017,3.154951575947903
QATAR,QAT,1980,22.78112173357953,3.1688920614528606
QATAR,QAT,1981,22.882126480021217,3.173130333136915
QATAR,QAT,1982,22.750980202531657,3.1676238013145412
QATAR,QAT,1983,22.59006819829714,3.1608257843987513
QATAR,QAT,1984,22.62602924136888,3.1623490382030734
QATAR,QAT,1985,22.540253784276103,3.1587118827543095
QATAR,QAT,1986,22.343252307309573,3.1503079619370125
QATAR,QAT,1987,22.418225942995218,3.153514605641805
QATAR,QAT,1988,22.52136964373128,3.1579093544867822
QATAR,QAT,1989,22.593206603715824,3.160958814818385
QATAR,QAT,1990,22.719385472127378,3.1662926662107544
QATAR,QAT,1991,22.652395475106154,3.1634643983965973
QATAR,QAT,1992,22.757468611112333,3.1678969488823125
QATAR,QAT,1993,22.69129995804608,3.1651078903691166
QATAR,QAT,1994,22.721287264430412,3.166372841815119
QATAR,QAT,1995,22.819799470299067,3.1705171453484375
QATAR,QAT,1996,22.92706214912078,3.175010125855435
QATAR,QAT,1997,23.147874040683224,3.1841963447818986
QATAR,QAT,1998,23.051079499121656,3.180179881162805
QATAR,QAT,1999,23.240408274506056,3.188021004066947
QATAR,QAT,2000,23.600208386985106,3.202754913918093
QATAR,QAT,2001,23.587662108439314,3.2022447768175635
QATAR,QAT,2002,23.686667889004244,3.2062633363314355
QATAR,QAT,2003,23.881703149052438,3.214132720071982
QATAR,QAT,2004,24.18065657596668,3.2260761035727787
QATAR,QAT,2005,24.51944006121487,3.239440517060912
QATAR,QAT,2006,24.832205747928086,3.2516219982712697
QATAR,QAT,2007,25.101687078897008,3.2619999512778346
QATAR,QAT,2008,25.47054351622318,3.276032549319598
QATAR,QAT,2009,25.306173559533814,3.2698036477414574
QATAR,QAT,2010,25.552557546647005,3.2791260724891305
QATAR,QAT,2011,25.845891234100286,3.2901127825821677
QATAR,QAT,2012,25.953483695496463,3.2941125541400034
QATAR,QAT,2013,26.015201095937392,3.296399711130526
QATAR,QAT,2014,26.05223169613502,3.2977695045190965
QATAR,QAT,2015,25.809255669956716,3.288747188712771
QATAR,QAT,2016,25.74538284231909,3.2863618544187716
QATAR,QAT,2017,25.805285678481813,3.2885990948791837
QATAR,QAT,2018,25.934580665476744,3.293410987623588
QATAR,QAT,2019,25.895857085689578,3.291972263062374
QATAR,QAT,2020,25.695931753879933,3.2845111850283617
QATAR,QAT,2021,25.914732742644006,3.292673822282923
QATAR,QAT,2022,26.186124302901113,3.302706707215599
ROMANIA,ROU,1987,24.362628511618613,3.233276772132437
ROMANIA,ROU,1988,24.422702573866225,3.235642576941948
ROMANIA,ROU,1989,24.447772468703498,3.2366282133782445
ROMANIA,ROU,1990,24.367354030993212,3.233463072980631
ROMANIA,ROU,1991,24.085397836585788,3.222285917351447
ROMANIA,ROU,1992,23.946996524540793,3.2167534351733766
ROMANIA,ROU,1993,23.99515756875173,3.2186821088565347
ROMANIA,ROU,1994,24.12688711540425,3.2239384726295106
ROMANIA,ROU,1995,24.3457426896739,3.2326107746977404
ROMANIA,ROU,1996,24.332481606585745,3.232087430260362
ROMANIA,ROU,1997,24.294914998563893,3.230603387333584
ROMANIA,ROU,1998,24.4536732437025,3.236860064357833
ROMANIA,ROU,1999,24.30548272682002,3.2310210808255255
ROMANIA,ROU,2000,24.34101816629375,3.2324243542868065
ROMANIA,ROU,2001,24.421974737911377,3.2356139471622587
ROMANIA,ROU,2002,24.553330192344358,3.240767648365339
ROMANIA,ROU,2003,24.780365058829247,3.2496131579549727
ROMANIA,ROU,2004,25.040402646806914,3.259649279847817
ROMANIA,ROU,2005,25.31285913185015,3.2700577600658525
ROMANIA,ROU,2006,25.527481420073112,3.2781812303628795
ROMANIA,ROU,2007,25.885699233950145,3.2915945182533597
ROMANIA,ROU,2008,26.09072300908463,3.2991913448912658
ROMANIA,ROU,2009,25.882908713703667,3.291490720875838
ROMANIA,ROU,2010,25.859236959148483,3.2906097826181746
ROMANIA,ROU,2011,25.983951841124423,3.2952423130380866
ROMANIA,ROU,2012,25.911393787125544,3.2925497577908995
ROMANIA,ROU,2013,25.96918012808686,3.29469473728604
ROMANIA,ROU,2014,26.02015107979125,3.296582923922463
ROMANIA,ROU,2015,25.904396831722966,3.292289724244554
ROMANIA,ROU,2016,25.945175214315217,3.29380425402957
ROMANIA,ROU,2017,26.071073902088752,3.298465774139242
ROMANIA,ROU,2018,26.21762697007337,3.3038648137783313
ROMANIA,ROU,2019,26.248789680437,3.305009104726053
ROMANIA,ROU,2020,26.250162014386255,3.3050594665736432
ROMANIA,ROU,2021,26.378593946803026,3.309761465247412
ROMANIA,ROU,2022,26.423346521417354,3.311394713420017
ROMANIA,ROU,2023,26.58405940975755,3.3172380482549766
RUSSIAN FEDERATION,RUS,1988,27.041925183094147,3.3337007182650744
RUSSIAN FEDERATION,RUS,1989,26.951049356527168,3.3304547429581426
RUSSIAN FEDERATION,RUS,1990,26.971336653478247,3.331180294898556
RUSSIAN FEDERATION,RUS,1991,26.973169576578144,3.3312458213719873
RUSSIAN FEDERATION,RUS,1992,26.855123772461898,3.327016926918728
RUSSIAN FEDERATION,RUS,1993,26.798804295153918,3.3249930088059068
RUSSIAN FEDERATION,RUS,1994,26.70234728206411,3.321517149027808
RUSSIAN FEDERATION,RUS,1995,26.703510641819918,3.321559143134553
RUSSIAN FEDERATION,RUS,1996,26.693825621028168,3.321209486579065
RUSSIAN FEDERATION,RUS,1997,26.7269774669163,3.3224058550181765
RUSSIAN FEDERATION,RUS,1998,26.32522038921462,3.307810099509111
RUSSIAN FEDERATION,RUS,1999,26.000906548937465,3.2958704413272444
RUSSIAN FEDERATION,RUS,2000,26.28283200836407,3.3062576402104202
RUSSIAN FEDERATION,RUS,2001,26.44881655685284,3.3123230543432047
RUSSIAN FEDERATION,RUS,2002,26.568173076848513,3.316661957945223
RUSSIAN FEDERATION,RUS,2003,26.78785867333329,3.324599186929307
RUSSIAN FEDERATION,RUS,2004,27.105110095463683,3.3359514137373703
RUSSIAN FEDERATION,RUS,2005,27.361854533592158,3.3450450921067487
RUSSIAN FEDERATION,RUS,2006,27.620902162925532,3.354137295746292
RUSSIAN FEDERATION,RUS,2007,27.893157260903113,3.3636047941041083
RUSSIAN FEDERATION,RUS,2008,28.138349466338862,3.3720551576508178
RUSSIAN FEDERATION,RUS,2009,27.832038396823144,3.3614872131683518
RUSSIAN FEDERATION,RUS,2010,28.052960911528675,3.369120402769313
RUSSIAN FEDERATION,RUS,2011,28.346870027807824,3.3791858975824915
RUSSIAN FEDERATION,RUS,2012,28.42324118563241,3.3817848785691336
RUSSIAN FEDERATION,RUS,2013,28.46065098901638,3.383055508177183
RUSSIAN FEDERATION,RUS,2014,28.353358870697278,3.3794069816578913
RUSSIAN FEDERATION,RUS,2015,27.94106297145155,3.3652614507102645
RUSSIAN FEDERATION,RUS,2016,27.875367373485457,3.3629888916522934
RUSSIAN FEDERATION,RUS,2017,28.084767916155506,3.3702145978278972
RUSSIAN FEDERATION,RUS,2018,28.13622824957445,3.3719823568910874
RUSSIAN FEDERATION,RUS,2019,28.15759114512947,3.372715295536494
RUSSIAN FEDERATION,RUS,2020,28.031859466657885,3.3683938292631304
RUSSIAN FEDERATION,RUS,2021,28.24262862803417,3.375627529200544
RUSSIAN FEDERATION,RUS,2022,28.44905018253113,3.382661657710978
RUSSIAN FEDERATION,RUS,2023,28.334822080867834,3.378775277279077
RWANDA,RWA,1960,18.594634252756457,2.97525576614218
RWANDA,RWA,1961,18.61953173384506,2.9765255870759004
RWANDA,RWA,1962,18.643824359266574,2.9777630069471748
RWANDA,RWA,1963,18.66754082188389,2.9789696028201686
RWANDA,RWA,1964,18.68304496226601,2.97975760334801
RWANDA,RWA,1965,18.818113545954656,2.986596345055891
RWANDA,RWA,1966,18.640022701213194,2.977569458791904
RWANDA,RWA,1967,18.8879306978117,2.9901130501389783
RWANDA,RWA,1968,18.964167254487517,2.993939029376693
RWANDA,RWA,1969,19.05566920641719,2.998511867222625
RWANDA,RWA,1970,19.20868348281012,3.0061123874238453
RWANDA,RWA,1971,19.222469322013783,3.0067943288863836
RWANDA,RWA,1972,19.322701495587296,3.011738561491015
RWANDA,RWA,1973,19.487961132236737,3.0198374517964757
RWANDA,RWA,1974,19.54709762134839,3.0227196959967646
RWANDA,RWA,1975,20.16441088493707,3.05232103918612
RWANDA,RWA,1976,20.273462956717093,3.0574604253967568
RWANDA,RWA,1977,20.431107913514285,3.0648435073331832
RWANDA,RWA,1978,20.624228704740286,3.0738143853490474
RWANDA,RWA,1979,20.827036607486214,3.0831494127207977
RWANDA,RWA,1980,20.95021465226833,3.0887769186199856
RWANDA,RWA,1981,21.064770053974115,3.0939822213653327
RWANDA,RWA,1982,21.06489840701104,3.0939880384512706
RWANDA,RWA,1983,21.115096812536393,3.096260488997183
RWANDA,RWA,1984,21.18537153694603,3.099433131904795
RWANDA,RWA,1985,21.263044058236208,3.102928086643332
RWANDA,RWA,1986,21.388379054300447,3.1085420320230193
RWANDA,RWA,1987,21.49218477191388,3.1131679054021646
RWANDA,RWA,1988,21.596854761384296,3.1178107267429658
RWANDA,RWA,1989,21.600825134660283,3.1179864159949506
RWANDA,RWA,1990,21.659432008791757,3.1205761894777533
RWANDA,RWA,1991,21.371206548477964,3.1077747100546054
RWANDA,RWA,1992,21.430822185803795,3.1104360034913365
RWANDA,RWA,1993,21.402073552959582,3.109153523905271
RWANDA,RWA,1994,20.440420542342288,3.0652779508582872
RWANDA,RWA,1995,20.980644767177303,3.0901622828117175
RWANDA,RWA,1996,21.047039847994867,3.093178345624417
RWANDA,RWA,1997,21.339293390344004,3.1063471633442243
RWANDA,RWA,1998,21.411070544968165,3.1095550575316464
RWANDA,RWA,1999,21.492034627989398,3.1131612299979237
RWANDA,RWA,2000,21.45025255313971,3.111301863708048
RWANDA,RWA,2001,21.39957214891202,3.1090418581835784
RWANDA,RWA,2002,21.39926901667151,3.109028325144213
RWANDA,RWA,2003,21.483247656254804,3.112770483285502
RWANDA,RWA,2004,21.588892796925613,3.117458316305103
RWANDA,RWA,2005,21.799571103785002,3.126741724545962
RWANDA,RWA,2006,21.92316554300773,3.1321479950065307
RWANDA,RWA,2007,22.127033777674132,3.141002226674031
RWANDA,RWA,2008,22.368042557068634,3.1513693862524153
RWANDA,RWA,2009,22.45924418588116,3.1552646255657306
RWANDA,RWA,2010,22.53560490184775,3.1585143767470605
RWANDA,RWA,2011,22.652598326630915,3.163472974722624
RWANDA,RWA,2012,22.75859381981027,3.167944310075163
RWANDA,RWA,2013,22.779945740232083,3.168842609520423
RWANDA,RWA,2014,22.832140717558318,3.1710351199570908
RWANDA,RWA,2015,22.868466922205137,3.172558212155146
RWANDA,RWA,2016,22.886045277579306,3.173294408814199
RWANDA,RWA,2017,22.948195732936387,3.1758929862774243
RWANDA,RWA,2018,22.988969551869435,3.1775941226931312
RWANDA,RWA,2019,23.06018470759094,3.1805583874742944
RWANDA,RWA,2020,23.043139381132736,3.1798496910382568
RWANDA,RWA,2021,23.12743956592616,3.1833497640162496
RWANDA,RWA,2022,23.31224423254893,3.190980101325342
RWANDA,RWA,2023,23.369282369869044,3.1933234199269265
SAMOA,WSM,1970,17.62679210198259,2.924600979877429
SAMOA,WSM,1971,17.799287901788386,2.933818991554083
SAMOA,WSM,1972,17.951734421931384,2.941895453563458
SAMOA,WSM,1973,18.22773882318484,2.9563539667891003
SAMOA,WSM,1974,18.35400244715026,2.9628992429003187
SAMOA,WSM,1975,18.353357357446992,2.962865911270025
SAMOA,WSM,1976,18.258198019883167,2.9579368412391696
SAMOA,WSM,1977,18.40349054054891,2.9654529746553244
SAMOA,WSM,1978,18.499708570425902,2.9703995203516578
SAMOA,WSM,1979,18.621639155807134,2.9766329957956876
SAMOA,WSM,1980,18.64978281591189,2.9780662856288407
SAMOA,WSM,1981,18.587809593586044,2.974907413228503
SAMOA,WSM,1982,18.613131259368327,2.9761993041246453
SAMOA,WSM,1983,18.53278388908258,2.972094278973982
SAMOA,WSM,1984,18.50870017736044,2.9708605290101717
SAMOA,WSM,1985,18.375392258072566,2.964003820612411
SAMOA,WSM,1986,18.43011459139926,2.966824161025033
SAMOA,WSM,1987,18.531451894961823,2.9720260839052934
SAMOA,WSM,1988,18.705980471493184,2.9809221669068546
SAMOA,WSM,1989,18.62678889095114,2.976895413193267
SAMOA,WSM,1990,18.64993574032738,2.978074068097576
SAMOA,WSM,1991,18.648590561928508,2.9780056086144366
SAMOA,WSM,1992,18.70060561719987,2.980649377261259
SAMOA,WSM,1993,18.706783298594377,2.9809629063539025
SAMOA,WSM,1994,19.214117081832956,3.0063812257517033
SAMOA,WSM,1995,19.231014032629133,3.00721677511518
SAMOA,WSM,1996,19.336602882994224,3.0124223601029714
SAMOA,WSM,1997,19.46966709092407,3.0189441362739284
SAMOA,WSM,1998,19.412024194143136,3.0161241484912016
SAMOA,WSM,1999,19.358373060420586,3.0134922798657144
SAMOA,WSM,2000,19.37178302055373,3.014150758099435
SAMOA,WSM,2001,19.400132516721506,3.015541396746793
SAMOA,WSM,2002,19.456673146922352,3.0183091445124948
SAMOA,WSM,2003,19.624932074742485,3.0265006388695026
SAMOA,WSM,2004,19.826158827888914,3.036209832501792
SAMOA,WSM,2005,19.982611434529293,3.043694067792593
SAMOA,WSM,2006,20.029966160321003,3.0459483805987633
SAMOA,WSM,2007,20.167352989365604,3.0524600413993053
SAMOA,WSM,2008,20.279079949694182,3.0577244280920626
SAMOA,WSM,2009,20.25806046232145,3.056736139322297
SAMOA,WSM,2010,20.337986969536548,3.060488910099693
SAMOA,WSM,2011,20.42768202806601,3.0646836388226517
SAMOA,WSM,2012,20.46597285129505,3.066469023328031
SAMOA,WSM,2013,20.497288692648485,3.0679268198627456
SAMOA,WSM,2014,20.495968068299867,3.067865385840365
SAMOA,WSM,2015,20.529863715193372,3.069440981360574
SAMOA,WSM,2016,20.55357394515121,3.0705416471216695
SAMOA,WSM,2017,20.600922350746377,3.0727360152018828
SAMOA,WSM,2018,20.593667765410256,3.0724001127018328
SAMOA,WSM,2019,20.632192183051192,3.07418258402279
SAMOA,WSM,2020,20.582736712368632,3.0718937688592924
SAMOA,WSM,2021,20.55357257303227,3.0705415834608125
SAMOA,WSM,2022,20.54047841842035,3.069933882178912
SAMOA,WSM,2023,20.65509441684264,3.0752407347052326
SAN MARINO,SMR,1999,20.826813502201063,3.083139191157999
SAN MARINO,SMR,2000,20.728411961150176,3.078620711116936
SAN MARINO,SMR,2001,20.797829078855322,3.081810381297527
SAN MARINO,SMR,2002,20.878789200585643,3.0855176378409235
SAN MARINO,SMR,2003,21.10466101511431,3.095788491947516
SAN MARINO,SMR,2004,21.267767987071785,3.103140251148596
SAN MARINO,SMR,2005,21.303158947000476,3.1047283252498588
SAN MARINO,SMR,2006,21.369408987771827,3.107694355294817
SAN MARINO,SMR,2007,21.505281870800243,3.1137500314742925
SAN MARINO,SMR,2008,21.595996587942125,3.1177727484602658
SAN MARINO,SMR,2009,21.44408980805964,3.111027319309148
SAN MARINO,SMR,2010,21.35517142883718,3.1070576781350554
SAN MARINO,SMR,2011,21.31864455059725,3.105422407649253
SAN MARINO,SMR,2012,21.196203315223467,3.0999212524155513
SAN MARINO,SMR,2013,21.241310064729518,3.1019513734357016
SAN MARINO,SMR,2014,21.2384286345062,3.1018218119629224
SAN MARINO,SMR,2015,21.07350036856116,3.0943778107084277
SAN MARINO,SMR,2016,21.10740000338344,3.0959123942587645
SAN MARINO,SMR,2017,21.14763198662171,3.0977305827228756
SAN MARINO,SMR,2018,21.2272809037516,3.1013204039744338
SAN MARINO,SMR,2019,21.20333656147786,3.100242573147053
SAN MARINO,SMR,2020,21.155858239526076,3.0981019418621627
SAN MARINO,SMR,2021,21.34135689075113,3.1064395299680587
SAO TOME AND PRINCIPE,STP,1970,17.432136760789483,2.914095704233648
SAO TOME AND PRINCIPE,STP,1971,17.434210711950712,2.9142082161208074
SAO TOME AND PRINCIPE,STP,1972,17.539537025022863,2.919905588144297
SAO TOME AND PRINCIPE,STP,1973,17.84106947742622,2.9360390338548106
SAO TOME AND PRINCIPE,STP,1974,17.872810470983918,2.9377222868691137
SAO TOME AND PRINCIPE,STP,1975,17.91155882411918,2.939773313123712
SAO TOME AND PRINCIPE,STP,1976,17.767514537217387,2.9321274250600253
SAO TOME AND PRINCIPE,STP,1977,17.711562335959268,2.929141639523478
SAO TOME AND PRINCIPE,STP,1978,17.8236461565922,2.935113853787284
SAO TOME AND PRINCIPE,STP,1979,18.00144842793678,2.944515209310153
SAO TOME AND PRINCIPE,STP,1980,18.218113598657187,2.95585325089272
SAO TOME AND PRINCIPE,STP,1981,18.240360567076454,2.957010185554499
SAO TOME AND PRINCIPE,STP,1982,18.20136721156586,2.954981485434222
SAO TOME AND PRINCIPE,STP,1983,18.134472865681477,2.9514915703237357
SAO TOME AND PRINCIPE,STP,1984,18.174949038315102,2.9536046895348
SAO TOME AND PRINCIPE,STP,1985,18.231138711581618,2.9565307732183865
SAO TOME AND PRINCIPE,STP,1986,18.568488069668653,2.9739205208694885
SAO TOME AND PRINCIPE,STP,1987,18.56869887785132,2.973931293651035
SAO TOME AND PRINCIPE,STP,1988,18.410642014822226,2.9658214731317
SAO TOME AND PRINCIPE,STP,1989,18.406027583089454,2.9655837179712337
SAO TOME AND PRINCIPE,STP,1990,18.59713458330155,2.9753833608194675
SAO TOME AND PRINCIPE,STP,1991,18.49285388502868,2.9700479309696743
SAO TOME AND PRINCIPE,STP,1992,18.367931449298418,2.9636186802500233
SAO TOME AND PRINCIPE,STP,1993,18.64974456588331,2.978064339039091
SAO TOME AND PRINCIPE,STP,1994,18.69328786757315,2.9802778603045144
SAO TOME AND PRINCIPE,STP,1995,18.456966739464015,2.968205193049736
SAO TOME AND PRINCIPE,STP,1996,18.72217818628553,2.9817437987687008
SAO TOME AND PRINCIPE,STP,1997,18.33643217496601,2.9619909939460904
SAO TOME AND PRINCIPE,STP,1998,18.096132783516097,2.949485842485128
SAO TOME AND PRINCIPE,STP,1999,18.16323312795854,2.9529935019375135
SAO TOME AND PRINCIPE,STP,2000,18.14885095508417,2.9522427114809684
SAO TOME AND PRINCIPE,STP,2001,18.14560070957799,2.9520729612757717
SAO TOME AND PRINCIPE,STP,2002,18.260172425676377,2.958039358857236
SAO TOME AND PRINCIPE,STP,2003,18.44132389167128,2.967400898136916
SAO TOME AND PRINCIPE,STP,2004,18.556803759687064,2.973323244285334
SAO TOME AND PRINCIPE,STP,2005,18.73147365956336,2.9822150085561314
SAO TOME AND PRINCIPE,STP,2006,18.776781251505483,2.9845085855266054
SAO TOME AND PRINCIPE,STP,2007,18.82044241090818,2.9867138500910766
SAO TOME AND PRINCIPE,STP,2008,19.052065094262804,2.998332145668819
SAO TOME AND PRINCIPE,STP,2009,19.117162683177465,3.0015733155645323
SAO TOME AND PRINCIPE,STP,2010,19.062646163323315,2.998859686262989
SAO TOME AND PRINCIPE,STP,2011,19.238056813141398,3.0075648325544133
SAO TOME AND PRINCIPE,STP,2012,19.250852856003785,3.008196909011546
SAO TOME AND PRINCIPE,STP,2013,19.40291556213572,3.015677810350657
SAO TOME AND PRINCIPE,STP,2014,19.49608971657058,3.0202341224169773
SAO TOME AND PRINCIPE,STP,2015,19.376190816084197,3.0143671023802736
SAO TOME AND PRINCIPE,STP,2016,19.493179257329437,3.0200921116264023
SAO TOME AND PRINCIPE,STP,2017,19.590070939585594,3.0248089663754625
SAO TOME AND PRINCIPE,STP,2018,19.765416714037244,3.0332889449785014
SAO TOME AND PRINCIPE,STP,2019,19.838900193989694,3.0368214416917017
SAO TOME AND PRINCIPE,STP,2020,19.97085576178872,3.0431336529409085
SAO TOME AND PRINCIPE,STP,2021,20.077769983289908,3.0482189298082085
SAO TOME AND PRINCIPE,STP,2022,20.112043241062963,3.0498436473735637
SAO TOME AND PRINCIPE,STP,2023,20.217826927008616,3.054841721109129
SAUDI ARABIA,SAU,1960,21.28180908618674,3.1037706095269395
SAUDI ARABIA,SAU,1961,21.3760134775596,3.10798955822159
SAUDI ARABIA,SAU,1962,21.47967253285434,3.112611457875544
SAUDI ARABIA,SAU,1963,21.515078095837776,3.1141852223612334
SAUDI ARABIA,SAU,1964,21.586918671031587,3.1173709188314933
SAUDI ARABIA,SAU,1965,21.697053691479887,3.1222351227365968
SAUDI ARABIA,SAU,1966,21.795039694437776,3.1265429550298798
SAUDI ARABIA,SAU,1967,21.904079186256094,3.1313150251010535
SAUDI ARABIA,SAU,1968,22.155436050969893,3.1422295715830773
SAUDI ARABIA,SAU,1969,22.224177705263234,3.145193878487027
SAUDI ARABIA,SAU,1970,22.405458425289424,3.1529692611993734
SAUDI ARABIA,SAU,1971,22.695234481974236,3.1652739512125057
SAUDI ARABIA,SAU,1972,22.991701115029652,3.1777079836761146
SAUDI ARABIA,SAU,1973,23.42780558356187,3.1957220565754048
SAUDI ARABIA,SAU,1974,24.53906331418923,3.2402091746847463
SAUDI ARABIA,SAU,1975,24.56857641104945,3.2413641135666618
SAUDI ARABIA,SAU,1976,24.88223744329999,3.253556920428179
SAUDI ARABIA,SAU,1977,25.029881547343848,3.2592451683754455
SAUDI ARABIA,SAU,1978,25.108618393188316,3.2622654664580026
SAUDI ARABIA,SAU,1979,25.4405000230269,3.2748969264168757
SAUDI ARABIA,SAU,1980,25.82641747672517,3.289387128750708
SAUDI ARABIA,SAU,1981,25.939783821189028,3.2936041464952717
SAUDI ARABIA,SAU,1982,25.755273204925565,3.2867315830707122
SAUDI ARABIA,SAU,1983,25.58440786325685,3.2803248733682757
SAUDI ARABIA,SAU,1984,25.50762650064382,3.2774324840649904
SAUDI ARABIA,SAU,1985,25.366674008115424,3.2721008645422014
SAUDI ARABIA,SAU,1986,25.18873619043173,3.2653294019307664
SAUDI ARABIA,SAU,1987,25.17407036673045,3.2647692400506445
SAUDI ARABIA,SAU,1988,25.203508366270114,3.2658933089118407
SAUDI ARABIA,SAU,1989,25.280762058012755,3.268837190837263
SAUDI ARABIA,SAU,1990,25.490811417432024,3.276797933899493
SAUDI ARABIA,SAU,1991,25.607757474906577,3.2812028076655935
SAUDI ARABIA,SAU,1992,25.643887801552054,3.2825597735209007
SAUDI ARABIA,SAU,1993,25.61337401340755,3.2814138718938337
SAUDI ARABIA,SAU,1994,25.62983533144475,3.282032216233487
SAUDI ARABIA,SAU,1995,25.68850706276479,3.2842330256498014
SAUDI ARABIA,SAU,1996,25.79004503647568,3.2880303646478883
SAUDI ARABIA,SAU,1997,25.835034835787248,3.2897083037754156
SAUDI ARABIA,SAU,1998,25.712169818361318,3.285119260002147
SAUDI ARABIA,SAU,1999,25.809114143208365,3.2887419096731865
SAUDI ARABIA,SAU,2000,25.96773366223386,3.294641101816314
SAUDI ARABIA,SAU,2001,25.938949141159753,3.2935731628405547
SAUDI ARABIA,SAU,2002,25.968213368623367,3.2946588898191553
SAUDI ARABIA,SAU,2003,26.097653724778656,3.2994471457160754
SAUDI ARABIA,SAU,2004,26.279097778487333,3.306120759792255
SAUDI ARABIA,SAU,2005,26.517679710733248,3.314828696673888
SAUDI ARABIA,SAU,2006,26.65524609145491,3.319815442031345
SAUDI ARABIA,SAU,2007,26.75386578028251,3.323375137887637
SAUDI ARABIA,SAU,2008,26.976703802920923,3.331372156826708
SAUDI ARABIA,SAU,2009,26.78495085728545,3.324494538052453
SAUDI ARABIA,SAU,2010,26.992754467916843,3.3319457076857586
SAUDI ARABIA,SAU,2011,27.240397328555503,3.34075348223412
SAUDI ARABIA,SAU,2012,27.332412723612343,3.3440064751865273
SAUDI ARABIA,SAU,2013,27.348478524798708,3.3445733611780053
SAUDI ARABIA,SAU,2014,27.36523864270296,3.3451644040236945
SAUDI ARABIA,SAU,2015,27.229773501677034,3.3403772189132335
SAUDI ARABIA,SAU,2016,27.2245555074868,3.3401923617270204
SAUDI ARABIA,SAU,2017,27.295540920405138,3.342704227584583
SAUDI ARABIA,SAU,2018,27.464474950737294,3.3486568167994917
SAUDI ARABIA,SAU,2019,27.45495769608234,3.34832240535858
SAUDI ARABIA,SAU,2020,27.322144279607983,3.343643982047053
SAUDI ARABIA,SAU,2021,27.49652468637707,3.349782139010343
SAUDI ARABIA,SAU,2022,27.734093335432622,3.358084338840808
SAUDI ARABIA,SAU,2023,27.696418268336764,3.3567723159648746
SENEGAL,SEN,1960,20.72695140734903,3.078553490240686
SENEGAL,SEN,1961,20.780567538769827,3.081018174960074
SENEGAL,SEN,1962,20.80528424449234,3.0821523369580954
SENEGAL,SEN,1963,20.838503290180267,3.083674617858969
SENEGAL,SEN,1964,20.896320122713437,3.08631859177735
SENEGAL,SEN,1965,20.913934317852686,3.087122704709963
SENEGAL,SEN,1966,20.943932872997337,3.0884906946166484
SENEGAL,SEN,1967,20.943590030387533,3.0884750709228452
SENEGAL,SEN,1968,20.9928232928247,3.0907161861764534
SENEGAL,SEN,1969,20.942590049007137,3.0884294993384076
SENEGAL,SEN,1970,20.983633998932632,3.0902982673811827
SENEGAL,SEN,1971,21.015598851607702,3.0917512408185677
SENEGAL,SEN,1972,21.206220922535334,3.1003724713592824
SENEGAL,SEN,1973,21.345667856543475,3.106632470349751
SENEGAL,SEN,1974,21.464881810497083,3.111953281457631
SENEGAL,SEN,1975,21.76367978473114,3.1251662739019617
SENEGAL,SEN,1976,21.777500471545892,3.1257732273081436
SENEGAL,SEN,1977,21.801010728973935,3.126804865195995
SENEGAL,SEN,1978,21.911217461065153,3.1316266360864313
SENEGAL,SEN,1979,22.130557656100404,3.1411545855982146
SENEGAL,SEN,1980,22.229587001413467,3.1454267679507266
SENEGAL,SEN,1981,22.1332505477255,3.141271000209665
SENEGAL,SEN,1982,22.113041990254565,3.1403970465304334
SENEGAL,SEN,1983,21.99565105930963,3.1353051136726027
SENEGAL,SEN,1984,21.971781349677457,3.1342665648337094
SENEGAL,SEN,1985,22.063240021825006,3.1382400089531566
SENEGAL,SEN,1986,22.408199540805086,3.1530863687119193
SENEGAL,SEN,1987,22.593120442070664,3.160955162843309
SENEGAL,SEN,1988,22.582437723188605,3.160502270732219
SENEGAL,SEN,1989,22.5742433506029,3.160154732589941
SENEGAL,SEN,1990,22.723524464614556,3.1664671492896046
SENEGAL,SEN,1991,22.704985733132954,3.1656853945033605
SENEGAL,SEN,1992,22.773512557030102,3.1685720431527358
SENEGAL,SEN,1993,22.72041026852779,3.1663358702922464
SENEGAL,SEN,1994,22.339597571402287,3.1501513846961524
SENEGAL,SEN,1995,22.56798812308892,3.1598893557778918
SENEGAL,SEN,1996,22.60421256180031,3.161425194483993
SENEGAL,SEN,1997,22.521914641098686,3.1579325245258523
SENEGAL,SEN,1998,22.595930397127585,3.161074256362262
SENEGAL,SEN,1999,22.609249280029548,3.1616385538968323
SENEGAL,SEN,2000,22.51722039586386,3.1577329355986015
SENEGAL,SEN,2001,22.59627110972438,3.1610886957224067
SENEGAL,SEN,2002,22.670090185102723,3.1642122336201433
SENEGAL,SEN,2003,22.894456858836968,3.1736465014448103
SENEGAL,SEN,2004,23.033503242829166,3.1794488253410416
SENEGAL,SEN,2005,23.12198199435762,3.1831235407200804
SENEGAL,SEN,2006,23.182676734970645,3.1856365394308073
SENEGAL,SEN,2007,23.361910110763144,3.19302085153954
SENEGAL,SEN,2008,23.547853238866697,3.2006244059716926
SENEGAL,SEN,2009,23.504929971205296,3.1988743206224877
SENEGAL,SEN,2010,23.503408202769837,3.1988122181928746
SENEGAL,SEN,2011,23.603266424099,3.2028792155910772
SENEGAL,SEN,2012,23.59461731808339,3.2025276107883163
SENEGAL,SEN,2013,23.663414981858335,3.205320970786576
SENEGAL,SEN,2014,23.708809049887083,3.207159821748232
SENEGAL,SEN,2015,23.601045687158628,3.2027889496429687
SENEGAL,SEN,2016,23.669824270228993,3.2055808072985865
SENEGAL,SEN,2017,23.767624591922065,3.2095373403125578
SENEGAL,SEN,2018,23.863821204315787,3.2134137832132668
SENEGAL,SEN,2019,23.876172613625396,3.213910422179837
SENEGAL,SEN,2020,23.923183609704658,3.2157984389579286
SENEGAL,SEN,2021,24.03820734269251,3.2204029519235795
SENEGAL,SEN,2022,24.041787123765367,3.2205459144425292
SENEGAL,SEN,2023,24.157704114817694,3.2251641762702348
SERBIA,SRB,1993,23.687244829962818,3.206286706606418
SERBIA,SRB,1994,23.733992399154157,3.2081785080162746
SERBIA,SRB,1995,23.54658325212594,3.2005726694886283
SERBIA,SRB,1996,23.806001495527617,3.2110856196820827
SERBIA,SRB,1997,23.968841546275232,3.2176287093938787
SERBIA,SRB,1998,23.691523076009933,3.206459989425704
SERBIA,SRB,1999,23.687954379173735,3.2063154477243203
SERBIA,SRB,2000,22.651280525513602,3.1634172583141758
SERBIA,SRB,2001,23.285175692982982,3.189866110401268
SERBIA,SRB,2002,23.56356618045963,3.2012642955254815
SERBIA,SRB,2003,23.83599707537653,3.2122940957452117
SERBIA,SRB,2004,23.986807835387385,3.2183479990081323
SERBIA,SRB,2005,24.044092505675543,3.220637971602306
SERBIA,SRB,2006,24.203954092829115,3.2270008906541348
SERBIA,SRB,2007,24.488434593122722,3.238224803913835
SERBIA,SRB,2008,24.678237625870175,3.245643848190649
SERBIA,SRB,2009,24.533541665868768,3.23999294728283
SERBIA,SRB,2010,24.45662782622308,3.2369761344835952
SERBIA,SRB,2011,24.62034039150856,3.243386582543816
SERBIA,SRB,2012,24.491632142452634,3.2383502470346013
SERBIA,SRB,2013,24.6026466244674,3.242695729910041
SERBIA,SRB,2014,24.574736019381863,3.2416049899616186
SERBIA,SRB,2015,24.403506830046915,3.234887228669585
SERBIA,SRB,2016,24.42931360987754,3.2359025877161387
SERBIA,SRB,2017,24.51151711527472,3.239130001779907
SERBIA,SRB,2018,24.648020704339213,3.2444664031165287
SERBIA,SRB,2019,24.665124168295893,3.2451330340405358
SERBIA,SRB,2020,24.700261355413478,3.246501161320807
SERBIA,SRB,2021,24.868003134054415,3.253006804739991
SERBIA,SRB,2022,24.87530383860864,3.253288994071513
SERBIA,SRB,2023,25.04324584881337,3.2597584581443226
SEYCHELLES,SYC,1960,16.301418758087458,2.850788507279171
SEYCHELLES,SYC,1961,16.265827812984757,2.8487292771576014
SEYCHELLES,SYC,1962,16.352537212016482,2.8537387327051116
SEYCHELLES,SYC,1963,16.449054756893524,2.8592854785218647
SEYCHELLES,SYC,1964,16.54942546859431,2.86502121254378
SEYCHELLES,SYC,1965,16.56297581142542,2.8657930391924746
SEYCHELLES,SYC,1966,16.615412462698465,2.8687742269433314
SEYCHELLES,SYC,1967,16.626841040576647,2.8694227994460935
SEYCHELLES,SYC,1968,16.59271533775628,2.8674849150994874
SEYCHELLES,SYC,1969,16.615959328333933,2.8688052711864427
SEYCHELLES,SYC,1970,16.729600562479234,2.875235590925356
SEYCHELLES,SYC,1971,16.905004120187712,2.8850802335641763
SEYCHELLES,SYC,1972,17.237984086004147,2.9035064569375733
SEYCHELLES,SYC,1973,17.423621303832803,2.9136336078039244
SEYCHELLES,SYC,1974,17.57983360999193,2.922076778016849
SEYCHELLES,SYC,1975,17.68260201010976,2.927592717003294
SEYCHELLES,SYC,1976,17.713008214538366,2.929218908470512
SEYCHELLES,SYC,1977,17.982585023036368,2.943521981117287
SEYCHELLES,SYC,1978,18.264639211929623,2.9582712502583037
SEYCHELLES,SYC,1979,18.661751433354308,2.9786751968830454
SEYCHELLES,SYC,1980,18.87037853263065,2.989230106841787
SEYCHELLES,SYC,1981,18.913855879561904,2.9914157647980906
SEYCHELLES,SYC,1982,18.87310443327331,2.9893672815654657
SEYCHELLES,SYC,1983,18.86599609110778,2.9890095310302223
SEYCHELLES,SYC,1984,18.896870953046328,2.990562480826786
SEYCHELLES,SYC,1985,19.00675195319589,2.996069814240518
SEYCHELLES,SYC,1986,19.214338474143073,3.006392178052852
SEYCHELLES,SYC,1987,19.396043672182508,3.015340944403723
SEYCHELLES,SYC,1988,19.525889952058023,3.0216870138166736
SEYCHELLES,SYC,1989,19.597282453608713,3.0251591473656303
SEYCHELLES,SYC,1990,19.787189557873987,3.034336910330514
SEYCHELLES,SYC,1991,19.80273404914578,3.035084422739649
SEYCHELLES,SYC,1992,19.949796273795315,3.0421289219196863
SEYCHELLES,SYC,1993,20.038544301837693,3.0463561983009515
SEYCHELLES,SYC,1994,20.064655452010648,3.047596538877115
SEYCHELLES,SYC,1995,20.108436272760123,3.049672783927523
SEYCHELLES,SYC,1996,20.098245133896217,3.049189868013629
SEYCHELLES,SYC,1997,20.210717033275326,3.0545065743830717
SEYCHELLES,SYC,1998,20.28830092040964,3.0581576692580077
SEYCHELLES,SYC,1999,20.31204210204997,3.0592722698651285
SEYCHELLES,SYC,2000,20.298942618580988,3.0586574291630173
SEYCHELLES,SYC,2001,20.3108730214725,3.0592174129613072
SEYCHELLES,SYC,2002,20.425041506332764,3.0645604017670434
SEYCHELLES,SYC,2003,20.436712767063664,3.0651050020157835
SEYCHELLES,SYC,2004,20.610110820921662,3.0731612987296923
SEYCHELLES,SYC,2005,20.70091734112992,3.0773545334376915
SEYCHELLES,SYC,2006,20.80156050999077,3.0819815502602004
SEYCHELLES,SYC,2007,20.797731929237667,3.0818059244392866
SEYCHELLES,SYC,2008,20.702652223068817,3.0774344753391176
SEYCHELLES,SYC,2009,20.561807075193695,3.0709235586320265
SEYCHELLES,SYC,2010,20.704711303631825,3.077529347747726
SEYCHELLES,SYC,2011,20.780514136937647,3.0810157231462014
SEYCHELLES,SYC,2012,20.808900118772936,3.0823181488076883
SEYCHELLES,SYC,2013,21.010818206526007,3.0915340691557374
SEYCHELLES,SYC,2014,21.050825524591392,3.0933500399490215
SEYCHELLES,SYC,2015,21.082619536304637,3.094790852791508
SEYCHELLES,SYC,2016,21.173394095692444,3.0988931059877594
SEYCHELLES,SYC,2017,21.239300255962437,3.10186100557636
SEYCHELLES,SYC,2018,21.30229982354301,3.10468980424901
SEYCHELLES,SYC,2019,21.34850353933038,3.106759363083284
SEYCHELLES,SYC,2020,21.04719672398318,3.093185461111633
SEYCHELLES,SYC,2021,21.120143373724925,3.0964886582662623
SEYCHELLES,SYC,2022,21.444985177754837,3.1110672118529616
SEYCHELLES,SYC,2023,21.484749086544145,3.1128372610118253
SIERRA LEONE,SLE,1960,19.5905323984562,3.024831377842669
SIERRA LEONE,SLE,1961,19.608460897170175,3.025701714635466
SIERRA LEONE,SLE,1962,19.652869835433982,3.027854284832449
SIERRA LEONE,SLE,1963,19.66972438601972,3.028670039595089
SIERRA LEONE,SLE,1964,19.73443691575022,3.0317959371082535
SIERRA LEONE,SLE,1965,19.700290962483923,3.0301477563311803
SIERRA LEONE,SLE,1966,19.744115845454406,3.0322626327490383
SIERRA LEONE,SLE,1967,19.670281654477087,3.028696999845499
SIERRA LEONE,SLE,1968,19.614578838742045,3.025998536105012
SIERRA LEONE,SLE,1969,19.828867560431693,3.0363398879972006
SIERRA LEONE,SLE,1970,19.889899886992655,3.0392657831679366
SIERRA LEONE,SLE,1971,19.854564330650962,3.037572837027966
SIERRA LEONE,SLE,1972,19.958094979416654,3.042524966935632
SIERRA LEONE,SLE,1973,20.17069995609134,3.0526181481850387
SIERRA LEONE,SLE,1974,20.290851361164314,3.0582774668876485
SIERRA LEONE,SLE,1975,20.33665059891761,3.060426279427447
SIERRA LEONE,SLE,1976,20.203752841571276,3.0541781868404625
SIERRA LEONE,SLE,1977,20.355211508634255,3.0612958086524475
SIERRA LEONE,SLE,1978,20.68324044482497,3.0765396324145864
SIERRA LEONE,SLE,1979,20.827033997494638,3.083149293144706
SIERRA LEONE,SLE,1980,20.81900882350928,3.082781554236109
SIERRA LEONE,SLE,1981,20.832054464730724,3.083379278123094
SIERRA LEONE,SLE,1982,20.98177341586718,3.0902136288812363
SIERRA LEONE,SLE,1983,20.718533170113865,3.0781659591809043
SIERRA LEONE,SLE,1984,20.807101526042395,3.0822356748227406
SIERRA LEONE,SLE,1985,20.568820695499724,3.0712487855406234
SIERRA LEONE,SLE,1986,20.010286200159204,3.0450121368564282
SIERRA LEONE,SLE,1987,20.30791147306676,3.0590784344124993
SIERRA LEONE,SLE,1988,20.776886169787073,3.080849139872938
SIERRA LEONE,SLE,1989,20.65388833283761,3.0751850379915826
SIERRA LEONE,SLE,1990,20.291935228692026,3.0583283732568525
SIERRA LEONE,SLE,1991,20.474930373844494,3.0668862256692306
SIERRA LEONE,SLE,1992,20.337600411419967,3.060470793975683
SIERRA LEONE,SLE,1993,20.460357459718708,3.0662073940870647
SIERRA LEONE,SLE,1994,20.631058406385232,3.0741301711018574
SIERRA LEONE,SLE,1995,20.584875503802888,3.0719928612726184
SIERRA LEONE,SLE,1996,20.66324207183369,3.0756169105119495
SIERRA LEONE,SLE,1997,20.56100338469907,3.0708862841368747
SIERRA LEONE,SLE,1998,20.326328157767954,3.059942373162488
SIERRA LEONE,SLE,1999,20.32186959308053,3.059733287436066
SIERRA LEONE,SLE,2000,20.270510991927672,3.057321652991634
SIERRA LEONE,SLE,2001,20.79544832635627,3.0817011556259035
SIERRA LEONE,SLE,2002,20.935336975989436,3.0880988969797487
SIERRA LEONE,SLE,2003,21.03784711729623,3.0927612988102053
SIERRA LEONE,SLE,2004,21.08109207435781,3.094721680075188
SIERRA LEONE,SLE,2005,21.210039574150187,3.100544419721506
SIERRA LEONE,SLE,2006,21.344979468491786,3.1066016635437212
SIERRA LEONE,SLE,2007,21.47782770059452,3.112529387820435
SIERRA LEONE,SLE,2008,21.62012761726115,3.118840112460793
SIERRA LEONE,SLE,2009,21.606626253011427,3.118243060340293
SIERRA LEONE,SLE,2010,21.670341727108575,3.121057538385031
SIERRA LEONE,SLE,2011,21.79904417368729,3.126718612874937
SIERRA LEONE,SLE,2012,22.05543437304903,3.1379015062120037
SIERRA LEONE,SLE,2013,22.316644144867944,3.149167446533033
SIERRA LEONE,SLE,2014,22.335735294668442,3.1499858892832435
SIERRA LEONE,SLE,2015,22.170662200935187,3.1428869181366665
SIERRA LEONE,SLE,2016,22.0746377632309,3.13873408203085
SIERRA LEONE,SLE,2017,22.03683987529057,3.1370946682301324
SIERRA LEONE,SLE,2018,22.130615566716042,3.141157089236216
SIERRA LEONE,SLE,2019,22.128523919361346,3.1410666574910793
SIERRA LEONE,SLE,2020,22.125164383475003,3.1409213918478187
SIERRA LEONE,SLE,2021,22.170004734025582,3.142858542761294
SIERRA LEONE,SLE,2022,22.132926042946977,3.141256972476991
SIERRA LEONE,SLE,2023,22.0608509928215,3.1381364175781035
SINGAPORE,SGP,1960,20.373356100587717,3.0621451042904413
SINGAPORE,SGP,1961,20.454902337562245,3.065953166466791
SINGAPORE,SGP,1962,20.532394892243126,3.069558540315191
SINGAPORE,SGP,1963,20.63728085575063,3.0744177924672442
SINGAPORE,SGP,1964,20.61138780772473,3.0732203890825938
SINGAPORE,SGP,1965,20.697582932727396,3.0772008687539794
SINGAPORE,SGP,1966,20.8153212786423,3.0826125338859796
SINGAPORE,SGP,1967,20.93679194115049,3.088165224518325
SINGAPORE,SGP,1968,21.07793303042733,3.094578604274562
SINGAPORE,SGP,1969,21.230019441992496,3.101443602559281
SINGAPORE,SGP,1970,21.37589001483328,3.10798404056908
SINGAPORE,SGP,1971,21.54030422407605,3.1153050055957916
SINGAPORE,SGP,1972,21.724427349312183,3.12344044059586
SINGAPORE,SGP,1973,22.03057470911783,3.1368226683244336
SINGAPORE,SGP,1974,22.376057248421304,3.1517123040308967
SINGAPORE,SGP,1975,22.452027629325148,3.154956957223616
SINGAPORE,SGP,1976,22.568104351060352,3.159894287369177
SINGAPORE,SGP,1977,22.613147448954102,3.1618036522062543
SINGAPORE,SGP,1978,22.740456419667574,3.167180614761982
SINGAPORE,SGP,1979,22.952949184876744,3.176091455519198
SINGAPORE,SGP,1980,23.19948963151829,3.1863315433335697
SINGAPORE,SGP,1981,23.37476183060198,3.1935482457839472
SINGAPORE,SGP,1982,23.501106517133703,3.198718280495461
SINGAPORE,SGP,1983,23.601571319792466,3.202810315686721
SINGAPORE,SGP,1984,23.70638697830016,3.2070617923247533
SINGAPORE,SGP,1985,23.675909629948862,3.205827449075686
SINGAPORE,SGP,1986,23.645714586080707,3.204603034911698
SINGAPORE,SGP,1987,23.76393397917878,3.209388319653544
SINGAPORE,SGP,1988,23.956890855255168,3.2171499706484075
SINGAPORE,SGP,1989,24.139856292957298,3.2244544868751706
SINGAPORE,SGP,1990,24.31078611404516,3.231230633499636
SINGAPORE,SGP,1991,24.540234259425006,3.240255022818593
SINGAPORE,SGP,1992,24.67703175734866,3.2455968863681828
SINGAPORE,SGP,1993,24.827623693654367,3.251444604952892
SINGAPORE,SGP,1994,25.02311563164391,3.2589852057948177
SINGAPORE,SGP,1995,25.198470160968938,3.2657010182595294
SINGAPORE,SGP,1996,25.290662362032027,3.269213832872191
SINGAPORE,SGP,1997,25.329673129555452,3.270696559058028
SINGAPORE,SGP,1998,25.174447754038624,3.26478365831201
SINGAPORE,SGP,1999,25.18094304515031,3.2650317814200935
SINGAPORE,SGP,2000,25.288411001639837,3.269128195745116
SINGAPORE,SGP,2001,25.220781663646164,3.2665522896244563
SINGAPORE,SGP,2002,25.250889237276237,3.2676998641696255
SINGAPORE,SGP,2003,25.304618638450524,3.269744537394748
SINGAPORE,SGP,2004,25.468490036574863,3.275954970281541
SINGAPORE,SGP,2005,25.573793791154294,3.2799255343420004
SINGAPORE,SGP,2006,25.724707575262755,3.2855885148592057
SINGAPORE,SGP,2007,25.92144072438457,3.292923022080876
SINGAPORE,SGP,2008,25.989149488876617,3.295434914450278
SINGAPORE,SGP,2009,25.991898354732943,3.295536760041222
SINGAPORE,SGP,2010,26.203104359183047,3.3033310976418395
SINGAPORE,SGP,2011,26.355754577626435,3.308926911768001
SINGAPORE,SGP,2012,26.41055601855945,3.310928195353733
SINGAPORE,SGP,2013,26.451989220470576,3.312438632378038
SINGAPORE,SGP,2014,26.475405305009847,3.3132912519555773
SINGAPORE,SGP,2015,26.453360896757527,3.3124885975010843
SINGAPORE,SGP,2016,26.48862602861676,3.313772320157494
SINGAPORE,SGP,2017,26.56174575415659,3.316428787904079
SINGAPORE,SGP,2018,26.655226362099476,3.319814728627371
SINGAPORE,SGP,2019,26.655250112965966,3.319815587447182
SINGAPORE,SGP,2020,26.579736158041097,3.317081305895942
SINGAPORE,SGP,2021,26.796567387054196,3.3249125377870703
SINGAPORE,SGP,2022,26.93481835380597,3.3298738804309043
SINGAPORE,SGP,2023,26.940724867756252,3.3300852972201374
SINT MAARTEN (DUTCH PART),SXM,2011,20.65722152718449,3.0753389566680718
SINT MAARTEN (DUTCH PART),SXM,2012,20.7090309213608,3.077728345462359
SINT MAARTEN (DUTCH PART),SXM,2013,20.74591248278612,3.079425808047369
SINT MAARTEN (DUTCH PART),SXM,2014,21.032081641836506,3.0924996475820343
SINT MAARTEN (DUTCH PART),SXM,2015,21.072434781781833,3.0943295350619424
SINT MAARTEN (DUTCH PART),SXM,2016,21.078852233324902,3.0946202378714016
SINT MAARTEN (DUTCH PART),SXM,2017,21.025746953524926,3.092212085141615
SINT MAARTEN (DUTCH PART),SXM,2018,20.953742790556966,3.0889376393614283
SINT MAARTEN (DUTCH PART),SXM,2019,21.0653511812245,3.0940085583539543
SINT MAARTEN (DUTCH PART),SXM,2020,20.935492495688536,3.0881059868707297
SINT MAARTEN (DUTCH PART),SXM,2021,21.025642706154617,3.092207352152662
SINT MAARTEN (DUTCH PART),SXM,2022,21.153156019475283,3.0979799702904938
SINT MAARTEN (DUTCH PART),SXM,2023,21.20764420475935,3.1004365631567614
SLOVAK REPUBLIC,SVK,1990,23.26859164823561,3.189182989551932
SLOVAK REPUBLIC,SVK,1991,23.38157954913807,3.193827910680352
SLOVAK REPUBLIC,SVK,1992,23.463816418781114,3.197195145021088
SLOVAK REPUBLIC,SVK,1993,23.527878583226872,3.199810371987839
SLOVAK REPUBLIC,SVK,1994,23.7271119189175,3.2079002901974087
SLOVAK REPUBLIC,SVK,1995,23.975195181681787,3.2178831395864336
SLOVAK REPUBLIC,SVK,1996,24.05278949811877,3.22098517854145
SLOVAK REPUBLIC,SVK,1997,24.044915847244088,3.2206708467418106
SLOVAK REPUBLIC,SVK,1998,24.119651684093125,3.2236504754247677
SLOVAK REPUBLIC,SVK,1999,24.139800667095777,3.2244522742164183
SLOVAK REPUBLIC,SVK,2000,24.09889097814115,3.2228236610237877
SLOVAK REPUBLIC,SVK,2001,24.15009138065417,3.2248615299647607
SLOVAK REPUBLIC,SVK,2002,24.287086316941693,3.2302938431684223
SLOVAK REPUBLIC,SVK,2003,24.571709119558133,3.2414866278811636
SLOVAK REPUBLIC,SVK,2004,24.773962270255964,3.249364767996732
SLOVAK REPUBLIC,SVK,2005,24.863359809638574,3.252827287937646
SLOVAK REPUBLIC,SVK,2006,24.982663416552956,3.257429523946005
SLOVAK REPUBLIC,SVK,2007,25.184149709200785,3.2651542547658208
SLOVAK REPUBLIC,SVK,2008,25.33719656691529,3.2709822581115073
SLOVAK REPUBLIC,SVK,2009,25.21637872515988,3.26638435762875
SLOVAK REPUBLIC,SVK,2010,25.235913154490053,3.2671292032602097
SLOVAK REPUBLIC,SVK,2011,25.327662578152022,3.2706201954753515
SLOVAK REPUBLIC,SVK,2012,25.273174138686613,3.2685484239083515
SLOVAK REPUBLIC,SVK,2013,25.317731151453227,3.2702429002890865
SLOVAK REPUBLIC,SVK,2014,25.34270419688671,3.271191356075309
SLOVAK REPUBLIC,SVK,2015,25.210787913397102,3.2661710784400224
SLOVAK REPUBLIC,SVK,2016,25.22254980828666,3.266619720300256
SLOVAK REPUBLIC,SVK,2017,25.283961180098476,3.2689589120941287
SLOVAK REPUBLIC,SVK,2018,25.38800525522887,3.272909560512828
SLOVAK REPUBLIC,SVK,2019,25.383981226844966,3.272757054281399
SLOVAK REPUBLIC,SVK,2020,25.39364184207243,3.273123141830387
SLOVAK REPUBLIC,SVK,2021,25.49871255042872,3.2770961488092945
SLOVAK REPUBLIC,SVK,2022,25.473269808467762,3.2761355374527072
SLOVAK REPUBLIC,SVK,2023,25.612062047858632,3.2813645734513495
SLOVENIA,SVN,1990,23.709852569027447,3.2072020535330004
SLOVENIA,SVN,1991,23.39355975054427,3.1943191528098116
SLOVENIA,SVN,1992,23.381222477285284,3.1938132654246267
SLOVENIA,SVN,1993,23.393200165413162,3.1943044117148203
SLOVENIA,SVN,1994,23.519882413893924,3.19948431553832
SLOVENIA,SVN,1995,23.784421740723158,3.2102153001825378
SLOVENIA,SVN,1996,23.79165511777576,3.210507109359959
SLOVENIA,SVN,1997,23.756443293558387,3.209085790226667
SLOVENIA,SVN,1998,23.820933204640788,3.211687377967335
SLOVENIA,SVN,1999,23.846132147222885,3.2127020924291516
SLOVENIA,SVN,2000,23.733375638554456,3.2081535719574465
SLOVENIA,SVN,2001,23.761880858786775,3.209305408533358
SLOVENIA,SVN,2002,23.879835964440474,3.2140576747801317
SLOVENIA,SVN,2003,24.11221226927794,3.223354272406043
SLOVENIA,SVN,2004,24.26175209109575,3.2292914767930516
SLOVENIA,SVN,2005,24.31250162444342,3.2312984090422985
SLOVENIA,SVN,2006,24.399086521228835,3.2347132096466322
SLOVENIA,SVN,2007,24.59587005471969,3.242431012483568
SLOVENIA,SVN,2008,24.74467095985435,3.2482276526766496
SLOVENIA,SVN,2009,24.64657955937923,3.2444102122132774
SLOVENIA,SVN,2010,24.598795802446112,3.242545311412201
SLOVENIA,SVN,2011,24.666474859501722,3.2451856601512246
SLOVENIA,SVN,2012,24.564389723380394,3.2412003566796703
SLOVENIA,SVN,2013,24.603089095563234,3.242713012001183
SLOVENIA,SVN,2014,24.635232569573105,3.243967677539863
SLOVENIA,SVN,2015,24.48696297258976,3.2381670654516097
SLOVENIA,SVN,2016,24.5247309055055,3.2396478216055593
SLOVENIA,SVN,2017,24.60666506374992,3.242852671652013
SLOVENIA,SVN,2018,24.715538588783506,3.2470954235451117
SLOVENIA,SVN,2019,24.719384635600306,3.2472449735622155
SLOVENIA,SVN,2020,24.707321590031487,3.2467758381002967
SLOVENIA,SVN,2021,24.847690126284878,3.2522212401450474
SLOVENIA,SVN,2022,24.818667764399894,3.2510977870462656
SLOVENIA,SVN,2023,24.945956433265472,3.256015776016349
SMALL STATES,SST,1970,22.219923775994943,3.145010693576801
SMALL STATES,SST,1971,22.332789904659997,3.1498596633097518
SMALL STATES,SST,1972,22.482415280474914,3.1562518551072123
SMALL STATES,SST,1973,22.734109978098026,3.166913253010674
SMALL STATES,SST,1974,23.04381784473453,3.179877909234665
SMALL STATES,SST,1975,23.096401956251757,3.1820625329297005
SMALL STATES,SST,1976,23.22208775854957,3.187264934184921
SMALL STATES,SST,1977,23.40485150453516,3.194781944687744
SMALL STATES,SST,1978,23.554495219027693,3.200894942123633
SMALL STATES,SST,1979,23.762133176522656,3.209315598245997
SMALL STATES,SST,1980,24.035213813601768,3.220283386332686
SMALL STATES,SST,1981,24.050523620619618,3.220894730331156
SMALL STATES,SST,1982,24.04633943888917,3.220727686668753
SMALL STATES,SST,1983,24.0220804548348,3.2197586532539106
SMALL STATES,SST,1984,24.055878314545748,3.221108463257078
SMALL STATES,SST,1985,24.06055584730773,3.221295129880663
SMALL STATES,SST,1986,24.122955275274546,3.223781980988914
SMALL STATES,SST,1987,24.280730315961236,3.2300424579421203
SMALL STATES,SST,1988,24.37220301133353,3.2336542051322588
SMALL STATES,SST,1989,24.39009795042821,3.2343592535440493
SMALL STATES,SST,1990,24.524307446940753,3.239631231339477
SMALL STATES,SST,1991,24.572711596753347,3.2415258297014717
SMALL STATES,SST,1992,24.649551105765084,3.2445260707137393
SMALL STATES,SST,1993,24.64451903764435,3.244329866040458
SMALL STATES,SST,1994,24.70911385843104,3.2468455538783214
SMALL STATES,SST,1995,24.837836646204636,3.2518399542874805
SMALL STATES,SST,1996,24.88560442778516,3.2536870005848257
SMALL STATES,SST,1997,24.94055517296888,3.255807580855453
SMALL STATES,SST,1998,24.966269970494217,3.2567983869607366
SMALL STATES,SST,1999,25.016001978514158,3.2587118094152956
SMALL STATES,SST,2000,25.064796292239283,3.260585602814094
SMALL STATES,SST,2001,25.068814961790356,3.2607397709011443
SMALL STATES,SST,2002,25.147404825868723,3.2637499437455504
SMALL STATES,SST,2003,25.315492115879238,3.2701578195953216
SMALL STATES,SST,2004,25.46332201208242,3.275759699259868
SMALL STATES,SST,2005,25.580462005031283,3.28017643481317
SMALL STATES,SST,2006,25.69751467229241,3.284570477638931
SMALL STATES,SST,2007,25.858902890292452,3.2905973447766197
SMALL STATES,SST,2008,25.94393573447342,3.2937582529054024
SMALL STATES,SST,2009,25.82398996114159,3.289296634914737
SMALL STATES,SST,2010,25.88539839080775,3.291583328482063
SMALL STATES,SST,2011,25.99710369765496,3.2957295897932184
SMALL STATES,SST,2012,26.002323896563937,3.295922932543607
SMALL STATES,SST,2013,26.040149198875383,3.2973227688694293
SMALL STATES,SST,2014,26.073441635830577,3.2985532339205252
SMALL STATES,SST,2015,25.998021264838336,3.2957635768312743
SMALL STATES,SST,2016,26.03244205314842,3.297037702235828
SMALL STATES,SST,2017,26.126796539148987,3.300522041525418
SMALL STATES,SST,2018,26.207510354212342,3.3034930511526435
SMALL STATES,SST,2019,26.21958297646962,3.3039366766235805
SMALL STATES,SST,2020,26.112649009970095,3.300000372125722
SMALL STATES,SST,2021,26.261416019198304,3.305472369864207
SMALL STATES,SST,2022,26.364643614547234,3.309251801106992
SMALL STATES,SST,2023,26.423636661572683,3.311405293405952
SOLOMON ISLANDS,SLB,1967,17.04249438526665,2.892729774769378
SOLOMON ISLANDS,SLB,1968,17.150719577159776,2.8987102060494787
SOLOMON ISLANDS,SLB,1969,17.16914142542335,2.899724628975933
SOLOMON ISLANDS,SLB,1971,17.728670573179496,2.9300555354627735
SOLOMON ISLANDS,SLB,1972,17.519443932352186,2.9188212035163046
SOLOMON ISLANDS,SLB,1973,17.827778978383478,2.9353333844846246
SOLOMON ISLANDS,SLB,1974,18.252727454829024,2.9576527366624292
SOLOMON ISLANDS,SLB,1975,18.12792341453841,2.9511492263074817
SOLOMON ISLANDS,SLB,1976,18.235565299581957,2.9567609248850637
SOLOMON ISLANDS,SLB,1977,18.349671018793906,2.9626754177185437
SOLOMON ISLANDS,SLB,1978,18.52528782072161,2.9717104367552105
SOLOMON ISLANDS,SLB,1979,18.834619822888,2.987428886799393
SOLOMON ISLANDS,SLB,1980,19.024188222465977,2.9969409539287817
SOLOMON ISLANDS,SLB,1981,19.08208201655501,2.999827975531915
SOLOMON ISLANDS,SLB,1982,19.077692942948314,2.999609394943324
SOLOMON ISLANDS,SLB,1983,19.015224522573288,2.9964932100969968
SOLOMON ISLANDS,SLB,1984,19.017154423235322,2.996589627083164
SOLOMON ISLANDS,SLB,1985,18.924632458286947,2.99195677824702
SOLOMON ISLANDS,SLB,1986,18.810152284267875,2.9861945479231076
SOLOMON ISLANDS,SLB,1987,18.859764635971118,2.98869580738724
SOLOMON ISLANDS,SLB,1988,18.988799671168604,2.995172100244645
SOLOMON ISLANDS,SLB,1989,18.968122214297843,2.9941371126759915
SOLOMON ISLANDS,SLB,1990,19.18557943206033,3.0049684599647444
SOLOMON ISLANDS,SLB,1991,19.242838685323687,3.0078010858361477
SOLOMON ISLANDS,SLB,1992,19.41035053826689,3.0160421515036107
SOLOMON ISLANDS,SLB,1993,19.521777813423302,3.0214866546307646
SOLOMON ISLANDS,SLB,1994,19.814042584679736,3.035627883176856
SOLOMON ISLANDS,SLB,1995,19.96705787273049,3.0429525333410297
SOLOMON ISLANDS,SLB,1996,20.051070486214286,3.046951413287332
SOLOMON ISLANDS,SLB,1997,20.08186445968969,3.048413166616319
SOLOMON ISLANDS,SLB,1998,19.941461941607177,3.041731018745938
SOLOMON ISLANDS,SLB,1999,20.005876196919157,3.0448022174823284
SOLOMON ISLANDS,SLB,2000,19.85539061389488,3.0376124574612717
SOLOMON ISLANDS,SLB,2001,19.83046834743726,3.0364167392945856
SOLOMON ISLANDS,SLB,2002,19.663124188520015,3.0283506714516664
SOLOMON ISLANDS,SLB,2003,19.850199771044405,3.037363529543965
SOLOMON ISLANDS,SLB,2004,19.963990218244646,3.042806214342055
SOLOMON ISLANDS,SLB,2005,20.130623629359533,3.0507233451233198
SOLOMON ISLANDS,SLB,2006,20.240797896730303,3.055923761427593
SOLOMON ISLANDS,SLB,2007,20.35984727386541,3.061512863966498
SOLOMON ISLANDS,SLB,2008,20.4700981533276,3.0666611835303375
SOLOMON ISLANDS,SLB,2009,20.507045219952364,3.0683805661056756
SOLOMON ISLANDS,SLB,2010,20.61582948478426,3.073425892807023
SOLOMON ISLANDS,SLB,2011,20.785202877822012,3.0812309722559945
SOLOMON ISLANDS,SLB,2012,20.893190382569635,3.0861756470349673
SOLOMON ISLANDS,SLB,2013,20.974733709334615,3.0898933256063335
SOLOMON ISLANDS,SLB,2014,21.012625067726635,3.0916161554746284
SOLOMON ISLANDS,SLB,2015,20.991696194299386,3.090664936394089
SOLOMON ISLANDS,SLB,2016,21.044979923126743,3.0930849080871794
SOLOMON ISLANDS,SLB,2017,21.10838477104318,3.0959569379738623
SOLOMON ISLANDS,SLB,2018,21.202896968509947,3.100222774441647
SOLOMON ISLANDS,SLB,2019,21.205170255910904,3.1003251561729415
SOLOMON ISLANDS,SLB,2020,21.152542398266522,3.097952270864428
SOLOMON ISLANDS,SLB,2021,21.14381324197019,3.0975581456013828
SOLOMON ISLANDS,SLB,2022,21.172020731178822,3.0988311665733046
SOLOMON ISLANDS,SLB,2023,21.212634927550095,3.100661267859624
SOMALIA,SOM,1960,19.0110193541816,2.9962830895360915
SOMALIA,SOM,1961,19.07123308013052,2.999287599891081
SOMALIA,SOM,1962,19.131333442664616,3.0022774790208953
SOMALIA,SOM,1963,19.191464366873053,3.005259959009781
SOMALIA,SOM,1964,19.25154391739437,3.008231033480501
SOMALIA,SOM,1965,19.311554783074897,3.0111899252509144
SOMALIA,SOM,1966,19.366048208686014,3.0138692108627487
SOMALIA,SOM,1967,19.42051041583905,3.016539808302632
SOMALIA,SOM,1968,19.47401628775092,3.019156584030667
SOMALIA,SOM,1969,19.54026257544448,3.0223869880333316
SOMALIA,SOM,1970,19.667671066414616,3.028570695183845
SOMALIA,SOM,1971,19.66494900783539,3.0284389803988505
SOMALIA,SOM,1972,19.92004469697408,3.0407077757610783
SOMALIA,SOM,1973,19.996974632753737,3.044378362238084
SOMALIA,SOM,1974,20.165530342977444,3.0523739312057248
SOMALIA,SOM,1975,20.444894787129805,3.065486611784265
SOMALIA,SOM,1976,20.585547686487423,3.0720240021619087
SOMALIA,SOM,1977,20.027215896728503,3.0458175937289873
SOMALIA,SOM,1978,20.151578166772158,3.0517145205228027
SOMALIA,SOM,1979,20.194898806923433,3.0537605304088404
SOMALIA,SOM,1980,20.21662402955561,3.0547850267286805
SOMALIA,SOM,1981,20.365593929133013,3.061781867873325
SOMALIA,SOM,1982,20.467830126074364,3.0665555413931305
SOMALIA,SOM,1983,20.415936877875467,3.0641353587854048
SOMALIA,SOM,1984,20.48429080359512,3.0673220077733845
SOMALIA,SOM,1985,20.590536690654528,3.0722551025157863
SOMALIA,SOM,1986,20.636171677977106,3.074366528807479
SOMALIA,SOM,1987,20.74206076498204,3.0792486685981606
SOMALIA,SOM,1988,20.77357576676173,3.0806971137917203
SOMALIA,SOM,1989,20.889932868505756,3.0860268447646857
SOMALIA,SOM,1990,20.754068604139555,3.0798008023000203
SOMALIA,SOM,1991,20.39194520963849,3.063014459101562
SOMALIA,SOM,1992,20.37978571223726,3.0624458827326975
SOMALIA,SOM,1993,20.954483072809143,3.0889713588860817
SOMALIA,SOM,1994,21.116121848789014,3.0963068379915732
SOMALIA,SOM,1995,21.15163733536454,3.0979114140916564
SOMALIA,SOM,1996,21.30672888926506,3.104888376863766
SOMALIA,SOM,1997,21.507965698372978,3.1138692775949726
SOMALIA,SOM,1998,21.809146610872578,3.127161622657905
SOMALIA,SOM,1999,21.837013514769723,3.128382619441972
SOMALIA,SOM,2000,21.950798158552953,3.133352714052264
SOMALIA,SOM,2001,21.535460792902636,3.11509010381031
SOMALIA,SOM,2002,21.508392262534898,3.1138882291130985
SOMALIA,SOM,2003,21.76591582610744,3.1252644975452033
SOMALIA,SOM,2004,22.073827526025276,3.138698967658113
SOMALIA,SOM,2005,22.267257393160115,3.1470471101687476
SOMALIA,SOM,2006,22.338038152527602,3.150084568163949
SOMALIA,SOM,2007,22.41533640403921,3.1533912095636567
SOMALIA,SOM,2008,22.500524051531194,3.1570227209666277
SOMALIA,SOM,2009,21.80459447087422,3.126962027540052
SOMALIA,SOM,2010,21.711991457825516,3.1228930430621773
SOMALIA,SOM,2011,21.790043435450485,3.1263237491553153
SOMALIA,SOM,2012,22.11993182354518,3.1406950949912296
SOMALIA,SOM,2013,22.487315104933433,3.1564604926461586
SOMALIA,SOM,2014,22.600799332671052,3.161280581486422
SOMALIA,SOM,2015,22.667023262711187,3.164082655698194
SOMALIA,SOM,2016,22.723501362650094,3.1664661754892847
SOMALIA,SOM,2017,22.833769222251572,3.17110344991013
SOMALIA,SOM,2018,22.836892877975536,3.171234501403473
SOMALIA,SOM,2019,22.966146705617064,3.1766422806476253
SOMALIA,SOM,2020,22.942919261412616,3.1756726334397114
SOMALIA,SOM,2021,23.0095905973087,3.1784533587470407
SOMALIA,SOM,2022,23.066948841787777,3.1808394818899606
SOMALIA,SOM,2023,23.18112670034322,3.1855724404758923
SOUTH AFRICA,ZAF,1960,22.89215912451465,3.173550335006706
SOUTH AFRICA,ZAF,1961,22.94529102208212,3.1757716874932
SOUTH AFRICA,ZAF,1962,23.007075374614203,3.1783485941764114
SOUTH AFRICA,ZAF,1963,23.107817538804525,3.182536167100557
SOUTH AFRICA,ZAF,1964,23.204498681368182,3.1865385118104395
SOUTH AFRICA,ZAF,1965,23.29350845056139,3.1902091727055293
SOUTH AFRICA,ZAF,1966,23.377309896369997,3.1936527773732757
SOUTH AFRICA,ZAF,1967,23.484628890945718,3.198045528451537
SOUTH AFRICA,ZAF,1968,23.563793142194466,3.2012735352541366
SOUTH AFRICA,ZAF,1969,23.68114006794424,3.2060393919712595
SOUTH AFRICA,ZAF,1970,23.778134166724058,3.209961577430847
SOUTH AFRICA,ZAF,1971,23.87647510792049,3.2139225821073567
SOUTH AFRICA,ZAF,1972,23.922588507446385,3.215774561215323
SOUTH AFRICA,ZAF,1973,24.227704650838565,3.2279427815360524
SOUTH AFRICA,ZAF,1974,24.446285478213134,3.2365697786394647
SOUTH AFRICA,ZAF,1975,24.48229862131096,3.237984039402342
SOUTH AFRICA,ZAF,1976,24.440500949611184,3.236342429693582
SOUTH AFRICA,ZAF,1977,24.537199854563262,3.240136206949396
SOUTH AFRICA,ZAF,1978,24.66693116000432,3.245203438067712
SOUTH AFRICA,ZAF,1979,24.86701399560881,3.252968566096202
SOUTH AFRICA,ZAF,1980,25.216519221757043,3.2663897167297216
SOUTH AFRICA,ZAF,1981,25.257385380299713,3.267947297287698
SOUTH AFRICA,ZAF,1982,25.176496898923087,3.2648619432369177
SOUTH AFRICA,ZAF,1983,25.289737926985357,3.2691786701483743
SOUTH AFRICA,ZAF,1984,25.16438843582223,3.264399266182855
SOUTH AFRICA,ZAF,1985,24.88930103420973,3.2538297958791045
SOUTH AFRICA,ZAF,1986,25.018573389171124,3.258810644108993
SOUTH AFRICA,ZAF,1987,25.29317938200588,3.2693095664622938
SOUTH AFRICA,ZAF,1988,25.367433940799184,3.27212968583883
SOUTH AFRICA,ZAF,1989,25.405911969278694,3.2735879233121015
SOUTH AFRICA,ZAF,1990,25.559929735547794,3.2794036791057803
SOUTH AFRICA,ZAF,1991,25.63004835401236,3.2820402155963424
SOUTH AFRICA,ZAF,1992,25.713400086619142,3.2851653154119527
SOUTH AFRICA,ZAF,1993,25.715022360306666,3.2852260424038318
SOUTH AFRICA,ZAF,1994,25.757049217364322,3.2867979607706146
SOUTH AFRICA,ZAF,1995,25.86922386598949,3.290981537431272
SOUTH AFRICA,ZAF,1996,25.818456260138298,3.289090316917974
SOUTH AFRICA,ZAF,1997,25.853034705142306,3.2903788389681834
SOUTH AFRICA,ZAF,1998,25.753592540110102,3.2866687648893658
SOUTH AFRICA,ZAF,1999,25.7439633835435,3.2863087799702666
SOUTH AFRICA,ZAF,2000,25.74551843617933,3.286366924210344
SOUTH AFRICA,ZAF,2001,25.631720043955887,3.2821029882001955
SOUTH AFRICA,ZAF,2002,25.58375674450256,3.280300380562886
SOUTH AFRICA,ZAF,2003,26.006565831653205,3.2960800153912397
SOUTH AFRICA,ZAF,2004,26.26768873352384,3.305702438352646
SOUTH AFRICA,ZAF,2005,26.389232963409206,3.310149978626168
SOUTH AFRICA,ZAF,2006,26.43982854658849,3.311995554535995
SOUTH AFRICA,ZAF,2007,26.531639883459967,3.3153358845239427
SOUTH AFRICA,ZAF,2008,26.479423339656922,3.313437482405324
SOUTH AFRICA,ZAF,2009,26.521612942788344,3.314971621187346
SOUTH AFRICA,ZAF,2010,26.757224155101333,3.323496136226053
SOUTH AFRICA,ZAF,2011,26.850570504457195,3.3268534510632
SOUTH AFRICA,ZAF,2012,26.79723286036694,3.3249364783455433
SOUTH AFRICA,ZAF,2013,26.71694296847213,3.3220438857174877
SOUTH AFRICA,ZAF,2014,26.666587043811532,3.320225441189824
SOUTH AFRICA,ZAF,2015,26.57175392823078,3.3167918402857266
SOUTH AFRICA,ZAF,2016,26.50272924261914,3.3142852449341986
SOUTH AFRICA,ZAF,2017,26.667242510002286,3.3202491325264285
SOUTH AFRICA,ZAF,2018,26.727796459624205,3.32243539233841
SOUTH AFRICA,ZAF,2019,26.68769323275451,3.320988026842112
SOUTH AFRICA,ZAF,2020,26.54717347944098,3.31589993430804
SOUTH AFRICA,ZAF,2021,26.763801014760933,3.323733050428204
SOUTH AFRICA,ZAF,2022,26.727821446204736,3.322436293476346
SOUTH AFRICA,ZAF,2023,26.657582090419957,3.319899907029546
SOUTH ASIA,SAS,1960,24.57923324470231,3.2417808209048173
SOUTH ASIA,SAS,1961,24.644594047359003,3.244332791016545
SOUTH ASIA,SAS,1962,24.71050313143442,3.2468995905703486
SOUTH ASIA,SAS,1963,24.82584959629941,3.251375912675581
SOUTH ASIA,SAS,1964,24.962000658891917,3.2566339558498916
SOUTH ASIA,SAS,1965,25.03138122543654,3.2593027804276025
SOUTH ASIA,SAS,1966,24.844481841822468,3.252097109765364
SOUTH ASIA,SAS,1967,24.942610415009668,3.255886806632006
SOUTH ASIA,SAS,1968,24.994954357069606,3.257902455999154
SOUTH ASIA,SAS,1969,25.090942664679744,3.2615882297599947
SOUTH ASIA,SAS,1970,25.167671478787906,3.2645247358462064
SOUTH ASIA,SAS,1971,25.229738500565347,3.2668938243500683
SOUTH ASIA,SAS,1972,25.23783181830237,3.267202331786263
SOUTH ASIA,SAS,1973,25.372582596154974,3.272324932473557
SOUTH ASIA,SAS,1974,25.563910151908416,3.27955353334736
SOUTH ASIA,SAS,1975,25.6312570787219,3.2820856040711437
SOUTH ASIA,SAS,1976,25.605109777816537,3.2811032942498004
SOUTH ASIA,SAS,1977,25.75173922294224,3.2865994889085415
SOUTH ASIA,SAS,1978,25.88114991697043,3.291425294389123
SOUTH ASIA,SAS,1979,25.994558649182174,3.295635314182354
SOUTH ASIA,SAS,1980,26.185160952551,3.3026712712186135
SOUTH ASIA,SAS,1981,26.245033540512548,3.3048712491046857
SOUTH ASIA,SAS,1982,26.279040154774602,3.3061186474139768
SOUTH ASIA,SAS,1983,26.33596243051568,3.308203140452801
SOUTH ASIA,SAS,1984,26.331297302830876,3.3080324669008845
SOUTH ASIA,SAS,1985,26.41509536029087,3.311093787248316
SOUTH ASIA,SAS,1986,26.47251598271757,3.3131860861102744
SOUTH ASIA,SAS,1987,26.57719632760829,3.316989211201036
SOUTH ASIA,SAS,1988,26.649082479309016,3.319592544029301
SOUTH ASIA,SAS,1989,26.65820485487308,3.319922423728215
SOUTH ASIA,SAS,1990,26.731988979637084,3.3225865836922046
SOUTH ASIA,SAS,1991,26.615084659878118,3.318362169069187
SOUTH ASIA,SAS,1992,26.675265741526886,3.3205390807717934
SOUTH ASIA,SAS,1993,26.665776888196536,3.3201961579437276
SOUTH ASIA,SAS,1994,26.791889450862374,3.3247442317584825
SOUTH ASIA,SAS,1995,26.896188022480057,3.328490049473953
SOUTH ASIA,SAS,1996,26.986056867692334,3.3317064171364716
SOUTH ASIA,SAS,1997,27.033927150607372,3.3334154606289204
SOUTH ASIA,SAS,1998,27.047834587911343,3.333911430696833
SOUTH ASIA,SAS,1999,27.11684869120681,3.3363689942047547
SOUTH ASIA,SAS,2000,27.196665156928116,3.339203714104655
SOUTH ASIA,SAS,2001,27.219306877663875,3.34000638473621
SOUTH ASIA,SAS,2002,27.267833602636436,3.3417245363897616
SOUTH ASIA,SAS,2003,27.42235817763602,3.3471760952166454
SOUTH ASIA,SAS,2004,27.57084730670669,3.35238687302051
SOUTH ASIA,SAS,2005,27.704114862137224,3.357040487475724
SOUTH ASIA,SAS,2006,27.83047864821613,3.361433113948015
SOUTH ASIA,SAS,2007,28.06022674008432,3.369370460592232
SOUTH ASIA,SAS,2008,28.075510514647185,3.369896256793904
SOUTH ASIA,SAS,2009,28.163245128542073,3.3729091879355595
SOUTH ASIA,SAS,2010,28.36452192946487,3.379787208558112
SOUTH ASIA,SAS,2011,28.46135777643152,3.383079498785446
SOUTH ASIA,SAS,2012,28.476004376458985,3.383576521380077
SOUTH ASIA,SAS,2013,28.502270576383093,3.384467229074789
SOUTH ASIA,SAS,2014,28.592252909385575,3.3875126010395076
SOUTH ASIA,SAS,2015,28.636647474792348,3.3890116858927684
SOUTH ASIA,SAS,2016,28.733305666138897,3.3922678204063974
SOUTH ASIA,SAS,2017,28.864723963825956,3.39667798334316
SOUTH ASIA,SAS,2018,28.89347040829509,3.3976400755545644
SOUTH ASIA,SAS,2019,28.92799500876418,3.3987943302710444
SOUTH ASIA,SAS,2020,28.881816643654656,3.3972501563969044
SOUTH ASIA,SAS,2021,29.03708936873817,3.4024329303486915
SOUTH ASIA,SAS,2022,29.09596236117367,3.40439102193235
SOUTH ASIA,SAS,2023,29.129654305513466,3.4055098796450407
SOUTH ASIA (IDA & IBRD),TSA,1960,24.57923324470231,3.2417808209048173
SOUTH ASIA (IDA & IBRD),TSA,1961,24.644594047359003,3.244332791016545
SOUTH ASIA (IDA & IBRD),TSA,1962,24.71050313143442,3.2468995905703486
SOUTH ASIA (IDA & IBRD),TSA,1963,24.82584959629941,3.251375912675581
SOUTH ASIA (IDA & IBRD),TSA,1964,24.962000658891917,3.2566339558498916
SOUTH ASIA (IDA & IBRD),TSA,1965,25.03138122543654,3.2593027804276025
SOUTH ASIA (IDA & IBRD),TSA,1966,24.844481841822468,3.252097109765364
SOUTH ASIA (IDA & IBRD),TSA,1967,24.942610415009668,3.255886806632006
SOUTH ASIA (IDA & IBRD),TSA,1968,24.994954357069606,3.257902455999154
SOUTH ASIA (IDA & IBRD),TSA,1969,25.090942664679744,3.2615882297599947
SOUTH ASIA (IDA & IBRD),TSA,1970,25.167671478787906,3.2645247358462064
SOUTH ASIA (IDA & IBRD),TSA,1971,25.229738500565347,3.2668938243500683
SOUTH ASIA (IDA & IBRD),TSA,1972,25.23783181830237,3.267202331786263
SOUTH ASIA (IDA & IBRD),TSA,1973,25.372582596154974,3.272324932473557
SOUTH ASIA (IDA & IBRD),TSA,1974,25.563910151908416,3.27955353334736
SOUTH ASIA (IDA & IBRD),TSA,1975,25.6312570787219,3.2820856040711437
SOUTH ASIA (IDA & IBRD),TSA,1976,25.605109777816537,3.2811032942498004
SOUTH ASIA (IDA & IBRD),TSA,1977,25.75173922294224,3.2865994889085415
SOUTH ASIA (IDA & IBRD),TSA,1978,25.88114991697043,3.291425294389123
SOUTH ASIA (IDA & IBRD),TSA,1979,25.994558649182174,3.295635314182354
SOUTH ASIA (IDA & IBRD),TSA,1980,26.185160952551,3.3026712712186135
SOUTH ASIA (IDA & IBRD),TSA,1981,26.245033540512548,3.3048712491046857
SOUTH ASIA (IDA & IBRD),TSA,1982,26.279040154774602,3.3061186474139768
SOUTH ASIA (IDA & IBRD),TSA,1983,26.33596243051568,3.308203140452801
SOUTH ASIA (IDA & IBRD),TSA,1984,26.331297302830876,3.3080324669008845
SOUTH ASIA (IDA & IBRD),TSA,1985,26.41509536029087,3.311093787248316
SOUTH ASIA (IDA & IBRD),TSA,1986,26.47251598271757,3.3131860861102744
SOUTH ASIA (IDA & IBRD),TSA,1987,26.57719632760829,3.316989211201036
SOUTH ASIA (IDA & IBRD),TSA,1988,26.649082479309016,3.319592544029301
SOUTH ASIA (IDA & IBRD),TSA,1989,26.65820485487308,3.319922423728215
SOUTH ASIA (IDA & IBRD),TSA,1990,26.731988979637084,3.3225865836922046
SOUTH ASIA (IDA & IBRD),TSA,1991,26.615084659878118,3.318362169069187
SOUTH ASIA (IDA & IBRD),TSA,1992,26.675265741526886,3.3205390807717934
SOUTH ASIA (IDA & IBRD),TSA,1993,26.665776888196536,3.3201961579437276
SOUTH ASIA (IDA & IBRD),TSA,1994,26.791889450862374,3.3247442317584825
SOUTH ASIA (IDA & IBRD),TSA,1995,26.896188022480057,3.328490049473953
SOUTH ASIA (IDA & IBRD),TSA,1996,26.986056867692334,3.3317064171364716
SOUTH ASIA (IDA & IBRD),TSA,1997,27.033927150607372,3.3334154606289204
SOUTH ASIA (IDA & IBRD),TSA,1998,27.047834587911343,3.333911430696833
SOUTH ASIA (IDA & IBRD),TSA,1999,27.11684869120681,3.3363689942047547
SOUTH ASIA (IDA & IBRD),TSA,2000,27.196665156928116,3.339203714104655
SOUTH ASIA (IDA & IBRD),TSA,2001,27.219306877663875,3.34000638473621
SOUTH ASIA (IDA & IBRD),TSA,2002,27.267833602636436,3.3417245363897616
SOUTH ASIA (IDA & IBRD),TSA,2003,27.42235817763602,3.3471760952166454
SOUTH ASIA (IDA & IBRD),TSA,2004,27.57084730670669,3.35238687302051
SOUTH ASIA (IDA & IBRD),TSA,2005,27.704114862137224,3.357040487475724
SOUTH ASIA (IDA & IBRD),TSA,2006,27.83047864821613,3.361433113948015
SOUTH ASIA (IDA & IBRD),TSA,2007,28.06022674008432,3.369370460592232
SOUTH ASIA (IDA & IBRD),TSA,2008,28.075510514647185,3.369896256793904
SOUTH ASIA (IDA & IBRD),TSA,2009,28.163245128542073,3.3729091879355595
SOUTH ASIA (IDA & IBRD),TSA,2010,28.36452192946487,3.379787208558112
SOUTH ASIA (IDA & IBRD),TSA,2011,28.46135777643152,3.383079498785446
SOUTH ASIA (IDA & IBRD),TSA,2012,28.476004376458985,3.383576521380077
SOUTH ASIA (IDA & IBRD),TSA,2013,28.502270576383093,3.384467229074789
SOUTH ASIA (IDA & IBRD),TSA,2014,28.592252909385575,3.3875126010395076
SOUTH ASIA (IDA & IBRD),TSA,2015,28.636647474792348,3.3890116858927684
SOUTH ASIA (IDA & IBRD),TSA,2016,28.733305666138897,3.3922678204063974
SOUTH ASIA (IDA & IBRD),TSA,2017,28.864723963825956,3.39667798334316
SOUTH ASIA (IDA & IBRD),TSA,2018,28.89347040829509,3.3976400755545644
SOUTH ASIA (IDA & IBRD),TSA,2019,28.92799500876418,3.3987943302710444
SOUTH ASIA (IDA & IBRD),TSA,2020,28.881816643654656,3.3972501563969044
SOUTH ASIA (IDA & IBRD),TSA,2021,29.03708936873817,3.4024329303486915
SOUTH ASIA (IDA & IBRD),TSA,2022,29.09596236117367,3.40439102193235
SOUTH ASIA (IDA & IBRD),TSA,2023,29.129654305513466,3.4055098796450407
SOUTH SUDAN,SSD,2008,23.40334537301965,3.1947202283526877
SOUTH SUDAN,SSD,2009,23.227261176645378,3.187478494046061
SOUTH SUDAN,SSD,2010,23.404429301542848,3.194764644576562
SOUTH SUDAN,SSD,2011,23.425117462025696,3.195612007007383
SOUTH SUDAN,SSD,2012,23.202445466070962,3.186453680374181
SOUTH SUDAN,SSD,2013,23.637054001393057,3.204251569885482
SOUTH SUDAN,SSD,2014,23.35962043514691,3.192926861240292
SOUTH SUDAN,SSD,2015,23.207989199957098,3.1866827109106186
SPAIN,ESP,1960,23.243651812600806,3.188154802189207
SPAIN,ESP,1961,23.37990370452286,3.1937591742718574
SPAIN,ESP,1962,23.53396317061332,3.2000584094523994
SPAIN,ESP,1963,23.701126713468994,3.2068488585234753
SPAIN,ESP,1964,23.813516038589533,3.211388506267556
SPAIN,ESP,1965,23.9618592564561,3.2173490301683763
SPAIN,ESP,1966,24.110383377212234,3.223281440962627
SPAIN,ESP,1967,24.207399772369893,3.227137593173784
SPAIN,ESP,1968,24.201963653285365,3.226921914230977
SPAIN,ESP,1969,24.33734633048923,3.232279446855503
SPAIN,ESP,1970,24.43666703559798,3.2361917171373493
SPAIN,ESP,1971,24.565283037170882,3.2412352997466742
SPAIN,ESP,1972,24.80304509190017,3.250492511780791
SPAIN,ESP,1973,25.0881402851114,3.261480815853402
SPAIN,ESP,1974,25.30079764086425,3.2695992672737892
SPAIN,ESP,1975,25.46625735638746,3.2758706143414944
SPAIN,ESP,1976,25.498239426737662,3.2770782940582786
SPAIN,ESP,1977,25.609465594804625,3.281267001917007
SPAIN,ESP,1978,25.802180692629033,3.288483253334472
SPAIN,ESP,1979,26.09205078115116,3.299240355747444
SPAIN,ESP,1980,26.173303029455084,3.3022349850392274
SPAIN,ESP,1981,26.035525020687345,3.2971517426819226
SPAIN,ESP,1982,26.001363937394565,3.2958873809282276
SPAIN,ESP,1983,25.86464388845575,3.2908110684985026
SPAIN,ESP,1984,25.87135845094784,3.291060977767325
SPAIN,ESP,1985,25.920621132682847,3.292892577789795
SPAIN,ESP,1986,26.249997142702718,3.3050534162543013
SPAIN,ESP,1987,26.487666456812022,3.3137374115901297
SPAIN,ESP,1988,26.653281511543607,3.3197444012715462
SPAIN,ESP,1989,26.750958780753457,3.3232703902533656
SPAIN,ESP,1990,27.008441603213363,3.3325059505665324
SPAIN,ESP,1991,27.081396059460232,3.3351072951389953
SPAIN,ESP,1992,27.170438597448488,3.3382731514315584
SPAIN,ESP,1993,26.986808157791344,3.3317332619334534
SPAIN,ESP,1994,26.99720385486494,3.3321046428623777
SPAIN,ESP,1995,27.14425216364178,3.337343147720619
SPAIN,ESP,1996,27.188771153871755,3.3389237126140423
SPAIN,ESP,1997,27.103519335994452,3.33589481177124
SPAIN,ESP,1998,27.151718116645057,3.337608387062258
SPAIN,ESP,1999,27.176745223440182,3.3384970002768912
SPAIN,ESP,2000,27.117463954065027,3.3363908763201144
SPAIN,ESP,2001,27.16553531297904,3.338099078485216
SPAIN,ESP,2002,27.286778112880334,3.3423944909833065
SPAIN,ESP,2003,27.533950062186822,3.3510946085749778
SPAIN,ESP,2004,27.697796828255804,3.3568203542529487
SPAIN,ESP,2005,27.77400899954465,3.3594725143813404
SPAIN,ESP,2006,27.862449435842027,3.3625414227810118
SPAIN,ESP,2007,28.019002659911262,3.36795087952954
SPAIN,ESP,2008,28.120743725315485,3.3714507630200465
SPAIN,ESP,2009,28.030785287003038,3.3683568285491763
SPAIN,ESP,2010,27.98316153427661,3.3667150246025943
SPAIN,ESP,2011,28.023543153179393,3.3681073334966696
SPAIN,ESP,2012,27.91224543595264,3.364265222882485
SPAIN,ESP,2013,27.93525018060236,3.365060581285377
SPAIN,ESP,2014,27.947159833388568,3.3654720932784468
SPAIN,ESP,2015,27.81013500973424,3.3607272352962947
SPAIN,ESP,2016,27.840921333748412,3.361795258291647
SPAIN,ESP,2017,27.903522540861463,3.363963474917782
SPAIN,ESP,2018,27.98287636442519,3.3667051853980614
SPAIN,ESP,2019,27.9634279966984,3.366033930564074
SPAIN,ESP,2020,27.87641830238365,3.363025286332943
SPAIN,ESP,2021,27.99958130718861,3.3672813921990983
SPAIN,ESP,2022,27.98012781923076,3.366610347484285
SPAIN,ESP,2023,28.0888855577971,3.370356161625341
SRI LANKA,LKA,1960,21.066766139879185,3.094072682114202
SRI LANKA,LKA,1961,21.090909812255717,3.0951662031957285
SRI LANKA,LKA,1962,21.08384262380644,3.094846238142396
SRI LANKA,LKA,1963,20.93891922199668,3.0882621930137164
SRI LANKA,LKA,1964,20.993100512250297,3.090728791091918
SRI LANKA,LKA,1965,21.252904968244458,3.1024725604605234
SRI LANKA,LKA,1966,21.283721608131557,3.1038564391767247
SRI LANKA,LKA,1967,21.343554659953828,3.1065378973644884
SRI LANKA,LKA,1968,21.31179918846153,3.1051156501260957
SRI LANKA,LKA,1969,21.399036017425015,3.1090179229985813
SRI LANKA,LKA,1970,21.554639254435088,3.1159407766927765
SRI LANKA,LKA,1971,21.58586401971653,3.1173242247271045
SRI LANKA,LKA,1972,21.660901671931672,3.1206410461555874
SRI LANKA,LKA,1973,21.779535878874007,3.1258625837497616
SRI LANKA,LKA,1974,21.99711533260177,3.1353687877417014
SRI LANKA,LKA,1975,22.05597431599792,3.1379249252731105
SRI LANKA,LKA,1976,22.001785620157055,3.1355718485746604
SRI LANKA,LKA,1977,22.13535210447117,3.14136184180101
SRI LANKA,LKA,1978,21.72873301440762,3.123629895633699
SRI LANKA,LKA,1979,21.936578320044635,3.132732942775075
SRI LANKA,LKA,1980,22.11569680541108,3.1405119021474626
SRI LANKA,LKA,1981,22.20846485450231,3.144517076543632
SRI LANKA,LKA,1982,22.285353201997342,3.1478245449685285
SRI LANKA,LKA,1983,22.365734827389602,3.1512706255782277
SRI LANKA,LKA,1984,22.522244988562527,3.157946568669331
SRI LANKA,LKA,1985,22.51142900924668,3.157486643743755
SRI LANKA,LKA,1986,22.580377646677917,3.1604149105313555
SRI LANKA,LKA,1987,22.622708190979058,3.162208460885
SRI LANKA,LKA,1988,22.66608142868931,3.164042859702214
SRI LANKA,LKA,1989,22.667355427472064,3.1640966905189765
SRI LANKA,LKA,1990,22.806768019707743,3.169969910827736
SRI LANKA,LKA,1991,22.920530700313456,3.1747371153042687
SRI LANKA,LKA,1992,22.995702152191765,3.177874737319737
SRI LANKA,LKA,1993,23.059158003072397,3.1805157142181417
SRI LANKA,LKA,1994,23.184358181156394,3.1857060680338876
SRI LANKA,LKA,1995,23.29049701683724,3.1900852045930184
SRI LANKA,LKA,1996,23.354991957028233,3.192736837019414
SRI LANKA,LKA,1997,23.43742493294348,3.196115765943157
SRI LANKA,LKA,1998,23.48295755212132,3.1979772653842122
SRI LANKA,LKA,1999,23.474141008285507,3.197617091101406
SRI LANKA,LKA,2000,23.51631960061468,3.199339001947987
SRI LANKA,LKA,2001,23.480090570656795,3.197860157419013
SRI LANKA,LKA,2002,23.52883805158568,3.199849488684787
SRI LANKA,LKA,2003,23.661462501619205,3.2052418026126337
SRI LANKA,LKA,2004,23.75158755557001,3.208889630616977
SRI LANKA,LKA,2005,23.918086278986046,3.215593896387173
SRI LANKA,LKA,2006,24.065413690889333,3.221488955302558
SRI LANKA,LKA,2007,24.19988723840469,3.2268395198408855
SRI LANKA,LKA,2008,24.42983358214892,3.235923035258031
SRI LANKA,LKA,2009,24.462510977561603,3.237207212679453
SRI LANKA,LKA,2010,24.79461742651743,3.2501658432827876
SRI LANKA,LKA,2011,24.939138768504556,3.2557529774313743
SRI LANKA,LKA,2012,24.978129569774595,3.2572550136458616
SRI LANKA,LKA,2013,25.067078767438826,3.260673168250725
SRI LANKA,LKA,2014,25.136409957923302,3.2633293597406166
SRI LANKA,LKA,2015,25.16757401867001,3.264521011391798
SRI LANKA,LKA,2016,25.200742212206418,3.2657877390759693
SRI LANKA,LKA,2017,25.270555160161898,3.2684487363314765
SRI LANKA,LKA,2018,25.271800814324802,3.2684961515697175
SRI LANKA,LKA,2019,25.212070488519945,3.266220010343478
SRI LANKA,LKA,2020,25.157698694373337,3.2641435523208027
SRI LANKA,LKA,2021,25.20750302492957,3.2660457447668705
SRI LANKA,LKA,2022,25.029286787808786,3.2592223190079235
SRI LANKA,LKA,2023,25.158321975424535,3.2641673798613247
ST. KITTS AND NEVIS,KNA,1960,16.330512738912677,2.852468690070716
ST. KITTS AND NEVIS,KNA,1961,16.339902479262516,2.853010347303277
ST. KITTS AND NEVIS,KNA,1962,16.344564492368328,2.8532791715661787
ST. KITTS AND NEVIS,KNA,1963,16.36755401059303,2.854603753445791
ST. KITTS AND NEVIS,KNA,1964,16.412005773163862,2.857159955252359
ST. KITTS AND NEVIS,KNA,1965,16.425134098360342,2.8579136523621886
ST. KITTS AND NEVIS,KNA,1966,16.487524390959624,2.8614877347560093
ST. KITTS AND NEVIS,KNA,1967,16.63345129379606,2.8697977398030345
ST. KITTS AND NEVIS,KNA,1968,16.496532086678563,2.8620026948163875
ST. KITTS AND NEVIS,KNA,1969,16.578680058287564,2.8666868074295646
ST. KITTS AND NEVIS,KNA,1970,16.60667566577699,2.8682781293202266
ST. KITTS AND NEVIS,KNA,1971,16.792301901819567,2.8787658863268386
ST. KITTS AND NEVIS,KNA,1972,16.948604029868974,2.8875123419863167
ST. KITTS AND NEVIS,KNA,1973,17.001698647702902,2.890466122760489
ST. KITTS AND NEVIS,KNA,1974,17.265969621434333,2.905039745147242
ST. KITTS AND NEVIS,KNA,1975,17.322989689803578,2.908156538606376
ST. KITTS AND NEVIS,KNA,1976,17.219889615870745,2.9025138334090004
ST. KITTS AND NEVIS,KNA,1977,17.610916514376004,2.923748317930262
ST. KITTS AND NEVIS,KNA,1978,17.71613551844005,2.9293860137578394
ST. KITTS AND NEVIS,KNA,1979,17.890345042685922,2.93865094723786
ST. KITTS AND NEVIS,KNA,1980,18.041749370956055,2.9466339038693112
ST. KITTS AND NEVIS,KNA,1981,18.20858702882474,2.955357420135874
ST. KITTS AND NEVIS,KNA,1982,18.2701162187716,2.9585555134808232
ST. KITTS AND NEVIS,KNA,1983,18.279970203652276,2.9590667437274853
ST. KITTS AND NEVIS,KNA,1984,18.406619381785283,2.9656142131186742
ST. KITTS AND NEVIS,KNA,1985,18.5251074904501,2.971701200983328
ST. KITTS AND NEVIS,KNA,1986,18.68830182240083,2.9800246432435364
ST. KITTS AND NEVIS,KNA,1987,18.811019680487657,2.9862383324038237
ST. KITTS AND NEVIS,KNA,1988,18.967023650434392,2.9940820952801643
ST. KITTS AND NEVIS,KNA,1989,19.07570290716138,2.999510273275209
ST. KITTS AND NEVIS,KNA,1990,19.19660194149734,3.005514369538514
ST. KITTS AND NEVIS,KNA,1991,19.211593001048307,3.0062563507262428
ST. KITTS AND NEVIS,KNA,1992,19.3050143925994,3.010867869958468
ST. KITTS AND NEVIS,KNA,1993,19.39053330625046,3.015070739528796
ST. KITTS AND NEVIS,KNA,1994,19.50302563052688,3.020572466986793
ST. KITTS AND NEVIS,KNA,1995,19.563262660733034,3.0235061177214515
ST. KITTS AND NEVIS,KNA,1996,19.626485203107272,3.0265759394757854
ST. KITTS AND NEVIS,KNA,1997,19.741479614117477,3.03213554134243
ST. KITTS AND NEVIS,KNA,1998,19.76421720509743,3.033231178568016
ST. KITTS AND NEVIS,KNA,1999,19.823329353276048,3.0360739617028565
ST. KITTS AND NEVIS,KNA,2000,19.859794687468746,3.0378236071209654
ST. KITTS AND NEVIS,KNA,2001,19.94378449515636,3.04184191954033
ST. KITTS AND NEVIS,KNA,2002,19.99153867515417,3.0441194362985025
ST. KITTS AND NEVIS,KNA,2003,19.96796634171478,3.0429958607982783
ST. KITTS AND NEVIS,KNA,2004,20.043824303442577,3.046607134824136
ST. KITTS AND NEVIS,KNA,2005,20.12033169271408,3.0502361638621833
ST. KITTS AND NEVIS,KNA,2006,20.283853199094096,3.0579487194679995
ST. KITTS AND NEVIS,KNA,2007,20.351165655074766,3.0611063356116377
ST. KITTS AND NEVIS,KNA,2008,20.471840259631538,3.0667423212884026
ST. KITTS AND NEVIS,KNA,2009,20.467435226047407,3.06653714625693
ST. KITTS AND NEVIS,KNA,2010,20.473160201590396,3.0668037925630607
ST. KITTS AND NEVIS,KNA,2011,20.544249921605612,3.070108955962139
ST. KITTS AND NEVIS,KNA,2012,20.531356239219924,3.0695103023890415
ST. KITTS AND NEVIS,KNA,2013,20.589615918779494,3.0722124545944833
ST. KITTS AND NEVIS,KNA,2014,20.674192299297175,3.0761222578106726
ST. KITTS AND NEVIS,KNA,2015,20.679546129590086,3.0763692413702985
ST. KITTS AND NEVIS,KNA,2016,20.730061214499383,3.078696611314503
ST. KITTS AND NEVIS,KNA,2017,20.778679519751424,3.0809314875562697
ST. KITTS AND NEVIS,KNA,2018,20.797025600334347,3.0817735201345764
ST. KITTS AND NEVIS,KNA,2019,20.825692051751183,3.083087810352435
ST. KITTS AND NEVIS,KNA,2020,20.599879632819594,3.0726877421199443
ST. KITTS AND NEVIS,KNA,2021,20.570839595346452,3.0713423838598772
ST. KITTS AND NEVIS,KNA,2022,20.704520872350017,3.077520573979001
ST. KITTS AND NEVIS,KNA,2023,20.79747597848384,3.081794182288435
ST. LUCIA,LCA,1980,18.95348527443713,2.993403828550561
ST. LUCIA,LCA,1981,19.085657047545613,3.000005980621738
ST. LUCIA,LCA,1982,19.02681654752268,2.997072202823813
ST. LUCIA,LCA,1983,19.098902274295636,3.0006652003545513
ST. LUCIA,LCA,1984,19.342879912512686,3.012730969216801
ST. LUCIA,LCA,1985,19.466048518101662,3.0187673433302606
ST. LUCIA,LCA,1986,19.644456175574483,3.0274468172896993
ST. LUCIA,LCA,1987,19.74391696910512,3.032253045582051
ST. LUCIA,LCA,1988,19.8784340690544,3.0387167635092487
ST. LUCIA,LCA,1989,20.003089983998546,3.0446695689942556
ST. LUCIA,LCA,1990,20.177899887928245,3.052958179823997
ST. LUCIA,LCA,1991,20.235022802380552,3.055651837575845
ST. LUCIA,LCA,1992,20.328850565024833,3.060060642846749
ST. LUCIA,LCA,1993,20.344659016341115,3.060801545209574
ST. LUCIA,LCA,1994,20.385978453368356,3.062735494822892
ST. LUCIA,LCA,1995,20.452720046737618,3.065851446040198
ST. LUCIA,LCA,1996,20.48613604365746,3.06740789195927
ST. LUCIA,LCA,1997,20.507502392929823,3.06840182277361
ST. LUCIA,LCA,1998,20.592481989112777,3.0723451980449568
ST. LUCIA,LCA,1999,20.641895087321583,3.0746310234952334
ST. LUCIA,LCA,2000,20.65347899955828,3.0751661343590344
ST. LUCIA,LCA,2001,20.60964081143869,3.073139548975692
ST. LUCIA,LCA,2002,20.617905321288585,3.0735219213604306
ST. LUCIA,LCA,2003,20.710593285692646,3.0778003112778656
ST. LUCIA,LCA,2004,20.78780435808398,3.081350380138539
ST. LUCIA,LCA,2005,20.85038784438575,3.0842186716992015
ST. LUCIA,LCA,2006,20.960958384616607,3.0892662579757637
ST. LUCIA,LCA,2007,21.013012388006093,3.0916337506896827
ST. LUCIA,LCA,2008,21.086332090660054,3.0949589597638223
ST. LUCIA,LCA,2009,21.060814557442956,3.0938029377784257
ST. LUCIA,LCA,2010,21.116918239081645,3.096342846834336
ST. LUCIA,LCA,2011,21.173302936575826,3.0988889947856757
ST. LUCIA,LCA,2012,21.192148467737724,3.099738553696894
ST. LUCIA,LCA,2013,21.2302172991638,3.1014525029694364
ST. LUCIA,LCA,2014,21.282415907986945,3.103797843111741
ST. LUCIA,LCA,2015,21.315288373829365,3.1052720208670754
ST. LUCIA,LCA,2016,21.348425592769328,3.1067558753017934
ST. LUCIA,LCA,2017,21.415664589355718,3.109760026481086
ST. LUCIA,LCA,2018,21.44643557411739,3.1111318298284574
ST. LUCIA,LCA,2019,21.461425363758572,3.1117994096189365
ST. LUCIA,LCA,2020,21.127280556570998,3.096811261585236
ST. LUCIA,LCA,2021,21.33019935950846,3.105939993689887
ST. LUCIA,LCA,2022,21.574998330442526,3.116843025347012
ST. LUCIA,LCA,2023,21.647495348563446,3.1200492651771783
ST. MARTIN (FRENCH PART),MAF,2011,20.469502947445598,3.0666334605954813
ST. MARTIN (FRENCH PART),MAF,2014,20.46568864224347,3.066455783260366
ST. MARTIN (FRENCH PART),MAF,2019,20.295871077798996,3.0585132078120703
ST. MARTIN (FRENCH PART),MAF,2021,20.291261040581468,3.058296708742693
ST. VINCENT AND THE GRENADINES,VCT,1960,16.385572516095706,2.855640696530804
ST. VINCENT AND THE GRENADINES,VCT,1961,16.454565387582658,2.859601241225682
ST. VINCENT AND THE GRENADINES,VCT,1962,16.491379360705373,2.861708151598614
ST. VINCENT AND THE GRENADINES,VCT,1963,16.433511978384825,2.8583943296763534
ST. VINCENT AND THE GRENADINES,VCT,1964,16.507315952968188,2.8626188480243764
ST. VINCENT AND THE GRENADINES,VCT,1965,16.530754525940203,2.863956739988621
ST. VINCENT AND THE GRENADINES,VCT,1966,16.594327329957817,2.867576539292966
ST. VINCENT AND THE GRENADINES,VCT,1967,16.577739934034643,2.866633325063991
ST. VINCENT AND THE GRENADINES,VCT,1968,16.54662603199748,2.864861682540656
ST. VINCENT AND THE GRENADINES,VCT,1969,16.627920774390727,2.8694840526645997
ST. VINCENT AND THE GRENADINES,VCT,1970,16.73057492845081,2.875290546432955
ST. VINCENT AND THE GRENADINES,VCT,1971,16.81383558373667,2.8799754353576015
ST. VINCENT AND THE GRENADINES,VCT,1972,17.132811881906772,2.8977231082678165
ST. VINCENT AND THE GRENADINES,VCT,1973,17.222195557931677,2.902640387202671
ST. VINCENT AND THE GRENADINES,VCT,1974,17.30970340400301,2.907431159975374
ST. VINCENT AND THE GRENADINES,VCT,1975,17.319181070439715,2.907948656851635
ST. VINCENT AND THE GRENADINES,VCT,1976,17.305720899646,2.907213628459711
ST. VINCENT AND THE GRENADINES,VCT,1977,17.714512391737713,2.929299286608085
ST. VINCENT AND THE GRENADINES,VCT,1978,17.923836448997466,2.940422315213983
ST. VINCENT AND THE GRENADINES,VCT,1979,18.079546692754224,2.948616907496516
ST. VINCENT AND THE GRENADINES,VCT,1980,18.226371699019772,2.956282862600389
ST. VINCENT AND THE GRENADINES,VCT,1981,18.441331435650635,2.9674012861751966
ST. VINCENT AND THE GRENADINES,VCT,1982,18.54959452094733,2.9729545455997806
ST. VINCENT AND THE GRENADINES,VCT,1983,18.6216224451134,2.97663214414916
ST. VINCENT AND THE GRENADINES,VCT,1984,18.72097041392501,2.9816825575948207
ST. VINCENT AND THE GRENADINES,VCT,1985,18.796660089423135,2.9855132411196545
ST. VINCENT AND THE GRENADINES,VCT,1986,18.895962026022453,2.9905167978755616
ST. VINCENT AND THE GRENADINES,VCT,1987,18.98360902470584,2.994912388775595
ST. VINCENT AND THE GRENADINES,VCT,1988,19.117454902032964,3.0015878413074395
ST. VINCENT AND THE GRENADINES,VCT,1989,19.1849618460187,3.0049378640885376
ST. VINCENT AND THE GRENADINES,VCT,1990,19.29767609321888,3.0105064013280587
ST. VINCENT AND THE GRENADINES,VCT,1991,19.35610576073218,3.0133809042688067
ST. VINCENT AND THE GRENADINES,VCT,1992,19.442971786771686,3.017639145509549
ST. VINCENT AND THE GRENADINES,VCT,1993,19.472576642620155,3.0190862658416147
ST. VINCENT AND THE GRENADINES,VCT,1994,19.483448342677427,3.0196171621049377
ST. VINCENT AND THE GRENADINES,VCT,1995,19.571276212439127,3.0238957441534957
ST. VINCENT AND THE GRENADINES,VCT,1996,19.619104849347885,3.026218065878692
ST. VINCENT AND THE GRENADINES,VCT,1997,19.667052964680895,3.0285407880416897
ST. VINCENT AND THE GRENADINES,VCT,1998,19.738745830859575,3.032003729943985
ST. VINCENT AND THE GRENADINES,VCT,1999,19.78349795720897,3.0341593043828907
ST. VINCENT AND THE GRENADINES,VCT,2000,19.87450766390794,3.0385286854962956
ST. VINCENT AND THE GRENADINES,VCT,2001,19.951232002447455,3.0421974514384957
ST. VINCENT AND THE GRENADINES,VCT,2002,20.005341936555475,3.0447767833060557
ST. VINCENT AND THE GRENADINES,VCT,2003,20.048137122206604,3.046812058454827
ST. VINCENT AND THE GRENADINES,VCT,2004,20.125247338239554,3.0504688814937277
ST. VINCENT AND THE GRENADINES,VCT,2005,20.178450598878936,3.0529841835256564
ST. VINCENT AND THE GRENADINES,VCT,2006,20.28243436922287,3.057882054980547
ST. VINCENT AND THE GRENADINES,VCT,2007,20.38582846806819,3.0627284815442413
ST. VINCENT AND THE GRENADINES,VCT,2008,20.41219675355637,3.0639607014276597
ST. VINCENT AND THE GRENADINES,VCT,2009,20.38681396308084,3.0627745621675935
ST. VINCENT AND THE GRENADINES,VCT,2010,20.395383644471575,3.0631751812093717
ST. VINCENT AND THE GRENADINES,VCT,2011,20.386108284068165,3.062741565637281
ST. VINCENT AND THE GRENADINES,VCT,2012,20.40859973849716,3.063792698244051
ST. VINCENT AND THE GRENADINES,VCT,2013,20.455100415294616,3.0659623987072786
ST. VINCENT AND THE GRENADINES,VCT,2014,20.46306922142949,3.0663337475459596
ST. VINCENT AND THE GRENADINES,VCT,2015,20.483173914402244,3.067270020103157
ST. VINCENT AND THE GRENADINES,VCT,2016,20.51784395475528,3.068882542298377
ST. VINCENT AND THE GRENADINES,VCT,2017,20.553711322415058,3.0705480208593334
ST. VINCENT AND THE GRENADINES,VCT,2018,20.600340435294296,3.072709075459172
ST. VINCENT AND THE GRENADINES,VCT,2019,20.629797293621454,3.074071868382518
ST. VINCENT AND THE GRENADINES,VCT,2020,20.582981535943514,3.0719051122857346
ST. VINCENT AND THE GRENADINES,VCT,2021,20.586559037679994,3.072070854227721
ST. VINCENT AND THE GRENADINES,VCT,2022,20.689184192426634,3.0768137119795904
ST. VINCENT AND THE GRENADINES,VCT,2023,20.787144418149296,3.081320090260833
SUB-SAHARAN AFRICA,SSF,1960,24.222816506977413,3.227749001818251
SUB-SAHARAN AFRICA,SSF,1961,24.278257765897266,3.229944649415496
SUB-SAHARAN AFRICA,SSF,1962,24.342290392227298,3.2324745572419804
SUB-SAHARAN AFRICA,SSF,1963,24.417542615950254,3.2354395898039265
SUB-SAHARAN AFRICA,SSF,1964,24.50323201026953,3.238805189633614
SUB-SAHARAN AFRICA,SSF,1965,24.579931025643422,3.241808099729681
SUB-SAHARAN AFRICA,SSF,1966,24.65707436258723,3.2448193371995933
SUB-SAHARAN AFRICA,SSF,1967,24.683701326845565,3.2458566011009715
SUB-SAHARAN AFRICA,SSF,1968,24.745548452685693,3.2482617365411754
SUB-SAHARAN AFRICA,SSF,1969,24.85565866779302,3.2525294809749776
SUB-SAHARAN AFRICA,SSF,1970,24.97817624740923,3.2572568104493067
SUB-SAHARAN AFRICA,SSF,1971,24.99727013746726,3.2579915377963538
SUB-SAHARAN AFRICA,SSF,1972,25.11783039333742,3.262618237916093
SUB-SAHARAN AFRICA,SSF,1973,25.360631329769365,3.2718716596422435
SUB-SAHARAN AFRICA,SSF,1974,25.60170370263182,3.2809752627077264
SUB-SAHARAN AFRICA,SSF,1975,25.697379304308644,3.284565407192164
SUB-SAHARAN AFRICA,SSF,1976,25.785854029939536,3.287873913459286
SUB-SAHARAN AFRICA,SSF,1977,25.869219716340567,3.290981382992526
SUB-SAHARAN AFRICA,SSF,1978,25.97369366313473,3.2948620822842267
SUB-SAHARAN AFRICA,SSF,1979,26.15296333016402,3.301486187022931
SUB-SAHARAN AFRICA,SSF,1980,26.394397221995042,3.310338511535859
SUB-SAHARAN AFRICA,SSF,1981,26.720791764315464,3.322182736840033
SUB-SAHARAN AFRICA,SSF,1982,26.64191484530914,3.319333274550114
SUB-SAHARAN AFRICA,SSF,1983,26.53567911842445,3.3154825862354094
SUB-SAHARAN AFRICA,SSF,1984,26.426755530906675,3.311519016178486
SUB-SAHARAN AFRICA,SSF,1985,26.37520934998962,3.309637835595628
SUB-SAHARAN AFRICA,SSF,1986,26.304801742266573,3.307062574719547
SUB-SAHARAN AFRICA,SSF,1987,26.422336928609948,3.3113578976582643
SUB-SAHARAN AFRICA,SSF,1988,26.46984167368609,3.3130887364824946
SUB-SAHARAN AFRICA,SSF,1989,26.482957812776704,3.3135660966702285
SUB-SAHARAN AFRICA,SSF,1990,26.646717548866597,3.319507006594535
SUB-SAHARAN AFRICA,SSF,1991,26.71930457644682,3.322129086577239
SUB-SAHARAN AFRICA,SSF,1992,26.618206573069326,3.3184752136886493
SUB-SAHARAN AFRICA,SSF,1993,26.634863266597964,3.3190781374386438
SUB-SAHARAN AFRICA,SSF,1994,26.657263536365356,3.3198883891792836
SUB-SAHARAN AFRICA,SSF,1995,26.898071148709253,3.328557551982558
SUB-SAHARAN AFRICA,SSF,1996,27.006739686499877,3.3324451843001444
SUB-SAHARAN AFRICA,SSF,1997,27.059523572111225,3.3343280956317836
SUB-SAHARAN AFRICA,SSF,1998,27.061739937272648,3.334407080495059
SUB-SAHARAN AFRICA,SSF,1999,26.724856044393324,3.322329340955803
SUB-SAHARAN AFRICA,SSF,2000,26.783197483092543,3.324431430885997
SUB-SAHARAN AFRICA,SSF,2001,26.738868941547885,3.3228346404991087
SUB-SAHARAN AFRICA,SSF,2002,26.823832351637655,3.3258929322788546
SUB-SAHARAN AFRICA,SSF,2003,27.054450015159766,3.334147265202536
SUB-SAHARAN AFRICA,SSF,2004,27.271038259155986,3.341837897566504
SUB-SAHARAN AFRICA,SSF,2005,27.44219721731276,3.3478738599435083
SUB-SAHARAN AFRICA,SSF,2006,27.607326330234365,3.3536628504138646
SUB-SAHARAN AFRICA,SSF,2007,27.753719966565633,3.3587671490145903
SUB-SAHARAN AFRICA,SSF,2008,27.87900561509559,3.3631148818215806
SUB-SAHARAN AFRICA,SSF,2009,27.833176268291094,3.361526677912382
SUB-SAHARAN AFRICA,SSF,2010,28.001278554290177,3.3673399170935947
SUB-SAHARAN AFRICA,SSF,2011,28.118172179225464,3.371362452787902
SUB-SAHARAN AFRICA,SSF,2012,28.15603081252436,3.3726617803353074
SUB-SAHARAN AFRICA,SSF,2013,28.21742231359239,3.374765185921748
SUB-SAHARAN AFRICA,SSF,2014,28.25924308761927,3.3761955267549655
SUB-SAHARAN AFRICA,SSF,2015,28.143043819131755,3.3722162503268303
SUB-SAHARAN AFRICA,SSF,2016,28.05105363234748,3.369054752256286
SUB-SAHARAN AFRICA,SSF,2017,28.11705534113053,3.371324096688248
SUB-SAHARAN AFRICA,SSF,2018,28.20814498321346,3.374447608159609
SUB-SAHARAN AFRICA,SSF,2019,28.235588922805004,3.3753867658682126
SUB-SAHARAN AFRICA,SSF,2020,28.171145783254055,3.3731800626164055
SUB-SAHARAN AFRICA,SSF,2021,28.289972845552796,3.3772452337498575
SUB-SAHARAN AFRICA,SSF,2022,28.354262362887138,3.379437761041247
SUB-SAHARAN AFRICA,SSF,2023,28.340410279734716,3.3789657562481055
SUB-SAHARAN AFRICA (IDA & IBRD COUNTRIES),TSS,1960,24.222816506977413,3.227749001818251
SUB-SAHARAN AFRICA (IDA & IBRD COUNTRIES),TSS,1961,24.278257765897266,3.229944649415496
SUB-SAHARAN AFRICA (IDA & IBRD COUNTRIES),TSS,1962,24.342290392227298,3.2324745572419804
SUB-SAHARAN AFRICA (IDA & IBRD COUNTRIES),TSS,1963,24.417542615950257,3.2354395898039265
SUB-SAHARAN AFRICA (IDA & IBRD COUNTRIES),TSS,1964,24.503232010269535,3.2388051896336143
SUB-SAHARAN AFRICA (IDA & IBRD COUNTRIES),TSS,1965,24.579931025643422,3.241808099729681
SUB-SAHARAN AFRICA (IDA & IBRD COUNTRIES),TSS,1966,24.65707436258723,3.2448193371995933
SUB-SAHARAN AFRICA (IDA & IBRD COUNTRIES),TSS,1967,24.683701326845565,3.2458566011009715
SUB-SAHARAN AFRICA (IDA & IBRD COUNTRIES),TSS,1968,24.745548452685696,3.2482617365411754
SUB-SAHARAN AFRICA (IDA & IBRD COUNTRIES),TSS,1969,24.85565866779302,3.2525294809749776
SUB-SAHARAN AFRICA (IDA & IBRD COUNTRIES),TSS,1970,24.978176247409234,3.2572568104493067
SUB-SAHARAN AFRICA (IDA & IBRD COUNTRIES),TSS,1971,24.99727013746726,3.2579915377963538
SUB-SAHARAN AFRICA (IDA & IBRD COUNTRIES),TSS,1972,25.11783039333742,3.262618237916093
SUB-SAHARAN AFRICA (IDA & IBRD COUNTRIES),TSS,1973,25.36063132976937,3.2718716596422435
SUB-SAHARAN AFRICA (IDA & IBRD COUNTRIES),TSS,1974,25.60170370263182,3.2809752627077264
SUB-SAHARAN AFRICA (IDA & IBRD COUNTRIES),TSS,1975,25.697379304308644,3.284565407192164
SUB-SAHARAN AFRICA (IDA & IBRD COUNTRIES),TSS,1976,25.78585402993954,3.287873913459286
SUB-SAHARAN AFRICA (IDA & IBRD COUNTRIES),TSS,1977,25.869219716340567,3.290981382992526
SUB-SAHARAN AFRICA (IDA & IBRD COUNTRIES),TSS,1978,25.97369366313473,3.2948620822842267
SUB-SAHARAN AFRICA (IDA & IBRD COUNTRIES),TSS,1979,26.15296333016402,3.301486187022931
SUB-SAHARAN AFRICA (IDA & IBRD COUNTRIES),TSS,1980,26.394397221995042,3.310338511535859
SUB-SAHARAN AFRICA (IDA & IBRD COUNTRIES),TSS,1981,26.720791764315468,3.322182736840033
SUB-SAHARAN AFRICA (IDA & IBRD COUNTRIES),TSS,1982,26.64191484530914,3.319333274550114
SUB-SAHARAN AFRICA (IDA & IBRD COUNTRIES),TSS,1983,26.53567911842445,3.3154825862354094
SUB-SAHARAN AFRICA (IDA & IBRD COUNTRIES),TSS,1984,26.426755530906675,3.311519016178486
SUB-SAHARAN AFRICA (IDA & IBRD COUNTRIES),TSS,1985,26.37520934998962,3.309637835595628
SUB-SAHARAN AFRICA (IDA & IBRD COUNTRIES),TSS,1986,26.304801742266573,3.307062574719547
SUB-SAHARAN AFRICA (IDA & IBRD COUNTRIES),TSS,1987,26.422336928609948,3.3113578976582643
SUB-SAHARAN AFRICA (IDA & IBRD COUNTRIES),TSS,1988,26.46984167368609,3.3130887364824946
SUB-SAHARAN AFRICA (IDA & IBRD COUNTRIES),TSS,1989,26.482957812776704,3.3135660966702285
SUB-SAHARAN AFRICA (IDA & IBRD COUNTRIES),TSS,1990,26.646717548866597,3.319507006594535
SUB-SAHARAN AFRICA (IDA & IBRD COUNTRIES),TSS,1991,26.71930457644682,3.322129086577239
SUB-SAHARAN AFRICA (IDA & IBRD COUNTRIES),TSS,1992,26.618206573069326,3.3184752136886493
SUB-SAHARAN AFRICA (IDA & IBRD COUNTRIES),TSS,1993,26.634863266597964,3.3190781374386438
SUB-SAHARAN AFRICA (IDA & IBRD COUNTRIES),TSS,1994,26.657263536365356,3.3198883891792836
SUB-SAHARAN AFRICA (IDA & IBRD COUNTRIES),TSS,1995,26.898071148709253,3.328557551982558
SUB-SAHARAN AFRICA (IDA & IBRD COUNTRIES),TSS,1996,27.006739686499877,3.3324451843001444
SUB-SAHARAN AFRICA (IDA & IBRD COUNTRIES),TSS,1997,27.059523572111225,3.3343280956317836
SUB-SAHARAN AFRICA (IDA & IBRD COUNTRIES),TSS,1998,27.061739937272648,3.334407080495059
SUB-SAHARAN AFRICA (IDA & IBRD COUNTRIES),TSS,1999,26.724856044393324,3.322329340955803
SUB-SAHARAN AFRICA (IDA & IBRD COUNTRIES),TSS,2000,26.783197483092543,3.324431430885997
SUB-SAHARAN AFRICA (IDA & IBRD COUNTRIES),TSS,2001,26.738868941547885,3.3228346404991087
SUB-SAHARAN AFRICA (IDA & IBRD COUNTRIES),TSS,2002,26.823832351637655,3.3258929322788546
SUB-SAHARAN AFRICA (IDA & IBRD COUNTRIES),TSS,2003,27.054450015159766,3.334147265202536
SUB-SAHARAN AFRICA (IDA & IBRD COUNTRIES),TSS,2004,27.271038259155986,3.341837897566504
SUB-SAHARAN AFRICA (IDA & IBRD COUNTRIES),TSS,2005,27.44219721731276,3.3478738599435083
SUB-SAHARAN AFRICA (IDA & IBRD COUNTRIES),TSS,2006,27.607326330234365,3.3536628504138646
SUB-SAHARAN AFRICA (IDA & IBRD COUNTRIES),TSS,2007,27.753719966565633,3.3587671490145903
SUB-SAHARAN AFRICA (IDA & IBRD COUNTRIES),TSS,2008,27.87900561509559,3.3631148818215806
SUB-SAHARAN AFRICA (IDA & IBRD COUNTRIES),TSS,2009,27.833176268291094,3.361526677912382
SUB-SAHARAN AFRICA (IDA & IBRD COUNTRIES),TSS,2010,28.001278554290174,3.3673399170935947
SUB-SAHARAN AFRICA (IDA & IBRD COUNTRIES),TSS,2011,28.118172179225464,3.371362452787902
SUB-SAHARAN AFRICA (IDA & IBRD COUNTRIES),TSS,2012,28.156030812524357,3.3726617803353074
SUB-SAHARAN AFRICA (IDA & IBRD COUNTRIES),TSS,2013,28.21742231359239,3.374765185921748
SUB-SAHARAN AFRICA (IDA & IBRD COUNTRIES),TSS,2014,28.25924308761927,3.3761955267549655
SUB-SAHARAN AFRICA (IDA & IBRD COUNTRIES),TSS,2015,28.143043819131755,3.3722162503268303
SUB-SAHARAN AFRICA (IDA & IBRD COUNTRIES),TSS,2016,28.05105363234748,3.369054752256286
SUB-SAHARAN AFRICA (IDA & IBRD COUNTRIES),TSS,2017,28.11705534113053,3.371324096688248
SUB-SAHARAN AFRICA (IDA & IBRD COUNTRIES),TSS,2018,28.20814498321346,3.374447608159609
SUB-SAHARAN AFRICA (IDA & IBRD COUNTRIES),TSS,2019,28.235588922805004,3.3753867658682126
SUB-SAHARAN AFRICA (IDA & IBRD COUNTRIES),TSS,2020,28.171145783254055,3.3731800626164055
SUB-SAHARAN AFRICA (IDA & IBRD COUNTRIES),TSS,2021,28.289972845552796,3.3772452337498575
SUB-SAHARAN AFRICA (IDA & IBRD COUNTRIES),TSS,2022,28.354262362887138,3.379437761041247
SUB-SAHARAN AFRICA (IDA & IBRD COUNTRIES),TSS,2023,28.340410279734716,3.3789657562481055
SUB-SAHARAN AFRICA (EXCLUDING HIGH INCOME),SSA,1960,24.2225034545903,3.227736590265015
SUB-SAHARAN AFRICA (EXCLUDING HIGH INCOME),SSA,1961,24.277981357967825,3.229933714744159
SUB-SAHARAN AFRICA (EXCLUDING HIGH INCOME),SSA,1962,24.342005211923258,3.2324633040401496
SUB-SAHARAN AFRICA (EXCLUDING HIGH INCOME),SSA,1963,24.41724902886429,3.2354280391679753
SUB-SAHARAN AFRICA (EXCLUDING HIGH INCOME),SSA,1964,24.502932514001074,3.238793446101386
SUB-SAHARAN AFRICA (EXCLUDING HIGH INCOME),SSA,1965,24.579656341628013,3.241797361409474
SUB-SAHARAN AFRICA (EXCLUDING HIGH INCOME),SSA,1966,24.656808967602554,3.2448089932159596
SUB-SAHARAN AFRICA (EXCLUDING HIGH INCOME),SSA,1967,24.68344152743434,3.2458464857082596
SUB-SAHARAN AFRICA (EXCLUDING HIGH INCOME),SSA,1968,24.74532188772119,3.2482529363417223
SUB-SAHARAN AFRICA (EXCLUDING HIGH INCOME),SSA,1969,24.855459552983756,3.252521779930556
SUB-SAHARAN AFRICA (EXCLUDING HIGH INCOME),SSA,1970,24.977979805582798,3.257249248618665
SUB-SAHARAN AFRICA (EXCLUDING HIGH INCOME),SSA,1971,24.997025675784464,3.2579821343924236
SUB-SAHARAN AFRICA (EXCLUDING HIGH INCOME),SSA,1972,25.11750738999957,3.2626058706815133
SUB-SAHARAN AFRICA (EXCLUDING HIGH INCOME),SSA,1973,25.360331129544935,3.2718602713742593
SUB-SAHARAN AFRICA (EXCLUDING HIGH INCOME),SSA,1974,25.601435037662196,3.280965163116763
SUB-SAHARAN AFRICA (EXCLUDING HIGH INCOME),SSA,1975,25.69710810486434,3.2845552488609404
SUB-SAHARAN AFRICA (EXCLUDING HIGH INCOME),SSA,1976,25.785603060599897,3.2878645439422605
SUB-SAHARAN AFRICA (EXCLUDING HIGH INCOME),SSA,1977,25.86889948967816,3.2909694649474903
SUB-SAHARAN AFRICA (EXCLUDING HIGH INCOME),SSA,1978,25.97329416592017,3.2948472715512964
SUB-SAHARAN AFRICA (EXCLUDING HIGH INCOME),SSA,1979,26.152445240838706,3.3014671064437047
SUB-SAHARAN AFRICA (EXCLUDING HIGH INCOME),SSA,1980,26.393898686842284,3.3103203129354277
SUB-SAHARAN AFRICA (EXCLUDING HIGH INCOME),SSA,1981,26.72043523849878,3.322169875442984
SUB-SAHARAN AFRICA (EXCLUDING HIGH INCOME),SSA,1982,26.641541443527007,3.3193197659235842
SUB-SAHARAN AFRICA (EXCLUDING HIGH INCOME),SSA,1983,26.535258703802487,3.3154673181234577
SUB-SAHARAN AFRICA (EXCLUDING HIGH INCOME),SSA,1984,26.42626036657394,3.31150096195395
SUB-SAHARAN AFRICA (EXCLUDING HIGH INCOME),SSA,1985,26.374613805003328,3.309616080457365
SUB-SAHARAN AFRICA (EXCLUDING HIGH INCOME),SSA,1986,26.30399036178647,3.30703285860795
SUB-SAHARAN AFRICA (EXCLUDING HIGH INCOME),SSA,1987,26.42146660190486,3.3113261592794823
SUB-SAHARAN AFRICA (EXCLUDING HIGH INCOME),SSA,1988,26.46888994479585,3.3130540895635616
SUB-SAHARAN AFRICA (EXCLUDING HIGH INCOME),SSA,1989,26.48194428022624,3.3135292174068445
SUB-SAHARAN AFRICA (EXCLUDING HIGH INCOME),SSA,1990,26.6456750926898,3.3194692995564736
SUB-SAHARAN AFRICA (EXCLUDING HIGH INCOME),SSA,1991,26.718324257813773,3.3220937200345584
SUB-SAHARAN AFRICA (EXCLUDING HIGH INCOME),SSA,1992,26.616931087842108,3.318429029854175
SUB-SAHARAN AFRICA (EXCLUDING HIGH INCOME),SSA,1993,26.633490014921183,3.3190284434783384
SUB-SAHARAN AFRICA (EXCLUDING HIGH INCOME),SSA,1994,26.655885142935446,3.3198385495493548
SUB-SAHARAN AFRICA (EXCLUDING HIGH INCOME),SSA,1995,26.896940971828947,3.328517040229356
SUB-SAHARAN AFRICA (EXCLUDING HIGH INCOME),SSA,1996,27.005737217550845,3.3324093898127534
SUB-SAHARAN AFRICA (EXCLUDING HIGH INCOME),SSA,1997,27.058458870823742,3.3342901505296516
SUB-SAHARAN AFRICA (EXCLUDING HIGH INCOME),SSA,1998,27.06059115258705,3.334366141900263
SUB-SAHARAN AFRICA (EXCLUDING HIGH INCOME),SSA,1999,26.7232041855178,3.322269758749711
SUB-SAHARAN AFRICA (EXCLUDING HIGH INCOME),SSA,2000,26.781660213665223,3.3243760984513813
SUB-SAHARAN AFRICA (EXCLUDING HIGH INCOME),SSA,2001,26.737242124940675,3.3227759912327346
SUB-SAHARAN AFRICA (EXCLUDING HIGH INCOME),SSA,2002,26.822157021254988,3.3258327184017342
SUB-SAHARAN AFRICA (EXCLUDING HIGH INCOME),SSA,2003,27.053106069902718,3.334099359168088
SUB-SAHARAN AFRICA (EXCLUDING HIGH INCOME),SSA,2004,27.269751532908366,3.3417923825939484
SUB-SAHARAN AFRICA (EXCLUDING HIGH INCOME),SSA,2005,27.441010577737696,3.3478321379794616
SUB-SAHARAN AFRICA (EXCLUDING HIGH INCOME),SSA,2006,27.606214389087707,3.353623980554289
SUB-SAHARAN AFRICA (EXCLUDING HIGH INCOME),SSA,2007,27.752764426639104,3.3587339165909187
SUB-SAHARAN AFRICA (EXCLUDING HIGH INCOME),SSA,2008,27.878240872337802,3.363088400546785
SUB-SAHARAN AFRICA (EXCLUDING HIGH INCOME),SSA,2009,27.832480867021445,3.361502559527047
SUB-SAHARAN AFRICA (EXCLUDING HIGH INCOME),SSA,2010,28.00060046272281,3.3673165353832473
SUB-SAHARAN AFRICA (EXCLUDING HIGH INCOME),SSA,2011,28.117521395160292,3.3713401027813936
SUB-SAHARAN AFRICA (EXCLUDING HIGH INCOME),SSA,2012,28.15538616598205,3.3726396698610386
SUB-SAHARAN AFRICA (EXCLUDING HIGH INCOME),SSA,2013,28.216680366897137,3.3747397916173516
SUB-SAHARAN AFRICA (EXCLUDING HIGH INCOME),SSA,2014,28.258502485690325,3.376170214709133
SUB-SAHARAN AFRICA (EXCLUDING HIGH INCOME),SSA,2015,28.142185036677176,3.3721867820560005
SUB-SAHARAN AFRICA (EXCLUDING HIGH INCOME),SSA,2016,28.05002254776563,3.369019259468553
SUB-SAHARAN AFRICA (EXCLUDING HIGH INCOME),SSA,2017,28.116024355113375,3.371288687741215
SUB-SAHARAN AFRICA (EXCLUDING HIGH INCOME),SSA,2018,28.20714256901944,3.3744132878905106
SUB-SAHARAN AFRICA (EXCLUDING HIGH INCOME),SSA,2019,28.234567516349703,3.3753518281660546
SUB-SAHARAN AFRICA (EXCLUDING HIGH INCOME),SSA,2020,28.170339879419398,3.3731524354887945
SUB-SAHARAN AFRICA (EXCLUDING HIGH INCOME),SSA,2021,28.289203095437564,3.3772189530757815
SUB-SAHARAN AFRICA (EXCLUDING HIGH INCOME),SSA,2022,28.353263384823304,3.379403728673124
SUB-SAHARAN AFRICA (EXCLUDING HIGH INCOME),SSA,2023,28.339356249585187,3.378929831423861
SUDAN,SDN,1960,20.842835270934184,3.083872962548524
SUDAN,SDN,1961,20.925033109631315,3.087629048388523
SUDAN,SDN,1962,21.007709914124415,3.0913928426068518
SUDAN,SDN,1963,21.02485931619737,3.092171784342019
SUDAN,SDN,1964,21.05190782544132,3.093399120845734
SUDAN,SDN,1965,21.093242721090448,3.095271802543148
SUDAN,SDN,1966,21.11891278937393,3.0964330248754064
SUDAN,SDN,1967,21.19846428306925,3.1000231100471116
SUDAN,SDN,1968,21.241306747125577,3.101951224271638
SUDAN,SDN,1969,21.337674535588892,3.1062746940236337
SUDAN,SDN,1970,21.46588712944884,3.1119980311459026
SUDAN,SDN,1971,21.551667063442324,3.11580899064157
SUDAN,SDN,1972,21.633330329405467,3.119423613175124
SUDAN,SDN,1973,21.84787817208557,3.1288582540388603
SUDAN,SDN,1974,22.099814587635787,3.139824590986262
SUDAN,SDN,1975,22.2972552229214,3.1483355520411465
SUDAN,SDN,1976,22.517799233057193,3.1577575486294
SUDAN,SDN,1977,22.738628521941724,3.1671036167436335
SUDAN,SDN,1978,22.819866998909074,3.170519980322526
SUDAN,SDN,1979,22.854074970952936,3.1719550610606078
SUDAN,SDN,1980,22.915120466330233,3.1745109143903334
SUDAN,SDN,1981,23.098279752247027,3.182140458374154
SUDAN,SDN,1982,22.89063745113295,3.173486643741595
SUDAN,SDN,1983,22.831070544796496,3.170990214348188
SUDAN,SDN,1984,23.069639596457506,3.1809512785402774
SUDAN,SDN,1985,22.812081704786674,3.170193086529448
SUDAN,SDN,1986,23.035028685206225,3.1795122948216514
SUDAN,SDN,1987,23.215920173525237,3.187010275278786
SUDAN,SDN,1988,23.388586360860796,3.1941152507637907
SUDAN,SDN,1989,23.787035711046506,3.2103207629008095
SUDAN,SDN,1990,24.23901800379966,3.2283911305690594
SUDAN,SDN,1991,24.511287186795027,3.2391209890067816
SUDAN,SDN,1992,22.673724118161044,3.164365746095593
SUDAN,SDN,1993,22.90718061229398,3.1741788578422323
SUDAN,SDN,1994,23.272226104156584,3.1893327379944205
SUDAN,SDN,1995,23.35013229463529,3.19253728255841
SUDAN,SDN,1996,22.922521763546193,3.174820348423033
SUDAN,SDN,1997,23.181244482595908,3.1855773112979717
SUDAN,SDN,1998,23.143653657558367,3.184021557056732
SUDAN,SDN,1999,23.091828571892655,3.181872719594672
SUDAN,SDN,2000,23.22938744524842,3.1875662536689355
SUDAN,SDN,2001,23.477968159005844,3.1977734541588205
SUDAN,SDN,2002,23.62122696636574,3.2036089556788543
SUDAN,SDN,2003,23.78456571724124,3.2102211093194786
SUDAN,SDN,2004,24.005905154597727,3.2191120031598213
SUDAN,SDN,2005,24.283820662198043,3.2301646916485756
SUDAN,SDN,2006,24.53577413185726,3.2400803761412367
SUDAN,SDN,2007,24.808235588880954,3.250693649862614
SUDAN,SDN,2008,24.895081854113062,3.2540530608715565
SUDAN,SDN,2009,24.667195257241612,3.2452137274114965
SUDAN,SDN,2010,24.800175592956325,3.250381297832951
SUDAN,SDN,2011,24.730936550855603,3.247694024809439
SUDAN,SDN,2012,24.351145035316904,3.2328238980631334
SUDAN,SDN,2013,24.485024356754344,3.238090999520579
SUDAN,SDN,2014,24.62557680521034,3.243590946676861
SUDAN,SDN,2015,24.669241060517514,3.2452934292148834
SUDAN,SDN,2016,24.47583288776439,3.2377302728928647
SUDAN,SDN,2017,24.443731599051198,3.2364694100677585
SUDAN,SDN,2018,24.199378352973497,3.2268193256803066
SUDAN,SDN,2019,24.199511294318718,3.2268246012467388
SUDAN,SDN,2020,24.020383132850387,3.219690817985086
SUDAN,SDN,2021,24.256354084742384,3.229077770984084
SUDAN,SDN,2022,24.668082704475125,3.2452483019679748
SUDAN,SDN,2023,25.41760944391843,3.274030812181226
SURINAME,SUR,1960,18.417174604623078,2.966157963330287
SURINAME,SUR,1961,18.494860142126615,2.970150848370695
SURINAME,SUR,1962,18.57039301718069,2.974017863842034
SURINAME,SUR,1963,18.651395560762893,2.9781483566973694
SURINAME,SUR,1964,18.716330986053322,2.981447276390053
SURINAME,SUR,1965,18.853436712296432,2.9883771262679444
SURINAME,SUR,1966,19.06437504079278,2.9989458565003333
SURINAME,SUR,1967,19.212314871226965,3.00629206573831
SURINAME,SUR,1968,19.301758720070776,3.010707518751709
SURINAME,SUR,1969,19.374845128254602,3.0143010580307794
SURINAME,SUR,1970,19.431917953135475,3.017098283675987
SURINAME,SUR,1971,19.52262082271315,3.0215277325521366
SURINAME,SUR,1972,19.55835347652107,3.0232673535532872
SURINAME,SUR,1973,19.64283721871193,3.0273683933132025
SURINAME,SUR,1974,19.831301797063315,3.0364567495785115
SURINAME,SUR,1975,19.958622654681395,3.042550144253635
SURINAME,SUR,1976,20.0410585964248,3.0464757001221154
SURINAME,SUR,1977,20.279319742019965,3.0577356969521476
SURINAME,SUR,1978,20.416061098005766,3.0641411591279604
SURINAME,SUR,1979,20.478004480378583,3.067029364039159
SURINAME,SUR,1980,20.493852672618605,3.067766972046285
SURINAME,SUR,1981,20.60560779347818,3.0729529010630956
SURINAME,SUR,1982,20.634434623239795,3.0742862408297165
SURINAME,SUR,1983,20.599401849724025,3.0726656221642785
SURINAME,SUR,1984,20.577083326768328,3.071631794382684
SURINAME,SUR,1985,20.587446113803875,3.072111947293833
SURINAME,SUR,1986,20.607854985435083,3.0730569053161414
SURINAME,SUR,1987,20.70306312962889,3.0774534086319685
SURINAME,SUR,1988,20.872547539662165,3.0852323134860185
SURINAME,SUR,1989,20.111882958189106,3.049836055333302
SURINAME,SUR,1990,19.777546294381445,3.0338728985441836
SURINAME,SUR,1991,19.92052697975637,3.0407308291163737
SURINAME,SUR,1992,19.81840948269792,3.0358376665461915
SURINAME,SUR,1993,19.87641885529027,3.0386202375428253
SURINAME,SUR,1994,20.22155279604816,3.0550173065711896
SURINAME,SUR,1995,20.354504572143966,3.0612627044056757
SURINAME,SUR,1996,20.574037960789703,3.071490645513648
SURINAME,SUR,1997,20.646840952052834,3.0748595293471146
SURINAME,SUR,1998,20.82839132498741,3.083211476824429
SURINAME,SUR,1999,20.602555555968586,3.072811620468038
SURINAME,SUR,2000,20.669518976812938,3.0759066176467478
SURINAME,SUR,2001,20.542078865624667,3.0700081789387124
SURINAME,SUR,2002,20.8127174964346,3.082493171096182
SURINAME,SUR,2003,20.965576763959525,3.0894765354012113
SURINAME,SUR,2004,21.118069337163405,3.096394891523171
SURINAME,SUR,2005,21.307384894049548,3.1049177848124576
SURINAME,SUR,2006,21.688872474831637,3.1218746049537547
SURINAME,SUR,2007,21.80052238028638,3.126783447114002
SURINAME,SUR,2008,21.985404440668077,3.134859424955815
SURINAME,SUR,2009,22.077917258305042,3.138876197459915
SURINAME,SUR,2010,22.19765600720374,3.144051239395716
SURINAME,SUR,2011,22.20992047323405,3.14457979387953
SURINAME,SUR,2012,22.32869572798297,3.1496841791119374
SURINAME,SUR,2013,22.36143844043814,3.1510867331377868
SURINAME,SUR,2014,22.379702989012216,3.151868252328167
SURINAME,SUR,2015,22.357637824761902,3.1509240323316727
SURINAME,SUR,2016,21.92245370613715,3.1321169413581216
SURINAME,SUR,2017,22.001885738136476,3.1355762011828965
SURINAME,SUR,2018,22.108609462904454,3.140205252112694
SURINAME,SUR,2019,22.113562322643357,3.140419558778371
SURINAME,SUR,2020,21.792039858022285,3.1264113459665546
SURINAME,SUR,2021,21.848650436210555,3.1288920537233693
SURINAME,SUR,2022,22.010012751879724,3.1359294582357227
SURINAME,SUR,2023,22.053634426104907,3.137823432766067
SWEDEN,SWE,1960,23.492925514512663,3.198384321343384
SWEDEN,SWE,1961,23.57713387718391,3.2018164934816817
SWEDEN,SWE,1962,23.658257888230278,3.205111849994569
SWEDEN,SWE,1963,23.73741085836032,3.2083167074198293
SWEDEN,SWE,1964,23.846442185635816,3.2127145706884126
SWEDEN,SWE,1965,23.94214933516377,3.2165591167777117
SWEDEN,SWE,1966,24.026267417616666,3.219925969977424
SWEDEN,SWE,1967,24.1082550882322,3.2231966800433214
SWEDEN,SWE,1968,24.167627533903282,3.225558547013123
SWEDEN,SWE,1969,24.250115005144757,3.2288307103701945
SWEDEN,SWE,1970,24.363281990807817,3.2333025372368094
SWEDEN,SWE,1971,24.45055829643745,3.2367376797475678
SWEDEN,SWE,1972,24.614149897103353,3.2431449291419585
SWEDEN,SWE,1973,24.80764367403202,3.250670714484687
SWEDEN,SWE,1974,24.9131226640784,3.25474950696006
SWEDEN,SWE,1975,25.14072473906743,3.263494433101233
SWEDEN,SWE,1976,25.215962174886513,3.266368468569966
SWEDEN,SWE,1977,25.271534832084395,3.268486027269951
SWEDEN,SWE,1978,25.37190109318911,3.272299090796163
SWEDEN,SWE,1979,25.53858681399587,3.278599780086062
SWEDEN,SWE,1980,25.6797410526217,3.283904515326473
SWEDEN,SWE,1981,25.58838921559012,3.2804746248411876
SWEDEN,SWE,1982,25.462796951544053,3.2757398579962858
SWEDEN,SWE,1983,25.377362907917192,3.2725061767091526
SWEDEN,SWE,1984,25.416459378030105,3.273987277170043
SWEDEN,SWE,1985,25.460547361600202,3.2756548448522977
SWEDEN,SWE,1986,25.737216015561188,3.286056453148236
SWEDEN,SWE,1987,25.932804656985002,3.2933450475939483
SWEDEN,SWE,1988,26.055920253746365,3.2979058447001646
SWEDEN,SWE,1989,26.107523787335584,3.2998113198824197
SWEDEN,SWE,1990,26.29102312443239,3.30655782483582
SWEDEN,SWE,1991,26.337229485820156,3.3082494906021265
SWEDEN,SWE,1992,26.373370125074054,3.309570647554079
SWEDEN,SWE,1993,26.08433890160389,3.29895566052709
SWEDEN,SWE,1994,26.15713440886303,3.3016397893503378
SWEDEN,SWE,1995,26.311659439876287,3.307313696725525
SWEDEN,SWE,1996,26.399141896275694,3.3105116952494447
SWEDEN,SWE,1997,26.31479798478823,3.30742860605933
SWEDEN,SWE,1998,26.32467985888901,3.3077903179423314
SWEDEN,SWE,1999,26.336657348117516,3.308228561499193
SWEDEN,SWE,2000,26.294794024529068,3.3066959889341017
SWEDEN,SWE,2001,26.21383798082361,3.3037255932278904
SWEDEN,SWE,2002,26.309949024020952,3.3072510689156163
SWEDEN,SWE,2003,26.53541593833268,3.315473028405063
SWEDEN,SWE,2004,26.67681573431027,3.3205950856316817
SWEDEN,SWE,2005,26.695083871212603,3.3212549198687324
SWEDEN,SWE,2006,26.770858883854345,3.323987229319163
SWEDEN,SWE,2007,26.920224270786772,3.3293513104832133
SWEDEN,SWE,2008,26.97267363870761,3.3312280921595185
SWEDEN,SWE,2009,26.802139006554302,3.3251129604184646
SWEDEN,SWE,2010,26.929463786689197,3.329682181301228
SWEDEN,SWE,2011,27.076059179708835,3.334917226705704
SWEDEN,SWE,2012,27.03768981702277,3.3335496699356795
SWEDEN,SWE,2013,27.098021151631432,3.3356991522098522
SWEDEN,SWE,2014,27.08967445671344,3.3354020517543517
SWEDEN,SWE,2015,26.94802975273125,3.3303467052642493
SWEDEN,SWE,2016,26.96870313704794,3.331086139926836
SWEDEN,SWE,2017,27.01671977280619,3.3328014667042734
SWEDEN,SWE,2018,27.04305410344154,3.3337409757586816
SWEDEN,SWE,2019,27.00343604968424,3.3323272187063555
SWEDEN,SWE,2020,27.027813673286815,3.333197362608597
SWEDEN,SWE,2021,27.184288532947033,3.338764678459818
SWEDEN,SWE,2022,27.104082361708176,3.335914845563707
SWEDEN,SWE,2023,27.108911569210175,3.3360866637564834
SWITZERLAND,CHE,1960,23.06624716540867,3.180810326278559
SWITZERLAND,CHE,1961,23.183994954397807,3.185691048843237
SWITZERLAND,CHE,1962,23.287418699927432,3.1899584672940415
SWITZERLAND,CHE,1963,23.382396926499023,3.193861434499372
SWITZERLAND,CHE,1964,23.48537066077394,3.1980758233192135
SWITZERLAND,CHE,1965,23.543467019723256,3.2004457096509578
SWITZERLAND,CHE,1966,23.614714923956157,3.2033444317478588
SWITZERLAND,CHE,1967,23.68838655708671,3.2063329531896825
SWITZERLAND,CHE,1968,23.75398404239041,3.208986447469906
SWITZERLAND,CHE,1969,23.83420196845004,3.212221814700971
SWITZERLAND,CHE,1970,23.94206432975985,3.2165557086693073
SWITZERLAND,CHE,1971,24.125801381224374,3.223895261640705
SWITZERLAND,CHE,1972,24.329967274204975,3.231988172035054
SWITZERLAND,CHE,1973,24.626248225260536,3.2436171475018982
SWITZERLAND,CHE,1974,24.768122692071298,3.2491381734298295
SWITZERLAND,CHE,1975,24.904798010644075,3.2544282029247937
SWITZERLAND,CHE,1976,24.949756817549655,3.256162238375296
SWITZERLAND,CHE,1977,25.01558342966206,3.25869572115472
SWITZERLAND,CHE,1978,25.350984602491657,3.271505640607737
SWITZERLAND,CHE,1979,25.467937883010592,3.2759341092757652
SWITZERLAND,CHE,1980,25.531848950471097,3.278345858539577
SWITZERLAND,CHE,1981,25.443948086496103,3.2750273263207172
SWITZERLAND,CHE,1982,25.468574985641485,3.2759581797177493
SWITZERLAND,CHE,1983,25.46501340898514,3.2758236119784465
SWITZERLAND,CHE,1984,25.418782194844947,3.2740752039684144
SWITZERLAND,CHE,1985,25.432618672904553,3.2745988032732027
SWITZERLAND,CHE,1986,25.792735420584368,3.288130784375569
SWITZERLAND,CHE,1987,26.017757745940923,3.2964943441123293
SWITZERLAND,CHE,1988,26.09641524519181,3.2994014403608363
SWITZERLAND,CHE,1989,26.061312666704822,3.2981051310526
SWITZERLAND,CHE,1990,26.305872930942765,3.307101804730263
SWITZERLAND,CHE,1991,26.317611699432774,3.3075316113876068
SWITZERLAND,CHE,1992,26.357774778692765,3.309000758258659
SWITZERLAND,CHE,1993,26.32994078346177,3.307982833214679
SWITZERLAND,CHE,1994,26.431621356615427,3.3116964120840007
SWITZERLAND,CHE,1995,26.589268647829588,3.3174268800065096
SWITZERLAND,CHE,1996,26.552517171193834,3.3160938988006357
SWITZERLAND,CHE,1997,26.40952296544336,3.3108905064946375
SWITZERLAND,CHE,1998,26.43851239498843,3.3119475883774805
SWITZERLAND,CHE,1999,26.419935217837534,3.3112703115433955
SWITZERLAND,CHE,2000,26.355251634087587,3.308908526306878
SWITZERLAND,CHE,2001,26.38129289145563,3.3098600390323716
SWITZERLAND,CHE,2002,26.45758211549652,3.3126423453158456
SWITZERLAND,CHE,2003,26.615117448555512,3.318363356415101
SWITZERLAND,CHE,2004,26.72446507540501,3.3223152391063873
SWITZERLAND,CHE,2005,26.759428534689842,3.323575549500552
SWITZERLAND,CHE,2006,26.813748843764937,3.325530461166111
SWITZERLAND,CHE,2007,26.91918175111567,3.3293139705562513
SWITZERLAND,CHE,2008,27.064097282317963,3.33449108262896
SWITZERLAND,CHE,2009,27.04081477493603,3.3336611193382355
SWITZERLAND,CHE,2010,27.11827870447585,3.3364198525680435
SWITZERLAND,CHE,2011,27.296789744048837,3.3427483616087255
SWITZERLAND,CHE,2012,27.254755844997973,3.3412617919189356
SWITZERLAND,CHE,2013,27.283213791563295,3.3422684764232278
SWITZERLAND,CHE,2014,27.31155636036174,3.343270073252468
SWITZERLAND,CHE,2015,27.265908080331247,3.3416564169889007
SWITZERLAND,CHE,2016,27.2569027169724,3.3413377717089503
SWITZERLAND,CHE,2017,27.26746660923764,3.3417115535844197
SWITZERLAND,CHE,2018,27.31022162217739,3.343222927499291
SWITZERLAND,CHE,2019,27.304416788761394,3.343017862745748
SWITZERLAND,CHE,2020,27.33261427958197,3.3440135891324756
SWITZERLAND,CHE,2021,27.424499633437772,3.3472514364363795
SWITZERLAND,CHE,2022,27.430649492658844,3.3474677707293883
SWITZERLAND,CHE,2023,27.508786137574226,3.3502123252933056
SYRIAN ARAB REPUBLIC,SYR,1960,20.56977011289139,3.0712928026201816
SYRIAN ARAB REPUBLIC,SYR,1961,20.666954702877224,3.075788275118112
SYRIAN ARAB REPUBLIC,SYR,1962,20.828135509349572,3.0831997573562813
SYRIAN ARAB REPUBLIC,SYR,1963,20.905960182053736,3.086758754226833
SYRIAN ARAB REPUBLIC,SYR,1964,21.01555798448321,3.0917493845364517
SYRIAN ARAB REPUBLIC,SYR,1965,21.10991268759144,3.096026045860718
SYRIAN ARAB REPUBLIC,SYR,1966,21.01764112719431,3.09184400145072
SYRIAN ARAB REPUBLIC,SYR,1967,21.180836113362737,3.0992286779368183
SYRIAN ARAB REPUBLIC,SYR,1968,21.285020119349074,3.103914709218353
SYRIAN ARAB REPUBLIC,SYR,1969,21.531976512686622,3.1149354786338512
SYRIAN ARAB REPUBLIC,SYR,1970,21.48425107942498,3.112815112104029
SYRIAN ARAB REPUBLIC,SYR,1971,21.674866274915324,3.1212570985159083
SYRIAN ARAB REPUBLIC,SYR,1972,21.841576716369502,3.1285824155211364
SYRIAN ARAB REPUBLIC,SYR,1973,21.89868100973212,3.1310793110730835
SYRIAN ARAB REPUBLIC,SYR,1974,22.36411655632843,3.1512013648802415
SYRIAN ARAB REPUBLIC,SYR,1975,22.644148324183178,3.163115656169615
SYRIAN ARAB REPUBLIC,SYR,1976,22.75581604894954,3.167827386772461
SYRIAN ARAB REPUBLIC,SYR,1977,22.763968033785986,3.1681704853396693
SYRIAN ARAB REPUBLIC,SYR,1978,22.95061002845324,3.175993794449174
SYRIAN ARAB REPUBLIC,SYR,1979,23.01879425500685,3.17883661784847
SYRIAN ARAB REPUBLIC,SYR,1980,23.293005283660516,3.1901884605011652
SYRIAN ARAB REPUBLIC,SYR,1981,23.465279472167392,3.1972549480221475
SYRIAN ARAB REPUBLIC,SYR,1982,23.514365271760386,3.1992592833448135
SYRIAN ARAB REPUBLIC,SYR,1983,23.59055529478535,3.2023624381116136
SYRIAN ARAB REPUBLIC,SYR,1984,23.585642574136973,3.202162637359314
SYRIAN ARAB REPUBLIC,SYR,1985,23.520763031989976,3.199520229343619
SYRIAN ARAB REPUBLIC,SYR,1986,23.31051885238272,3.19090913126698
SYRIAN ARAB REPUBLIC,SYR,1987,23.15303103016467,3.184409880718481
SYRIAN ARAB REPUBLIC,SYR,1988,23.08195162371884,3.181462664653079
SYRIAN ARAB REPUBLIC,SYR,1989,23.011081991276484,3.178515473410908
SYRIAN ARAB REPUBLIC,SYR,1990,23.233566014923312,3.187738697541498
SYRIAN ARAB REPUBLIC,SYR,1991,23.286816781186364,3.189933683836921
SYRIAN ARAB REPUBLIC,SYR,1992,23.307532477620644,3.190786280816
SYRIAN ARAB REPUBLIC,SYR,1993,23.340366883211722,3.1921361607083822
SYRIAN ARAB REPUBLIC,SYR,1994,23.037979085630436,3.1796350414757395
SYRIAN ARAB REPUBLIC,SYR,1995,23.15659025471598,3.1845572312653525
SYRIAN ARAB REPUBLIC,SYR,1996,23.347177684752477,3.19241593664063
SYRIAN ARAB REPUBLIC,SYR,1997,23.397775349739096,3.194491953951516
SYRIAN ARAB REPUBLIC,SYR,1998,23.44461693126543,3.196410025270287
SYRIAN ARAB REPUBLIC,SYR,1999,23.487940574115516,3.1981807749052567
SYRIAN ARAB REPUBLIC,SYR,2000,23.664386291867533,3.2053603526355228
SYRIAN ARAB REPUBLIC,SYR,2001,23.730779670792558,3.208048608363181
SYRIAN ARAB REPUBLIC,SYR,2002,23.751918124640866,3.20890298599722
SYRIAN ARAB REPUBLIC,SYR,2003,23.806466014709095,3.211104345587276
SYRIAN ARAB REPUBLIC,SYR,2004,23.945613647293335,3.2166980010221846
SYRIAN ARAB REPUBLIC,SYR,2005,24.085686544786263,3.2222974262994413
SYRIAN ARAB REPUBLIC,SYR,2006,24.24229925601011,3.2285211292455274
SYRIAN ARAB REPUBLIC,SYR,2007,24.423711107948098,3.2356822467636315
SYRIAN ARAB REPUBLIC,SYR,2008,24.685181507002508,3.245914230548049
SYRIAN ARAB REPUBLIC,SYR,2009,24.714316916864195,3.2470479152677685
SYRIAN ARAB REPUBLIC,SYR,2010,24.840526333878483,3.2519440476651025
SYRIAN ARAB REPUBLIC,SYR,2011,24.935977377941303,3.255631092766741
SYRIAN ARAB REPUBLIC,SYR,2012,24.488882180333473,3.23824236416373
SYRIAN ARAB REPUBLIC,SYR,2013,23.78484458751518,3.21023236102783
SYRIAN ARAB REPUBLIC,SYR,2014,23.791414649447002,3.210497409745559
SYRIAN ARAB REPUBLIC,SYR,2015,23.524615901381544,3.1996773438152895
SYRIAN ARAB REPUBLIC,SYR,2016,23.256792389145215,3.188696676684677
SYRIAN ARAB REPUBLIC,SYR,2017,23.51870665842334,3.1994363632830427
SYRIAN ARAB REPUBLIC,SYR,2018,23.791215644936972,3.210489382559069
SYRIAN ARAB REPUBLIC,SYR,2019,23.84046524275634,3.2124739864694445
SYRIAN ARAB REPUBLIC,SYR,2020,23.13523329447099,3.1836727352961502
SYRIAN ARAB REPUBLIC,SYR,2021,22.918272491923716,3.174642706237121
TAJIKISTAN,TJK,1990,21.68014996578582,3.1214900910857426
TAJIKISTAN,TJK,1991,21.659729087003154,3.1205892999680724
TAJIKISTAN,TJK,1992,21.36961202406686,3.1077034317694667
TAJIKISTAN,TJK,1993,21.221992479426838,3.101082450732583
TAJIKISTAN,TJK,1994,21.143291888465427,3.0975346013438276
TAJIKISTAN,TJK,1995,20.93154900601276,3.0879261940444347
TAJIKISTAN,TJK,1996,20.765994641789433,3.080348873100424
TAJIKISTAN,TJK,1997,20.641532903964965,3.0746142880667593
TAJIKISTAN,TJK,1998,21.0010487602386,3.0910901231420302
TAJIKISTAN,TJK,1999,20.806330702777633,3.0822003268473375
TAJIKISTAN,TJK,2000,20.573072797958027,3.071445907276725
TAJIKISTAN,TJK,2001,20.800941947631888,3.0819531774685456
TAJIKISTAN,TJK,2002,20.923023022793057,3.087537364194652
TAJIKISTAN,TJK,2003,21.164946031357292,3.0985120333353695
TAJIKISTAN,TJK,2004,21.453793995832388,3.1114595974969683
TAJIKISTAN,TJK,2005,21.56153103424124,3.1162462893200966
TAJIKISTAN,TJK,2006,21.763618110630176,3.125163564577938
TAJIKISTAN,TJK,2007,22.03686168546661,3.137095614981763
TAJIKISTAN,TJK,2008,22.3644542694658,3.151215819126601
TAJIKISTAN,TJK,2009,22.328589771456805,3.149679637204922
TAJIKISTAN,TJK,2010,22.453543636843644,3.155021598053185
TAJIKISTAN,TJK,2011,22.598562862055,3.161185814501712
TAJIKISTAN,TJK,2012,22.755751624426328,3.1678246748213987
TAJIKISTAN,TJK,2013,22.857244250965397,3.1720879133928763
TAJIKISTAN,TJK,2014,22.93292450725438,3.175255105370578
TAJIKISTAN,TJK,2015,22.836073424724283,3.1712001232929885
TAJIKISTAN,TJK,2016,22.66809198395377,3.1641278112338758
TAJIKISTAN,TJK,2017,22.743010829911917,3.1672882063257313
TAJIKISTAN,TJK,2018,22.772892293476698,3.1685459522819164
TAJIKISTAN,TJK,2019,22.839619370957983,3.1713488760863853
TAJIKISTAN,TJK,2020,22.81931416331216,3.1704967710404413
TAJIKISTAN,TJK,2021,22.91355590909786,3.1744454909936812
TAJIKISTAN,TJK,2022,23.094772817612096,3.1819949214366035
TAJIKISTAN,TJK,2023,23.213209944814505,3.186898349720473
TANZANIA,TZA,1960,21.698478021490757,3.122297874728152
TANZANIA,TZA,1961,21.762191470672004,3.1251008906805704
TANZANIA,TZA,1962,21.855180717800813,3.129177818897527
TANZANIA,TZA,1963,21.963545293461433,3.1339079712672255
TANZANIA,TZA,1964,22.044712542512997,3.137436352348221
TANZANIA,TZA,1965,22.062789960849035,3.138220494549851
TANZANIA,TZA,1966,22.199857567689662,3.144146139329697
TANZANIA,TZA,1967,22.241713276637,3.1459486502921377
TANZANIA,TZA,1968,22.31153155676395,3.1489481547401397
TANZANIA,TZA,1969,22.360720938994355,3.1510560195982853
TANZANIA,TZA,1970,21.77108273744527,3.125491429996748
TANZANIA,TZA,1971,21.838628228526698,3.1284533229371405
TANZANIA,TZA,1972,21.968223355173183,3.1341116673958775
TANZANIA,TZA,1973,22.144952567319923,3.14177672511064
TANZANIA,TZA,1974,22.328161042576205,3.1496612592050344
TANZANIA,TZA,1975,22.468967028915834,3.155678996491965
TANZANIA,TZA,1976,22.59083012171373,3.160858082360163
TANZANIA,TZA,1977,22.768710864909632,3.168370046199662
TANZANIA,TZA,1978,22.94915083141831,3.175932867337673
TANZANIA,TZA,1979,23.0061213240471,3.178308852995535
TANZANIA,TZA,1980,23.157688346188067,3.18460268745363
TANZANIA,TZA,1981,23.30056480596346,3.190499593120151
TANZANIA,TZA,1982,23.35712275639415,3.1928243224172377
TANZANIA,TZA,1983,23.365879962868906,3.193183791500845
TANZANIA,TZA,1984,23.281007367487867,3.1896944549306223
TANZANIA,TZA,1985,23.45296631525793,3.196751530249441
TANZANIA,TZA,1986,23.106588582660248,3.182485188306317
TANZANIA,TZA,1987,22.78048646545214,3.168865347968961
TANZANIA,TZA,1988,22.72563927676627,3.166556289412901
TANZANIA,TZA,1989,22.582496866556657,3.1605047786703118
TANZANIA,TZA,1990,22.545293278420743,3.1589259396986695
TANZANIA,TZA,1991,22.6970368369408,3.165350012347255
TANZANIA,TZA,1992,22.622682802148926,3.162207386120686
TANZANIA,TZA,1993,22.54504883986554,3.158915558013415
TANZANIA,TZA,1994,22.602804240229617,3.1613655287111264
TANZANIA,TZA,1995,22.755541323942335,3.1678158221688633
TANZANIA,TZA,1996,22.967536004696516,3.176700248197844
TANZANIA,TZA,1997,23.135440306122348,3.1836813124149645
TANZANIA,TZA,1998,23.222468974562307,3.1872806724241967
TANZANIA,TZA,1999,23.26520904745083,3.1890435980045253
TANZANIA,TZA,2000,23.316411386996506,3.191151488109726
TANZANIA,TZA,2001,23.330684325612665,3.191738283223253
TANZANIA,TZA,2002,23.37154139750719,3.1934161154320555
TANZANIA,TZA,2003,23.445316749661785,3.196438653592877
TANZANIA,TZA,2004,23.537060228497747,3.2001846370170193
TANZANIA,TZA,2005,23.635365581360546,3.204183035803029
TANZANIA,TZA,2006,23.647494578975643,3.2046752555248763
TANZANIA,TZA,2007,23.807944210781546,3.2111639329557913
TANZANIA,TZA,2008,24.053605087102643,3.22101773282881
TANZANIA,TZA,2009,24.10428001972686,3.223038350315292
TANZANIA,TZA,2010,24.189404562332538,3.22642345222617
TANZANIA,TZA,2011,24.268769604744758,3.229569230256052
TANZANIA,TZA,2012,24.403366731079412,3.2348817137084125
TANZANIA,TZA,2013,24.544244410647003,3.2404120235880884
TANZANIA,TZA,2014,24.63502333634456,3.2439595155666154
TANZANIA,TZA,2015,24.582181689563654,3.241896081394325
TANZANIA,TZA,2016,24.630766820918762,3.2437934588093693
TANZANIA,TZA,2017,24.698730847547957,3.246441607317883
TANZANIA,TZA,2018,24.76638224111719,3.2490706283566
TANZANIA,TZA,2019,24.834577833419537,3.2517138207277374
TANZANIA,TZA,2020,24.913961518614162,3.2547818782404074
TANZANIA,TZA,2021,24.981083605294707,3.2573687195833765
TANZANIA,TZA,2022,25.05096793641096,3.2600549243770596
TANZANIA,TZA,2023,25.094715309310068,3.261732815256599
THAILAND,THA,1960,21.73876853062631,3.124071332529972
THAILAND,THA,1961,21.833160180210374,3.1282138732228653
THAILAND,THA,1962,21.91988551224001,3.1320048967310967
THAILAND,THA,1963,21.987506528375615,3.1349508739271634
THAILAND,THA,1964,22.08145130434344,3.1390293211336284
THAILAND,THA,1965,22.20235304136305,3.1442536977258615
THAILAND,THA,1966,22.387046245512224,3.152182289830476
THAILAND,THA,1967,22.452877071324274,3.154993176975245
THAILAND,THA,1968,22.5284365434671,3.158209755290171
THAILAND,THA,1969,22.624677086268502,3.162291804980299
THAILAND,THA,1970,22.681462826602246,3.1646925828798764
THAILAND,THA,1971,22.721361742431746,3.166375981521813
THAILAND,THA,1972,22.824697947768595,3.1707227715068504
THAILAND,THA,1973,23.10637850691479,3.182476473814837
THAILAND,THA,1974,23.34088051535389,3.1921572625564094
THAILAND,THA,1975,23.423470044851026,3.195544557066274
THAILAND,THA,1976,23.555608722746754,3.2009402893589214
THAILAND,THA,1977,23.707902393138912,3.2071231274105556
THAILAND,THA,1978,23.901593239731902,3.2149317869550766
THAILAND,THA,1979,24.032773673288233,3.2201859132590536
THAILAND,THA,1980,24.19998850697468,3.2268435384448404
THAILAND,THA,1981,24.27420531471298,3.2297843228578564
THAILAND,THA,1982,24.323034595782083,3.231714439848994
THAILAND,THA,1983,24.413214678773805,3.2352693016784984
THAILAND,THA,1984,24.456105901583285,3.2369556317683963
THAILAND,THA,1985,24.3842783735871,3.2341300207188364
THAILAND,THA,1986,24.48671398162265,3.2381572960576013
THAILAND,THA,1987,24.645940838980483,3.2443853072020277
THAILAND,THA,1988,24.845018889063358,3.252117889507219
THAILAND,THA,1989,25.003408518210275,3.258227626283282
THAILAND,THA,1990,25.169946502324784,3.2646116723032352
THAILAND,THA,1991,25.310625502779452,3.2699728691055694
THAILAND,THA,1992,25.43686653997088,3.2747594958563955
THAILAND,THA,1993,25.58221944591364,3.2802425503978254
THAILAND,THA,1994,25.711544943105785,3.2850958668233554
THAILAND,THA,1995,25.854813585506328,3.290445081814296
THAILAND,THA,1996,25.932944525510006,3.2933502408207067
THAILAND,THA,1997,25.735103451736904,3.2859774379176856
THAILAND,THA,1998,25.456614586590813,3.275506205927917
THAILAND,THA,1999,25.564844893788507,3.279588721142722
THAILAND,THA,2000,25.562655799787443,3.279506312071197
THAILAND,THA,2001,25.513225167564542,3.277643671428655
THAILAND,THA,2002,25.623348674630307,3.28178860049604
THAILAND,THA,2003,25.748990808680333,3.2864967458520375
THAILAND,THA,2004,25.875954273596427,3.2912319936721888
THAILAND,THA,2005,25.966696135381383,3.2946026281787324
THAILAND,THA,2006,26.12485386903324,3.300450424529365
THAILAND,THA,2007,26.295201675949354,3.3067109239570875
THAILAND,THA,2008,26.397904329657496,3.3104665261498805
THAILAND,THA,2009,26.36414624696099,3.3092336253867716
THAILAND,THA,2010,26.555455499680505,3.316200537762189
THAILAND,THA,2011,26.638979207720375,3.319227066514162
THAILAND,THA,2012,26.708607490537542,3.321743104654299
THAILAND,THA,2013,26.764314648539234,3.3237515503816843
THAILAND,THA,2014,26.7329116982169,3.322619855854189
THAILAND,THA,2015,26.71796574021094,3.3220807856335424
THAILAND,THA,2016,26.747600082108665,3.323149352924912
THAILAND,THA,2017,26.846540826304608,3.326708751344908
THAILAND,THA,2018,26.951291926939614,3.3304634213214053
THAILAND,THA,2019,27.022172236917317,3.3329960624192414
THAILAND,THA,2020,26.93879730589129,3.330016307300727
THAILAND,THA,2021,26.950309283526536,3.3304282651401187
THAILAND,THA,2022,26.929126207263742,3.3296700943715183
THAILAND,THA,2023,26.967325923815615,3.331036897488439
TIMOR-LESTE,TLS,1990,18.669181208227428,2.979053005109929
TIMOR-LESTE,TLS,1991,18.81078175987756,2.986226322823166
TIMOR-LESTE,TLS,1992,19.05137522653238,2.998297741252391
TIMOR-LESTE,TLS,1993,19.195013363634875,3.0054357107450347
TIMOR-LESTE,TLS,1994,19.292143551606674,3.0102337939750385
TIMOR-LESTE,TLS,1995,19.386979564691146,3.0148964404449083
TIMOR-LESTE,TLS,1996,19.54221790481627,3.0224821784575906
TIMOR-LESTE,TLS,1997,19.58374623761873,3.024501746766001
TIMOR-LESTE,TLS,1998,19.601578761302047,3.0253677117570827
TIMOR-LESTE,TLS,1999,19.23319903184842,3.0073247717401452
TIMOR-LESTE,TLS,2000,19.720666117712902,3.031131565412797
TIMOR-LESTE,TLS,2001,19.98395638627682,3.043758164134888
TIMOR-LESTE,TLS,2002,19.967084070437885,3.0429537828101347
TIMOR-LESTE,TLS,2003,20.010811670239917,3.0450371466780357
TIMOR-LESTE,TLS,2004,19.9040382929143,3.0399423600628976
TIMOR-LESTE,TLS,2005,19.951655367440917,3.042217658398925
TIMOR-LESTE,TLS,2006,19.933150382703932,3.0413340450881035
TIMOR-LESTE,TLS,2007,20.112243011312806,3.0498531097123065
TIMOR-LESTE,TLS,2008,20.290208952731703,3.0582472934524203
TIMOR-LESTE,TLS,2009,20.40435147475367,3.0635942412988024
TIMOR-LESTE,TLS,2010,20.597599774216118,3.072582186951592
TIMOR-LESTE,TLS,2011,20.764920700534915,3.0802995315579227
TIMOR-LESTE,TLS,2012,20.872164175920666,3.0852147861677905
TIMOR-LESTE,TLS,2013,21.05668155001219,3.0936155741332727
TIMOR-LESTE,TLS,2014,21.093128084905043,3.095266613785469
TIMOR-LESTE,TLS,2015,21.19026815425801,3.0996538213355693
TIMOR-LESTE,TLS,2016,21.225617881125135,3.101245582189007
TIMOR-LESTE,TLS,2017,21.192149088803728,3.099738581682738
TIMOR-LESTE,TLS,2018,21.171890812618734,3.098825306983766
TIMOR-LESTE,TLS,2019,21.42983947783258,3.11039219192303
TIMOR-LESTE,TLS,2020,21.494585916638464,3.1132746543281318
TIMOR-LESTE,TLS,2021,22.010280600536976,3.1359410986942136
TIMOR-LESTE,TLS,2022,21.88790085726654,3.130608424091562
TIMOR-LESTE,TLS,2023,21.53114380354522,3.114898521177925
TOGO,TGO,1960,18.957507796429155,2.993605403189333
TOGO,TGO,1961,19.00008290282741,2.9957364186867705
TOGO,TGO,1962,19.04525866609728,2.997992650281467
TOGO,TGO,1963,19.125291294487077,3.0019772974601033
TOGO,TGO,1964,19.27327392985334,3.009303463447911
TOGO,TGO,1965,19.393372625763703,3.0152099767819696
TOGO,TGO,1966,19.53656826881647,3.02220711502161
TOGO,TGO,1967,19.606130583391316,3.025588632656602
TOGO,TGO,1968,19.649419038599333,3.0276871852872778
TOGO,TGO,1969,19.750647606641458,3.032577456148311
TOGO,TGO,1970,19.697901465147783,3.0300323166369
TOGO,TGO,1971,19.81852902020993,3.0358434084434736
TOGO,TGO,1972,19.976810537485214,3.043417567459252
TOGO,TGO,1973,20.16819393188768,3.0524997688899527
TOGO,TGO,1974,20.489377653714357,3.0675587504265303
TOGO,TGO,1975,20.586049591476332,3.072047253791247
TOGO,TGO,1976,20.589370506024657,3.072201087363561
TOGO,TGO,1977,20.81665947771662,3.082673874171318
TOGO,TGO,1978,20.875150211153578,3.085351299015694
TOGO,TGO,1979,20.953874027616514,3.0889436172335634
TOGO,TGO,1980,21.19628797837504,3.0999250667160827
TOGO,TGO,1981,21.030034625674862,3.0924067325640316
TOGO,TGO,1982,20.87197635105413,3.085206198738056
TOGO,TGO,1983,20.80151055807826,3.0819792590494535
TOGO,TGO,1984,20.737336449172492,3.0790313557497386
TOGO,TGO,1985,20.797077962878472,3.081775922411024
TOGO,TGO,1986,21.127543292654305,3.0968231353680444
TOGO,TGO,1987,21.290837360120943,3.104175713319399
TOGO,TGO,1988,21.38966257056727,3.10859935995522
TOGO,TGO,1989,21.370701785630843,3.10775214674133
TOGO,TGO,1990,21.55602951696413,3.1160024145521716
TOGO,TGO,1991,21.53985461775376,3.11528505862427
TOGO,TGO,1992,21.594892584969795,3.117723888922746
TOGO,TGO,1993,21.278267812640312,3.103611665745854
TOGO,TGO,1994,21.050886241071957,3.093352793424029
TOGO,TGO,1995,21.337970532405013,3.1062879449488605
TOGO,TGO,1996,21.450575775422674,3.11131626087153
TOGO,TGO,1997,21.47318014895185,3.1123226048412955
TOGO,TGO,1998,21.530478088870343,3.1148689743197795
TOGO,TGO,1999,21.523731357159356,3.114569480361529
TOGO,TGO,2000,21.468459185734233,3.1121125117826143
TOGO,TGO,2001,21.462102510245874,3.111829556248972
TOGO,TGO,2002,21.602975167110554,3.1180815421762693
TOGO,TGO,2003,21.81786476649921,3.127543771541627
TOGO,TGO,2004,21.883776135147123,3.1304281937656655
TOGO,TGO,2005,21.893240315116604,3.130841684239192
TOGO,TGO,2006,21.923503992689074,3.1321627594238715
TOGO,TGO,2007,22.04767547074243,3.137564917100937
TOGO,TGO,2008,22.24471363716265,3.14607773573617
TOGO,TGO,2009,22.27547517075554,3.147400238454438
TOGO,TGO,2010,22.280650067384972,3.1476225463301164
TOGO,TGO,2011,22.413812135123987,3.1533261104122388
TOGO,TGO,2012,22.41216992015095,3.1532559692255884
TOGO,TGO,2013,22.51864092481862,3.157793337552145
TOGO,TGO,2014,22.57851926035752,3.16033609671495
TOGO,TGO,2015,22.47341498632746,3.155868503595524
TOGO,TGO,2016,22.526817332658844,3.1581409336103152
TOGO,TGO,2017,22.577596662100078,3.160296967187867
TOGO,TGO,2018,22.673353019051415,3.1643500704031498
TOGO,TGO,2019,22.668132599201822,3.1641295272662973
TOGO,TGO,2020,22.724784237471233,3.1665202501436256
TOGO,TGO,2021,22.844598039432547,3.1715576943815376
TOGO,TGO,2022,22.823670624907898,3.1706796504980255
TOGO,TGO,2023,22.93934071844416,3.1755231608385173
TONGA,TON,1975,17.296958063329942,2.9067348199827503
TONGA,TON,1976,17.217921102180213,2.9024057855513683
TONGA,TON,1977,17.345962345787438,2.909409514637273
TONGA,TON,1978,17.542828488407263,2.9200831099041666
TONGA,TON,1979,17.614745576951858,2.923954039595062
TONGA,TON,1980,17.790697592181317,2.9333619384510436
TONGA,TON,1981,17.946540785162593,2.9416213705465966
TONGA,TON,1982,17.943743711256943,2.9414737298546405
TONGA,TON,1983,17.9241518328123,2.940438981030538
TONGA,TON,1984,17.978266671162093,2.943294465047432
TONGA,TON,1985,17.910832364435585,2.939734898858466
TONGA,TON,1986,18.037894352858338,2.946431432536394
TONGA,TON,1987,18.21816219559637,2.9558557795944833
TONGA,TON,1988,18.48513114277611,2.9696516692158603
TONGA,TON,1989,18.48219772031233,2.96950111116865
TONGA,TON,1990,18.547875541498442,2.972866612572541
TONGA,TON,1991,18.699835119587103,2.9806102661448115
TONGA,TON,1992,18.73597523939204,2.982443124635269
TONGA,TON,1993,18.74630784405116,2.9829665292658056
TONGA,TON,1994,19.09357922743427,3.0004003226115703
TONGA,TON,1995,19.157230581849642,3.0035630618347184
TONGA,TON,1996,19.2186408838432,3.0066049949060587
TONGA,TON,1997,19.18610882862719,3.0049946860944754
TONGA,TON,1998,19.07042391592644,2.999247284454961
TONGA,TON,1999,19.10986366471702,3.0012104242845545
TONGA,TON,2000,19.137781179974745,3.002597711408702
TONGA,TON,2001,19.014655061378882,2.996464758290478
TONGA,TON,2002,19.023707797609475,2.9969169614146036
TONGA,TON,2003,19.124998259449356,3.0019627368176347
TONGA,TON,2004,19.256445035842443,3.0084730162892575
TONGA,TON,2005,19.383105484075024,3.0147063951887776
TONGA,TON,2006,19.49305398811703,3.02008599888061
TONGA,TON,2007,19.514344221231163,3.0211243595646193
TONGA,TON,2008,19.657420544609117,3.0280746032640877
TONGA,TON,2009,19.55972352279902,3.02333399316187
TONGA,TON,2010,19.720415122160567,3.0311194520438964
TONGA,TON,2011,19.842663427278712,3.0370020123312025
TONGA,TON,2012,19.96974254610788,3.0430805675903883
TONGA,TON,2013,19.926202947695206,3.041002103262931
TONGA,TON,2014,19.902007097138704,3.039845187715777
TONGA,TON,2015,19.895450797802976,3.0395314701013714
TONGA,TON,2016,19.857070874742277,3.037693021436081
TONGA,TON,2017,19.947550531364953,3.0420217197885844
TONGA,TON,2018,20.0076825151681,3.0448882048780845
TONGA,TON,2019,20.05394004484675,3.0470877181403986
TONGA,TON,2020,19.999240505319534,3.044486270656047
TONGA,TON,2021,19.966599817150243,3.0429306866619896
TONGA,TON,2022,20.030668301474368,3.0459817676915835
TRINIDAD AND TOBAGO,TTO,1960,20.09902909627404,3.0492270250287308
TRINIDAD AND TOBAGO,TTO,1961,20.1870560930088,3.0533904335587696
TRINIDAD AND TOBAGO,TTO,1962,20.244131363877745,3.056080686116526
TRINIDAD AND TOBAGO,TTO,1963,20.335004943533296,3.060349148349957
TRINIDAD AND TOBAGO,TTO,1964,20.383438693490838,3.0626167295906335
TRINIDAD AND TOBAGO,TTO,1965,20.41751328837761,3.064208965300721
TRINIDAD AND TOBAGO,TTO,1966,20.3999367393818,3.0633879659197825
TRINIDAD AND TOBAGO,TTO,1967,20.451432801050068,3.0657914403949404
TRINIDAD AND TOBAGO,TTO,1968,20.447380508489307,3.0656025171003227
TRINIDAD AND TOBAGO,TTO,1969,20.473778310292598,3.066832577325079
TRINIDAD AND TOBAGO,TTO,1970,20.52706845461681,3.0693111411495035
TRINIDAD AND TOBAGO,TTO,1971,20.614292488052577,3.073354785131995
TRINIDAD AND TOBAGO,TTO,1972,20.803352584343784,3.08206374624349
TRINIDAD AND TOBAGO,TTO,1973,20.992376110428534,3.090695852864237
TRINIDAD AND TOBAGO,TTO,1974,21.43721117920259,3.1107207939295534
TRINIDAD AND TOBAGO,TTO,1975,21.616356546712375,3.118673385508988
TRINIDAD AND TOBAGO,TTO,1976,21.63972078885243,3.1197059206110733
TRINIDAD AND TOBAGO,TTO,1977,21.867063918236276,3.129697618430451
TRINIDAD AND TOBAGO,TTO,1978,21.99368163291042,3.1352194665764124
TRINIDAD AND TOBAGO,TTO,1979,22.249847355752618,3.14629856666784
TRINIDAD AND TOBAGO,TTO,1980,22.55357806125068,3.159277743581851
TRINIDAD AND TOBAGO,TTO,1981,22.668044393611535,3.1641258004934194
TRINIDAD AND TOBAGO,TTO,1982,22.82010720320201,3.1705300644712673
TRINIDAD AND TOBAGO,TTO,1983,22.772731301837787,3.168539180191165
TRINIDAD AND TOBAGO,TTO,1984,22.771872241382273,3.168503043158081
TRINIDAD AND TOBAGO,TTO,1985,22.721486255805804,3.166381230505772
TRINIDAD AND TOBAGO,TTO,1986,22.290723677139628,3.1480551558540277
TRINIDAD AND TOBAGO,TTO,1987,22.291418684696854,3.148084995939607
TRINIDAD AND TOBAGO,TTO,1988,22.226643449701832,3.1453000442933403
TRINIDAD AND TOBAGO,TTO,1989,22.187229049647684,3.143601655108985
TRINIDAD AND TOBAGO,TTO,1990,22.346212099405303,3.1504347482318353
TRINIDAD AND TOBAGO,TTO,1991,22.392463221976755,3.152413885952385
TRINIDAD AND TOBAGO,TTO,1992,22.41696271450651,3.153460662078206
TRINIDAD AND TOBAGO,TTO,1993,22.264315377228403,3.146920657708172
TRINIDAD AND TOBAGO,TTO,1994,22.322088781427965,3.149400927858238
TRINIDAD AND TOBAGO,TTO,1995,22.396469627710243,3.152585140370867
TRINIDAD AND TOBAGO,TTO,1996,22.474123052576942,3.15589866774381
TRINIDAD AND TOBAGO,TTO,1997,22.470333216452143,3.155737207310173
TRINIDAD AND TOBAGO,TTO,1998,22.52228130599065,3.1579481126291067
TRINIDAD AND TOBAGO,TTO,1999,22.641508536364725,3.163004003376931
TRINIDAD AND TOBAGO,TTO,2000,22.82181592110125,3.170601796164193
TRINIDAD AND TOBAGO,TTO,2001,22.900840078112623,3.1739136080315538
TRINIDAD AND TOBAGO,TTO,2002,22.921409294309036,3.1747738443330573
TRINIDAD AND TOBAGO,TTO,2003,23.148551614301102,3.184224403736934
TRINIDAD AND TOBAGO,TTO,2004,23.309545697876143,3.1908691002832406
TRINIDAD AND TOBAGO,TTO,2005,23.494746599524166,3.198458670049242
TRINIDAD AND TOBAGO,TTO,2006,23.633949955731303,3.2041255710051444
TRINIDAD AND TOBAGO,TTO,2007,23.797884151797927,3.2107583330715195
TRINIDAD AND TOBAGO,TTO,2008,24.05087363230962,3.2209087024640386
TRINIDAD AND TOBAGO,TTO,2009,23.676725336269538,3.2058605053176197
TRINIDAD AND TOBAGO,TTO,2010,23.821462113140846,3.2117086867094575
TRINIDAD AND TOBAGO,TTO,2011,23.95931382876783,3.217247052288725
TRINIDAD AND TOBAGO,TTO,2012,24.031418461339502,3.220131774287015
TRINIDAD AND TOBAGO,TTO,2013,24.080510937495685,3.222091087865648
TRINIDAD AND TOBAGO,TTO,2014,24.114411830927164,3.2234418578924275
TRINIDAD AND TOBAGO,TTO,2015,24.020068199175075,3.2196782308214242
TRINIDAD AND TOBAGO,TTO,2016,23.889317576496552,3.2144386984261533
TRINIDAD AND TOBAGO,TTO,2017,23.902997424816533,3.214988174732439
TRINIDAD AND TOBAGO,TTO,2018,23.924754557917737,3.2158614685744524
TRINIDAD AND TOBAGO,TTO,2019,23.891932171674377,3.214543741798646
TRINIDAD AND TOBAGO,TTO,2020,23.758582762915157,3.209172207200604
TRINIDAD AND TOBAGO,TTO,2021,23.921796329660012,3.215742775176072
TRINIDAD AND TOBAGO,TTO,2022,24.126247463634353,3.2239130154406093
TRINIDAD AND TOBAGO,TTO,2023,24.060455926665238,3.221291142704868
TUNISIA,TUN,1961,20.579574929142225,3.0717472621912383
TUNISIA,TUN,1962,20.59546398009145,3.072483291715146
TUNISIA,TUN,1963,20.749652233786207,3.079597768155655
TUNISIA,TUN,1964,20.74880374306027,3.079558755703052
TUNISIA,TUN,1965,20.714273142651045,3.077969792833936
TUNISIA,TUN,1966,20.76340188197138,3.080229746256122
TUNISIA,TUN,1967,20.805503935183385,3.0821624120198043
TUNISIA,TUN,1968,20.91773552767601,3.0872961505241996
TUNISIA,TUN,1969,20.97783422461377,3.090034410208669
TUNISIA,TUN,1970,21.08737970998214,3.0950063915633965
TUNISIA,TUN,1971,21.24512770021262,3.1021230048669546
TUNISIA,TUN,1972,21.52865010210495,3.114787837074574
TUNISIA,TUN,1973,21.72786534510992,3.1235917199087604
TUNISIA,TUN,1974,21.989048981065103,3.1350179712846304
TUNISIA,TUN,1975,22.188594456086754,3.143660539516258
TUNISIA,TUN,1976,22.229162010336598,3.145408472534431
TUNISIA,TUN,1977,22.3543329446077,3.1507825319793956
TUNISIA,TUN,1978,22.509754788047964,3.1574154323847794
TUNISIA,TUN,1979,22.695798985573614,3.165297774436356
TUNISIA,TUN,1980,22.891648953000125,3.1735289816849397
TUNISIA,TUN,1981,22.854878166576196,3.171988731706074
TUNISIA,TUN,1982,22.819267014343104,3.1704947915957185
TUNISIA,TUN,1983,22.845597163533885,3.1715995949901314
TUNISIA,TUN,1984,22.834029333709804,3.1711143634184573
TUNISIA,TUN,1985,22.85271418959636,3.171898013358136
TUNISIA,TUN,1986,22.922466976752823,3.1748180582440693
TUNISIA,TUN,1987,22.995053099223092,3.177847688236416
TUNISIA,TUN,1988,23.035429485003988,3.1795289703355962
TUNISIA,TUN,1989,23.03598458503452,3.17955206514324
TUNISIA,TUN,1990,23.232097990685844,3.1876781175714086
TUNISIA,TUN,1991,23.293951220273183,3.1902273983841223
TUNISIA,TUN,1992,23.463893455116292,3.197198294007025
TUNISIA,TUN,1993,23.40485813480636,3.194782216366115
TUNISIA,TUN,1994,23.47266105123256,3.197556619038222
TUNISIA,TUN,1995,23.6153514919118,3.2033702926902468
TUNISIA,TUN,1996,23.698140178711302,3.206727944390565
TUNISIA,TUN,1997,23.755629433393942,3.2090529150057487
TUNISIA,TUN,1998,23.805308531287565,3.211057683945666
TUNISIA,TUN,1999,23.856287528050128,3.2131107397760985
TUNISIA,TUN,2000,23.790086765135147,3.210443846046426
TUNISIA,TUN,2001,23.817296206074435,3.211540837745573
TUNISIA,TUN,2002,23.864898418178548,3.213457106824697
TUNISIA,TUN,2003,24.03577415368587,3.2203057681592435
TUNISIA,TUN,2004,24.163167299658653,3.2253813102231597
TUNISIA,TUN,2005,24.19747160318133,3.226743656276575
TUNISIA,TUN,2006,24.260643816505137,3.2292476041868188
TUNISIA,TUN,2007,24.384654710641794,3.2341448462048903
TUNISIA,TUN,2008,24.526799880499517,3.239728875981924
TUNISIA,TUN,2009,24.495008797245383,3.238482699564733
TUNISIA,TUN,2010,24.55637748647039,3.240886893583832
TUNISIA,TUN,2011,24.59703284089883,3.242476440115664
TUNISIA,TUN,2012,24.58001715651772,3.2418114668509297
TUNISIA,TUN,2013,24.608645980770298,3.242930028090194
TUNISIA,TUN,2014,24.64071037766905,3.2441813375059962
TUNISIA,TUN,2015,24.547102099464137,3.2405238894524793
TUNISIA,TUN,2016,24.51560563785031,3.2392902507754897
TUNISIA,TUN,2017,24.4648214803428,3.237297949919016
TUNISIA,TUN,2018,24.477150422556626,3.2377819886004415
TUNISIA,TUN,2019,24.458683879105617,3.23705689812089
TUNISIA,TUN,2020,24.47257734082331,3.237602475109542
TUNISIA,TUN,2021,24.56941161529458,3.2413967782950737
TUNISIA,TUN,2022,24.520545804254937,3.239483845561949
TUNISIA,TUN,2023,24.605439663560873,3.2428048157712284
TURKIYE,TUR,1960,22.74701847276566,3.167456984611283
TURKIYE,TUR,1961,22.801317524337193,3.1697409373106504
TURKIYE,TUR,1962,22.911810880562907,3.1743725159742358
TURKIYE,TUR,1963,23.060788981301737,3.180583502249184
TURKIYE,TUR,1964,23.13719351727583,3.183753950305852
TURKIYE,TUR,1965,23.205390843772534,3.1865753704942
TURKIYE,TUR,1966,23.369440634330534,3.1933299143302154
TURKIYE,TUR,1967,23.473381703334134,3.1975860658355963
TURKIYE,TUR,1968,23.585466717875878,3.2021554845306053
TURKIYE,TUR,1969,23.691969438112483,3.20647806680662
TURKIYE,TUR,1970,23.60603299545736,3.2029916565887713
TURKIYE,TUR,1971,23.50621734622174,3.198926854590256
TURKIYE,TUR,1972,23.750981156353454,3.2088651309098966
TURKIYE,TUR,1973,23.981362374967894,3.218130041839874
TURKIYE,TUR,1974,24.290381126932242,3.230424130830566
TURKIYE,TUR,1975,24.55283847671249,3.2407484054580857
TURKIYE,TUR,1976,24.66387629922647,3.2450844116610504
TURKIYE,TUR,1977,24.795421593879365,3.2501970185785334
TURKIYE,TUR,1978,24.911593941802998,3.2546905110841164
TURKIYE,TUR,1979,25.218801152247902,3.2664767546452342
TURKIYE,TUR,1980,24.954813769892244,3.2563570941385307
TURKIYE,TUR,1981,24.98848024835681,3.2576533724672405
TURKIYE,TUR,1982,24.887903039087316,3.2537757954691644
TURKIYE,TUR,1983,24.847226733016498,3.252203312143745
TURKIYE,TUR,1984,24.816569894361695,3.2510165297446836
TURKIYE,TUR,1985,24.931426445170544,3.255455609420863
TURKIYE,TUR,1986,25.04968775213272,3.2600057816451082
TURKIYE,TUR,1987,25.19135641919359,3.265429448671179
TURKIYE,TUR,1988,25.23275270741963,3.2670087333750955
TURKIYE,TUR,1989,25.397282669467835,3.273261075667874
TURKIYE,TUR,1990,25.7382616115917,3.2860955587748535
TURKIYE,TUR,1991,25.740775657535718,3.286189578640365
TURKIYE,TUR,1992,25.792828771788944,3.288134268567851
TURKIYE,TUR,1993,25.918529790270252,3.292814889253561
TURKIYE,TUR,1994,25.595791254081842,3.2807529797382324
TURKIYE,TUR,1995,25.855053766275766,3.29045402545096
TURKIYE,TUR,1996,25.924325376767133,3.2930301670838795
TURKIYE,TUR,1997,25.96964970366461,3.2947121486974194
TURKIYE,TUR,1998,26.343456502182335,3.3084772498658075
TURKIYE,TUR,1999,26.269988698912485,3.305786782442761
TURKIYE,TUR,2000,26.337468632671026,3.3082582385919315
TURKIYE,TUR,2001,26.030310627528994,3.296958852176782
TURKIYE,TUR,2002,26.20494202160977,3.303398648768912
TURKIYE,TUR,2003,26.47455375291899,3.3132602582258084
TURKIYE,TUR,2004,26.73665191738359,3.3227547124828902
TURKIYE,TUR,2005,26.95042428455302,3.3304323796130118
TURKIYE,TUR,2006,27.045967796025373,3.3338448710482687
TURKIYE,TUR,2007,27.247299580110493,3.3409978629388424
TURKIYE,TUR,2008,27.370239471177335,3.3453406897853935
TURKIYE,TUR,2009,27.199144254969973,3.339291631915191
TURKIYE,TUR,2010,27.378664058119725,3.3456375972666077
TURKIYE,TUR,2011,27.455220598498446,3.3483316445640785
TURKIYE,TUR,2012,27.50381923304714,3.3500380864734036
TURKIYE,TUR,2013,27.587903906091,3.352983688014844
TURKIYE,TUR,2014,27.568011675068412,3.3522876189684996
TURKIYE,TUR,2015,27.485201746368283,3.349384715454874
TURKIYE,TUR,2016,27.491394478231296,3.349602093546854
TURKIYE,TUR,2017,27.479021362861594,3.349167723694306
TURKIYE,TUR,2018,27.38124119505309,3.3457284056259113
TURKIYE,TUR,2019,27.357907009216753,3.344905898137155
TURKIYE,TUR,2020,27.302987074830853,3.3429673494265257
TURKIYE,TUR,2021,27.432405838908817,3.347529545329444
TURKIYE,TUR,2022,27.53353885841842,3.3510801974355995
TURKIYE,TUR,2023,27.73359789652226,3.358067096494726
TURKMENISTAN,TKM,1987,21.639556568820566,3.1196986669603333
TURKMENISTAN,TKM,1988,21.716517609956693,3.1230923078956057
TURKMENISTAN,TKM,1989,21.75288525412757,3.1246919617126863
TURKMENISTAN,TKM,1990,21.82187812561452,3.127719642783284
TURKMENISTAN,TKM,1991,21.80507100729814,3.126982923831175
TURKMENISTAN,TKM,1992,21.886416646752092,3.130543575041007
TURKMENISTAN,TKM,1993,21.880446479765588,3.1302826802969705
TURKMENISTAN,TKM,1994,21.663640135265823,3.1207618841487936
TURKMENISTAN,TKM,1995,21.63243094288109,3.1193838751259135
TURKMENISTAN,TKM,1996,21.589845170131813,3.117500476544596
TURKMENISTAN,TKM,1997,21.619496963550837,3.118812231870881
TURKMENISTAN,TKM,1998,21.68096302015698,3.1215259391643158
TURKMENISTAN,TKM,1999,21.61958407997336,3.118816083249844
TURKMENISTAN,TKM,2000,21.789583320699474,3.1263035596634845
TURKMENISTAN,TKM,2001,21.985914843534424,3.1348816302296383
TURKMENISTAN,TKM,2002,22.218869456629665,3.144965286739454
TURKMENISTAN,TKM,2003,22.511258317105437,3.1574793837528468
TURKMENISTAN,TKM,2004,22.645812470581493,3.1631860367058233
TURKMENISTAN,TKM,2005,22.81561151057809,3.1703413114616072
TURKMENISTAN,TKM,2006,23.053142539273978,3.1802656549292716
TURKMENISTAN,TKM,2007,23.26204219664714,3.1889130795544998
TURKMENISTAN,TKM,2008,23.681894360297026,3.2060699529917307
TURKMENISTAN,TKM,2009,23.729660364357045,3.2080033476887957
TURKMENISTAN,TKM,2010,23.840470239509198,3.212474187623179
TURKMENISTAN,TKM,2011,24.09857544765644,3.2228110894536597
TURKMENISTAN,TKM,2012,24.283294655901717,3.230143887365277
TURKMENISTAN,TKM,2013,24.391879925138216,3.234429434926709
TURKMENISTAN,TKM,2014,24.4965831840402,3.2385444504038086
TURKMENISTAN,TKM,2015,24.301205749475248,3.23085205267989
TURKMENISTAN,TKM,2016,24.31148008437336,3.231258051091947
TURKMENISTAN,TKM,2017,24.35891026310368,3.233130157947954
TURKMENISTAN,TKM,2018,24.431100220226398,3.2359728431550963
TURKMENISTAN,TKM,2019,24.53508958763977,3.2400535685187424
TURKMENISTAN,TKM,2020,24.547942863957566,3.2405567992774573
TURKMENISTAN,TKM,2021,24.635437402767487,3.243975667807768
TURKMENISTAN,TKM,2022,24.758264721059565,3.248755535654238
TURKMENISTAN,TKM,2023,24.815730881382116,3.2509840302059434
TURKS AND CAICOS ISLANDS,TCA,2001,19.698121830159536,3.0300429633123156
TURKS AND CAICOS ISLANDS,TCA,2002,19.720076176305543,3.031103093847147
TURKS AND CAICOS ISLANDS,TCA,2003,19.831066561394646,3.03644545710149
TURKS AND CAICOS ISLANDS,TCA,2004,20.000893326536822,3.044564976177546
TURKS AND CAICOS ISLANDS,TCA,2005,20.17620110395845,3.0528779616665616
TURKS AND CAICOS ISLANDS,TCA,2006,20.39738540855607,3.0632687373932903
TURKS AND CAICOS ISLANDS,TCA,2007,20.466422911793067,3.0664899893370334
TURKS AND CAICOS ISLANDS,TCA,2008,20.575558553781494,3.07156112556979
TURKS AND CAICOS ISLANDS,TCA,2009,20.371117489636124,3.0620403604129
TURKS AND CAICOS ISLANDS,TCA,2010,20.34753592328876,3.0609363195848935
TURKS AND CAICOS ISLANDS,TCA,2011,20.406895633775274,3.0637130960015466
TURKS AND CAICOS ISLANDS,TCA,2012,20.404658469026348,3.063608583806283
TURKS AND CAICOS ISLANDS,TCA,2013,20.441218526032667,3.0653151688241955
TURKS AND CAICOS ISLANDS,TCA,2014,20.55018544871839,3.0703844220217036
TURKS AND CAICOS ISLANDS,TCA,2015,20.663590139758558,3.075632977595884
TURKS AND CAICOS ISLANDS,TCA,2016,20.755202392614695,3.079852919398258
TURKS AND CAICOS ISLANDS,TCA,2017,20.75179659947986,3.079696356398249
TURKS AND CAICOS ISLANDS,TCA,2018,20.844375780772953,3.0839434870705666
TURKS AND CAICOS ISLANDS,TCA,2019,20.886476956791594,3.085868955539181
TURKS AND CAICOS ISLANDS,TCA,2020,20.467926609134768,3.06656003569195
TURKS AND CAICOS ISLANDS,TCA,2021,20.768031201585107,3.080442434849318
TURKS AND CAICOS ISLANDS,TCA,2022,20.92929934918123,3.0878236124976626
TURKS AND CAICOS ISLANDS,TCA,2023,21.061204420061173,3.0938206097992107
TUVALU,TUV,1970,14.765605774795599,2.757830717555055
TUVALU,TUV,1971,14.815035054945099,2.760961073318235
TUVALU,TUV,1972,14.903553165142696,2.766542553766425
TUVALU,TUV,1973,15.04278440382272,2.775259178633917
TUVALU,TUV,1974,15.23192877189131,2.786980214384962
TUVALU,TUV,1975,15.205485152229977,2.785349774573626
TUVALU,TUV,1976,15.181365507715071,2.783860302860101
TUVALU,TUV,1977,15.1155440581095,2.779784275672349
TUVALU,TUV,1978,15.150191011015538,2.7819318769061874
TUVALU,TUV,1979,15.21808651026344,2.786127070720954
TUVALU,TUV,1980,15.252053099284966,2.7882192453663257
TUVALU,TUV,1981,15.378489269067025,2.7959688439557673
TUVALU,TUV,1982,15.231107659818122,2.7869296268759904
TUVALU,TUV,1983,15.239233234583981,2.7874301189996737
TUVALU,TUV,1984,15.315575003066217,2.7921201732529948
TUVALU,TUV,1985,15.166916298459778,2.7829669502979564
TUVALU,TUV,1986,15.3360530385703,2.7933745081463672
TUVALU,TUV,1987,15.429042777115049,2.79905066967728
TUVALU,TUV,1988,15.762999370469045,2.8191740390943494
TUVALU,TUV,1989,15.950212151651389,2.8302803500697467
TUVALU,TUV,1990,16.071308074913432,2.83739916391807
TUVALU,TUV,1991,16.13074667948739,2.8408749003812335
TUVALU,TUV,1992,16.170216276538042,2.8431762710174753
TUVALU,TUV,1993,16.15870001762135,2.8425053346412716
TUVALU,TUV,1994,16.28128626075277,2.849624196991815
TUVALU,TUV,1995,16.293947507508022,2.850356585232835
TUVALU,TUV,1996,16.40617244525271,2.856824881548667
TUVALU,TUV,1997,16.4354003656016,2.858502643190695
TUVALU,TUV,1998,16.43982736429166,2.858756519595352
TUVALU,TUV,1999,16.510171742093704,2.8627819544788835
TUVALU,TUV,2000,16.52848034038687,2.863827006093104
TUVALU,TUV,2001,16.452045589767337,2.8594568675526646
TUVALU,TUV,2002,16.639426259369458,2.8701365250706408
TUVALU,TUV,2003,16.783683437765625,2.8782813761079216
TUVALU,TUV,2004,16.942195432270957,2.8871552255240385
TUVALU,TUV,2005,16.947083173430066,2.8874276044282245
TUVALU,TUV,2006,16.997592741241743,2.8902380123549474
TUVALU,TUV,2007,17.16366464796596,2.8994231506101933
TUVALU,TUV,2008,17.277314831336884,2.905660664171733
TUVALU,TUV,2009,17.150460722891,2.8986959445700093
TUVALU,TUV,2010,17.284535062291223,2.9060556240038644
TUVALU,TUV,2011,17.484109686720416,2.91691142713456
TUVALU,TUV,2012,17.487894187822832,2.9171161496661533
TUVALU,TUV,2013,17.469174424126475,2.9161030950056825
TUVALU,TUV,2014,17.472924696936104,2.9163061301829867
TUVALU,TUV,2015,17.42133270061586,2.9135093789491613
TUVALU,TUV,2016,17.544309140495233,2.920162957106373
TUVALU,TUV,2017,17.62830079807185,2.9246819726208444
TUVALU,TUV,2018,17.68702943241352,2.9278296699596686
TUVALU,TUV,2019,17.806773460893158,2.9342170954199167
TUVALU,TUV,2020,17.761869177603177,2.9318265749475008
TUVALU,TUV,2021,17.913123202746412,2.9398560304682766
TUVALU,TUV,2022,17.894165717456964,2.9388531822123083
TUVALU,TUV,2023,17.9471559078915,2.9416538362484226
UGANDA,UGA,1960,19.862902561268506,3.0379725847283803
UGANDA,UGA,1961,19.905743183572135,3.0400239146943053
UGANDA,UGA,1962,19.922561460049874,3.0408280724304295
UGANDA,UGA,1963,20.06190371410293,3.0474658974021827
UGANDA,UGA,1964,20.194032838481576,3.05371967217494
UGANDA,UGA,1965,20.60053568315347,3.0727181145285947
UGANDA,UGA,1966,20.64571663463717,3.0748075888992137
UGANDA,UGA,1967,20.689957890280233,3.0768493834021466
UGANDA,UGA,1968,20.759963420081572,3.080071740923901
UGANDA,UGA,1969,20.879035173642176,3.0855288803128724
UGANDA,UGA,1970,20.95402416920856,3.088950456166794
UGANDA,UGA,1971,21.071943043390192,3.094307256420091
UGANDA,UGA,1972,21.12269287292901,3.096603908527014
UGANDA,UGA,1973,21.254969855646124,3.1025653479688606
UGANDA,UGA,1974,21.46470065886494,3.1119452176554683
UGANDA,UGA,1975,21.58173911433162,3.1171415758765937
UGANDA,UGA,1976,21.61825121299323,3.1187571561605223
UGANDA,UGA,1977,21.80047421695137,3.1267813347331943
UGANDA,UGA,1978,21.60714116864629,3.1182658372803376
UGANDA,UGA,1979,21.483615954682914,3.112786864166824
UGANDA,UGA,1980,20.94208806477706,3.0884066219127697
UGANDA,UGA,1981,21.013918492843025,3.0916749120797196
UGANDA,UGA,1982,21.50144326669093,3.1135794523394233
UGANDA,UGA,1983,21.52989050126613,3.114842894302122
UGANDA,UGA,1984,22.008536784971234,3.135865311628589
UGANDA,UGA,1985,21.98164030108739,3.134695649380933
UGANDA,UGA,1986,22.09018471227148,3.139407622999694
UGANDA,UGA,1987,22.558965959357977,3.159506468149492
UGANDA,UGA,1988,22.5964411708926,3.1610959028168923
UGANDA,UGA,1989,22.38652519716776,3.15216001022563
UGANDA,UGA,1990,22.182903432061355,3.1434150859806533
UGANDA,UGA,1991,21.923751315500986,3.132173548414848
UGANDA,UGA,1992,21.773198172039905,3.125584325726087
UGANDA,UGA,1993,21.8927835363352,3.1308217314788083
UGANDA,UGA,1994,22.1071649434109,3.140142740145186
UGANDA,UGA,1995,22.473477152663964,3.155871151964081
UGANDA,UGA,1996,22.522428720965944,3.1579543796451093
UGANDA,UGA,1997,22.558935856300057,3.1595051903736677
UGANDA,UGA,1998,22.608032206151147,3.161587001844687
UGANDA,UGA,1999,22.514785820491156,3.157629407147628
UGANDA,UGA,2000,22.54672531554336,3.158986758375202
UGANDA,UGA,2001,22.488082908920173,3.156493182267504
UGANDA,UGA,2002,22.544351652779017,3.15888594680243
UGANDA,UGA,2003,22.611378014361858,3.1617287151020395
UGANDA,UGA,2004,22.795114569539983,3.1694802894192247
UGANDA,UGA,2005,22.946723494275616,3.1758315084135926
UGANDA,UGA,2006,23.023613196378175,3.179037229834552
UGANDA,UGA,2007,23.200019717618,3.1863534479399123
UGANDA,UGA,2008,23.393295957014246,3.1943083386867777
UGANDA,UGA,2009,23.947240861436264,3.2167632293663844
UGANDA,UGA,2010,24.00693420434048,3.2191531545823797
UGANDA,UGA,2011,24.05087857969881,3.220908899957698
UGANDA,UGA,2012,24.03036921569012,3.220089856261382
UGANDA,UGA,2013,24.087653529176183,3.2223758338516606
UGANDA,UGA,2014,24.20795833700018,3.2271597516846526
UGANDA,UGA,2015,24.201028617602866,3.226884811843183
UGANDA,UGA,2016,24.097571136078905,3.2227710739685667
UGANDA,UGA,2017,24.1489761025747,3.224817184089759
UGANDA,UGA,2018,24.21755960492114,3.2275405615772965
UGANDA,UGA,2019,24.288512038264304,3.230350222978819
UGANDA,UGA,2020,24.350279680908198,3.232789762753775
UGANDA,UGA,2021,24.42530306523797,3.2357448618336098
UGANDA,UGA,2022,24.542413027858306,3.2403403264804167
UGANDA,UGA,2023,24.620639710139667,3.24339826532703
UKRAINE,UKR,1987,24.896186830919522,3.2540957312611676
UKRAINE,UKR,1988,25.038646468143156,3.2595818370394607
UKRAINE,UKR,1989,25.114395648534035,3.2624867196918617
UKRAINE,UKR,1990,25.099322304633787,3.261909348651841
UKRAINE,UKR,1991,25.062732857201496,3.2605064340879895
UKRAINE,UKR,1992,25.026060130567306,3.25909834875562
UKRAINE,UKR,1993,24.907575853822284,3.2545354299431173
UKRAINE,UKR,1994,24.685022946888402,3.245908057315305
UKRAINE,UKR,1995,24.598912295289985,3.242549862117621
UKRAINE,UKR,1996,24.520076198044077,3.2394654442889057
UKRAINE,UKR,1997,24.638314891102006,3.2440879080167955
UKRAINE,UKR,1998,24.45813447292882,3.23703531758249
UKRAINE,UKR,1999,24.175810097431725,3.2258836167336464
UKRAINE,UKR,2000,24.20065494954419,3.226869984240919
UKRAINE,UKR,2001,24.394734117031284,3.2345418343039816
UKRAINE,UKR,2002,24.50645869270187,3.2389317021606328
UKRAINE,UKR,2003,24.67470868479733,3.2455064094911417
UKRAINE,UKR,2004,24.931238952670025,3.2554483790751383
UKRAINE,UKR,2005,25.214582489246176,3.266315839490886
UKRAINE,UKR,2006,25.440735182705193,3.274905820296808
UKRAINE,UKR,2007,25.72542438060305,3.2856153363211598
UKRAINE,UKR,2008,25.9602948118102,3.294365221140483
UKRAINE,UKR,2009,25.52360925408081,3.278035251611077
UKRAINE,UKR,2010,25.67350810626514,3.283670867086369
UKRAINE,UKR,2011,25.855137959641098,3.290457160549258
UKRAINE,UKR,2012,25.93051864432823,3.293260165617938
UKRAINE,UKR,2013,25.97291179243873,3.294833095448468
UKRAINE,UKR,2014,25.617396317075684,3.281564998907432
UKRAINE,UKR,2015,25.234465590946936,3.2670740268510396
UKRAINE,UKR,2016,25.259684580200453,3.2680348573859264
UKRAINE,UKR,2017,25.44257246300672,3.274975304615549
UKRAINE,UKR,2018,25.59763142728152,3.2808221677358325
UKRAINE,UKR,2019,25.75945871908967,3.286888007816653
UKRAINE,UKR,2020,25.777073781490603,3.287546065491061
UKRAINE,UKR,2021,26.020411815542065,3.29659257355366
UKRAINE,UKR,2022,25.810797483180277,3.2888046975414023
UKRAINE,UKR,2023,25.909293298234715,3.2924717027155874
UNITED ARAB EMIRATES,ARE,1970,20.346368799710593,3.0608816455706034
UNITED ARAB EMIRATES,ARE,1971,20.661277234921787,3.0755262072822456
UNITED ARAB EMIRATES,ARE,1972,21.07045680022747,3.094239917844547
UNITED ARAB EMIRATES,ARE,1973,22.16576178581933,3.1426754035348696
UNITED ARAB EMIRATES,ARE,1974,23.178701252343703,3.185472132095808
UNITED ARAB EMIRATES,ARE,1975,23.412522422429316,3.195096214683863
UNITED ARAB EMIRATES,ARE,1976,23.678861234295113,3.205947056736631
UNITED ARAB EMIRATES,ARE,1977,23.936999469962917,3.2163526230687163
UNITED ARAB EMIRATES,ARE,1978,23.891932588906815,3.2145437585603998
UNITED ARAB EMIRATES,ARE,1979,24.164506017506586,3.2254345102922275
UNITED ARAB EMIRATES,ARE,1980,24.498303722215194,3.238611929254337
UNITED ARAB EMIRATES,ARE,1981,24.621867662617337,3.2434461924305564
UNITED ARAB EMIRATES,ARE,1982,24.56535378299549,3.241238067004389
UNITED ARAB EMIRATES,ARE,1983,24.47988158477057,3.2378891833136727
UNITED ARAB EMIRATES,ARE,1984,24.45635245109871,3.236965317001575
UNITED ARAB EMIRATES,ARE,1985,24.42712380669359,3.2358164706660055
UNITED ARAB EMIRATES,ARE,1986,24.247966516982324,3.2287456184974355
UNITED ARAB EMIRATES,ARE,1987,24.317419930681616,3.2314926936116835
UNITED ARAB EMIRATES,ARE,1988,24.314413221435455,3.2313739260671364
UNITED ARAB EMIRATES,ARE,1989,24.448115436306704,3.2366416906007602
UNITED ARAB EMIRATES,ARE,1990,24.649220223435886,3.244513170508895
UNITED ARAB EMIRATES,ARE,1991,24.665860056661725,3.2451617063279268
UNITED ARAB EMIRATES,ARE,1992,24.71666921290612,3.2471393891523106
UNITED ARAB EMIRATES,ARE,1993,24.74190163816228,3.2481200781555657
UNITED ARAB EMIRATES,ARE,1994,24.805961041113047,3.2506055133452256
UNITED ARAB EMIRATES,ARE,1995,24.909029177522296,3.254591524845495
UNITED ARAB EMIRATES,ARE,1996,25.021519943839305,3.258923885822549
UNITED ARAB EMIRATES,ARE,1997,25.090673742345214,3.261577922592335
UNITED ARAB EMIRATES,ARE,1998,25.049704921193808,3.260006440733831
UNITED ARAB EMIRATES,ARE,1999,25.15937187439353,3.2642075153830525
UNITED ARAB EMIRATES,ARE,2000,25.37089545080541,3.2722609569674805
UNITED ARAB EMIRATES,ARE,2001,25.361015893768965,3.2718862481090256
UNITED ARAB EMIRATES,ARE,2002,25.42207390975984,3.2741997937332976
UNITED ARAB EMIRATES,ARE,2003,25.54633671900426,3.2788917614829507
UNITED ARAB EMIRATES,ARE,2004,25.719290719012545,3.2853858033689862
UNITED ARAB EMIRATES,ARE,2005,25.919647195093688,3.2928563990106205
UNITED ARAB EMIRATES,ARE,2006,26.126468044430453,3.300509931849768
UNITED ARAB EMIRATES,ARE,2007,26.27590030477551,3.3060035395987684
UNITED ARAB EMIRATES,ARE,2008,26.477344058443904,3.313361812699392
UNITED ARAB EMIRATES,ARE,2009,26.258816462045612,3.3053770086730907
UNITED ARAB EMIRATES,ARE,2010,26.42767828875501,3.3115526600531617
UNITED ARAB EMIRATES,ARE,2011,26.61168036256666,3.318238884740859
UNITED ARAB EMIRATES,ARE,2012,26.675495996825322,3.3205474006319435
UNITED ARAB EMIRATES,ARE,2013,26.715276559243886,3.3219837615065884
UNITED ARAB EMIRATES,ARE,2014,26.749386287454747,3.3232137241804898
UNITED ARAB EMIRATES,ARE,2015,26.637513077927267,3.3191740193784693
UNITED ARAB EMIRATES,ARE,2016,26.63475418272383,3.3190741901026874
UNITED ARAB EMIRATES,ARE,2017,26.690736837387245,3.3210979470631057
UNITED ARAB EMIRATES,ARE,2018,26.78016560965247,3.3243222987789993
UNITED ARAB EMIRATES,ARE,2019,26.75872268003651,3.3235501216129903
UNITED ARAB EMIRATES,ARE,2020,26.579692186283705,3.317079711544488
UNITED ARAB EMIRATES,ARE,2021,26.751975090318698,3.3233070120855634
UNITED ARAB EMIRATES,ARE,2022,26.951903002751866,3.3304852832494416
UNITED ARAB EMIRATES,ARE,2023,26.94618619527113,3.3302807393166276
UNITED KINGDOM,GBR,1960,25.016925189790243,3.258747295071261
UNITED KINGDOM,GBR,1961,25.076661047661236,3.2610407015486533
UNITED KINGDOM,GBR,1962,25.120766678098548,3.2627306561251883
UNITED KINGDOM,GBR,1963,25.184126315978197,3.265153361353841
UNITED KINGDOM,GBR,1964,25.270886974171905,3.268461366894953
UNITED KINGDOM,GBR,1965,25.34651908516487,3.2713361632312012
UNITED KINGDOM,GBR,1966,25.41068631151074,3.2737687127760373
UNITED KINGDOM,GBR,1967,25.45168752997149,3.2753199570241924
UNITED KINGDOM,GBR,1968,25.40317153448887,3.2734841368189276
UNITED KINGDOM,GBR,1969,25.480854083814492,3.276421984469148
UNITED KINGDOM,GBR,1970,25.59595579218338,3.280759166340879
UNITED KINGDOM,GBR,1971,25.721247384508008,3.285459031130748
UNITED KINGDOM,GBR,1972,25.85885857616606,3.2905956948893134
UNITED KINGDOM,GBR,1973,25.98355922619637,3.2952277629904634
UNITED KINGDOM,GBR,1974,26.05177951995135,3.2977527894484937
UNITED KINGDOM,GBR,1975,26.211197425579847,3.3036285586471643
UNITED KINGDOM,GBR,1976,26.172648651410494,3.302210903096621
UNITED KINGDOM,GBR,1977,26.29567252675553,3.3067281741225436
UNITED KINGDOM,GBR,1978,26.54002881047224,3.3156405394318513
UNITED KINGDOM,GBR,1979,26.807751742662003,3.3253148214921384
UNITED KINGDOM,GBR,1980,27.05999901672935,3.334345039632595
UNITED KINGDOM,GBR,1981,27.016251889322742,3.332784766412656
UNITED KINGDOM,GBR,1982,26.967527717257436,3.3310441127908375
UNITED KINGDOM,GBR,1983,26.91689134889282,3.3292319303232274
UNITED KINGDOM,GBR,1984,26.8577199330388,3.3271101248388524
UNITED KINGDOM,GBR,1985,26.916211314469223,3.329207570780548
UNITED KINGDOM,GBR,1986,27.122613654684244,3.336574009091354
UNITED KINGDOM,GBR,1987,27.336868297642706,3.3441637234861084
UNITED KINGDOM,GBR,1988,27.536845297828815,3.3511960697733443
UNITED KINGDOM,GBR,1989,27.555095141020743,3.351835383962816
UNITED KINGDOM,GBR,1990,27.72010228951475,3.3575973057863115
UNITED KINGDOM,GBR,1991,27.764500038040715,3.359141989251317
UNITED KINGDOM,GBR,1992,27.796246978585284,3.360245065406825
UNITED KINGDOM,GBR,1993,27.69059928193568,3.356569517956913
UNITED KINGDOM,GBR,1994,27.762478887788077,3.3590717213425476
UNITED KINGDOM,GBR,1995,27.926850044995426,3.3647702311033685
UNITED KINGDOM,GBR,1996,27.981428566181496,3.366655230576875
UNITED KINGDOM,GBR,1997,28.07629132972955,3.3699231111666887
UNITED KINGDOM,GBR,1998,28.13403325301343,3.3719070184077697
UNITED KINGDOM,GBR,1999,28.154465061647116,3.3726080764230306
UNITED KINGDOM,GBR,2000,28.141167435029345,3.3721518629374265
UNITED KINGDOM,GBR,2001,28.13169170961352,3.3718266437654676
UNITED KINGDOM,GBR,2002,28.210848364140784,3.374540159597912
UNITED KINGDOM,GBR,2003,28.351016076325866,3.3793271649704715
UNITED KINGDOM,GBR,2004,28.51541865693857,3.3849127931402005
UNITED KINGDOM,GBR,2005,28.564436382403873,3.3865721654145653
UNITED KINGDOM,GBR,2006,28.62739452354029,3.3886994239877333
UNITED KINGDOM,GBR,2007,28.759357307797814,3.3931436138915703
UNITED KINGDOM,GBR,2008,28.70582275590294,3.3913430789802006
UNITED KINGDOM,GBR,2009,28.51182559545461,3.384791050662336
UNITED KINGDOM,GBR,2010,28.541487960318104,3.3857956468677672
UNITED KINGDOM,GBR,2011,28.610776981126165,3.3881383822665616
UNITED KINGDOM,GBR,2012,28.626895272156435,3.3886825728403953
UNITED KINGDOM,GBR,2013,28.655216385602625,3.389638042030301
UNITED KINGDOM,GBR,2014,28.75097349250591,3.3928618538934447
UNITED KINGDOM,GBR,2015,28.705310363519537,3.391325829944321
UNITED KINGDOM,GBR,2016,28.620230123110407,3.3884575779894326
UNITED KINGDOM,GBR,2017,28.616893152334146,3.388344913140254
UNITED KINGDOM,GBR,2018,28.68580005674349,3.390668818908837
UNITED KINGDOM,GBR,2019,28.678833730431514,3.390434122730337
UNITED KINGDOM,GBR,2020,28.62346018556039,3.3885666212457304
UNITED KINGDOM,GBR,2021,28.77572346855789,3.3936934127986658
UNITED KINGDOM,GBR,2022,28.758816655241777,3.3931254462456213
UNITED KINGDOM,GBR,2023,28.83700161768095,3.3957492883057063
UNITED STATES,USA,1960,27.01851077950546,3.332865391013399
UNITED STATES,USA,1961,27.05466147184865,3.334154802541242
UNITED STATES,USA,1962,27.126242859576255,3.336703050110921
UNITED STATES,USA,1963,27.180127406228664,3.33861702761818
UNITED STATES,USA,1964,27.2514351659768,3.341144258637517
UNITED STATES,USA,1965,27.332486853657233,3.3440090916226435
UNITED STATES,USA,1966,27.424037239188845,3.3472351688497577
UNITED STATES,USA,1967,27.479756308193704,3.349193529912845
UNITED STATES,USA,1968,27.569385045270145,3.352335691519257
UNITED STATES,USA,1969,27.64830898820445,3.3550944183194957
UNITED STATES,USA,1970,27.701761925547846,3.356958512015288
UNITED STATES,USA,1971,27.78361343929172,3.359806247410234
UNITED STATES,USA,1972,27.877185639518228,3.3630518591208647
UNITED STATES,USA,1973,27.98545675449345,3.3667942129733297
UNITED STATES,USA,1974,28.06620229546421,3.3695760660457266
UNITED STATES,USA,1975,28.152729704816064,3.3725485518021494
UNITED STATES,USA,1976,28.258782483166925,3.37617978444487
UNITED STATES,USA,1977,28.364266509141835,3.379778510257676
UNITED STATES,USA,1978,28.486116638232033,3.3839195301354668
UNITED STATES,USA,1979,28.59699037916189,3.3876726797809553
UNITED STATES,USA,1980,28.680900688777037,3.3905037644956373
UNITED STATES,USA,1981,28.796369821091677,3.3943865680067615
UNITED STATES,USA,1982,28.83812571107411,3.3957869620717664
UNITED STATES,USA,1983,28.921365542644775,3.39857279185909
UNITED STATES,USA,1984,29.026674791701776,3.4020861463172096
UNITED STATES,USA,1985,29.098660182908205,3.404480658568392
UNITED STATES,USA,1986,29.152639543123303,3.406272466376775
UNITED STATES,USA,1987,29.211074500934366,3.40820856248981
UNITED STATES,USA,1988,29.28666261212007,3.4107074377908098
UNITED STATES,USA,1989,29.361185284050087,3.413164992741967
UNITED STATES,USA,1990,29.416618974696267,3.414989135838071
UNITED STATES,USA,1991,29.4487941135713,3.4160463911901524
UNITED STATES,USA,1992,29.505945643983704,3.417921603762206
UNITED STATES,USA,1993,29.556518477291966,3.419578033636085
UNITED STATES,USA,1994,29.61714544053387,3.4215601605583092
UNITED STATES,USA,1995,29.66438586516415,3.4231019116530117
UNITED STATES,USA,1996,29.719561388329307,3.4248996304538886
UNITED STATES,USA,1997,29.780169674033125,3.426870640872249
UNITED STATES,USA,1998,29.835201114807923,3.428656930712049
UNITED STATES,USA,1999,29.896026037344793,3.430627568427414
UNITED STATES,USA,2000,29.958391695248846,3.4326440995443117
UNITED STATES,USA,2001,29.99016885088127,3.433670020345035
UNITED STATES,USA,2002,30.022450804539673,3.4347111618660304
UNITED STATES,USA,2003,30.06957400610163,3.4362290125321286
UNITED STATES,USA,2004,30.133865583440247,3.4382961522484004
UNITED STATES,USA,2005,30.198981090776343,3.4403854369352618
UNITED STATES,USA,2006,30.256818273920207,3.4422375371490226
UNITED STATES,USA,2007,30.303390804632002,3.443726424094933
UNITED STATES,USA,2008,30.323609869164816,3.4443721221171204
UNITED STATES,USA,2009,30.3036559994998,3.443734895820764
UNITED STATES,USA,2010,30.342330732692933,3.4449696034253154
UNITED STATES,USA,2011,30.378274850549293,3.4461157697117244
UNITED STATES,USA,2012,30.419358302558337,3.447424209403079
UNITED STATES,USA,2013,30.457191066363098,3.448627607768612
UNITED STATES,USA,2014,30.499382297468657,3.4499679360351467
UNITED STATES,USA,2015,30.5376499529343,3.451182068706068
UNITED STATES,USA,2016,30.565139281411003,3.452053324336735
UNITED STATES,USA,2017,30.60716794060142,3.4533839284333596
UNITED STATES,USA,2018,30.65905193035599,3.4550241086588223
UNITED STATES,USA,2019,30.70006867254126,3.456318847207111
UNITED STATES,USA,2020,30.69080507338409,3.456026578030944
UNITED STATES,USA,2021,30.7920148722407,3.4592151536075617
UNITED STATES,USA,2022,30.879226901322046,3.461954603355765
UNITED STATES,USA,2023,30.94013738207559,3.463863444032331
UPPER MIDDLE INCOME,UMC,1960,25.91651925760639,3.2927401969220647
UPPER MIDDLE INCOME,UMC,1961,25.853061189213978,3.29037982522761
UPPER MIDDLE INCOME,UMC,1962,25.859893366556243,3.2906342211153663
UPPER MIDDLE INCOME,UMC,1963,25.952176438110865,3.2940640524656852
UPPER MIDDLE INCOME,UMC,1964,26.094648021170098,3.2993362183882153
UPPER MIDDLE INCOME,UMC,1965,26.21352653206201,3.303714148662665
UPPER MIDDLE INCOME,UMC,1966,26.304497818000012,3.307051443858356
UPPER MIDDLE INCOME,UMC,1967,26.33051068369202,3.3080036855938664
UPPER MIDDLE INCOME,UMC,1968,26.38220443801994,3.3098933293300643
UPPER MIDDLE INCOME,UMC,1969,26.494243705536164,3.313976662963394
UPPER MIDDLE INCOME,UMC,1970,26.592578378345543,3.3175468372278893
UPPER MIDDLE INCOME,UMC,1971,26.669997163236772,3.3203486912775704
UPPER MIDDLE INCOME,UMC,1972,26.812587760033967,3.3254887153384325
UPPER MIDDLE INCOME,UMC,1973,27.056755049259838,3.3342294246963027
UPPER MIDDLE INCOME,UMC,1974,27.294452044415195,3.3426657445972907
UPPER MIDDLE INCOME,UMC,1975,27.43029726786953,3.3474553817415367
UPPER MIDDLE INCOME,UMC,1976,27.50184554665111,3.34996884120087
UPPER MIDDLE INCOME,UMC,1977,27.615581773330604,3.3539513867160946
UPPER MIDDLE INCOME,UMC,1978,27.67210911010058,3.3559248422435863
UPPER MIDDLE INCOME,UMC,1979,27.878264114843432,3.363089205391387
UPPER MIDDLE INCOME,UMC,1980,28.06278674955061,3.369458549950104
UPPER MIDDLE INCOME,UMC,1981,28.13894435040956,3.3720755732889423
UPPER MIDDLE INCOME,UMC,1982,28.097168909623786,3.370640881115551
UPPER MIDDLE INCOME,UMC,1983,28.128579647334604,3.371719810679751
UPPER MIDDLE INCOME,UMC,1984,28.19022705576175,3.373833963381908
UPPER MIDDLE INCOME,UMC,1985,28.209929410337047,3.374508699770131
UPPER MIDDLE INCOME,UMC,1986,28.206814045187702,3.374402039762468
UPPER MIDDLE INCOME,UMC,1987,28.198218147220658,3.3741076850568397
UPPER MIDDLE INCOME,UMC,1988,28.27265251585613,3.3766537189366197
UPPER MIDDLE INCOME,UMC,1989,28.328897650747383,3.3785732979239427
UPPER MIDDLE INCOME,UMC,1990,28.47868445496355,3.3836674413241745
UPPER MIDDLE INCOME,UMC,1991,28.445740679721727,3.382549270765904
UPPER MIDDLE INCOME,UMC,1992,28.523023748490935,3.3851704249910615
UPPER MIDDLE INCOME,UMC,1993,28.649437286690656,3.3894431467371864
UPPER MIDDLE INCOME,UMC,1994,28.767588220200757,3.3934201579803824
UPPER MIDDLE INCOME,UMC,1995,28.893620658009635,3.3976451017136187
UPPER MIDDLE INCOME,UMC,1996,28.994393706350856,3.4010104877436036
UPPER MIDDLE INCOME,UMC,1997,29.056987284034452,3.4030951558834452
UPPER MIDDLE INCOME,UMC,1998,29.04410530487147,3.4026664788393064
UPPER MIDDLE INCOME,UMC,1999,29.017261745848405,3.401772607716202
UPPER MIDDLE INCOME,UMC,2000,29.106315418202044,3.4047349643050415
UPPER MIDDLE INCOME,UMC,2001,29.106762007512298,3.404749797936849
UPPER MIDDLE INCOME,UMC,2002,29.1140224269179,3.4049909246345154
UPPER MIDDLE INCOME,UMC,2003,29.222761762930432,3.408595341250329
UPPER MIDDLE INCOME,UMC,2004,29.388044824482964,3.4140492687117234
UPPER MIDDLE INCOME,UMC,2005,29.560786492759014,3.419717699986755
UPPER MIDDLE INCOME,UMC,2006,29.725458421891155,3.4250915754999856
UPPER MIDDLE INCOME,UMC,2007,29.931549999163575,3.4317766985730604
UPPER MIDDLE INCOME,UMC,2008,30.121550460371832,3.4379005200604995
UPPER MIDDLE INCOME,UMC,2009,30.11350789649906,3.4376420623959647
UPPER MIDDLE INCOME,UMC,2010,30.314112828071416,3.444068885001937
UPPER MIDDLE INCOME,UMC,2011,30.492997191853327,3.4497652097470164
UPPER MIDDLE INCOME,UMC,2012,30.558204337662602,3.4518335975802388
UPPER MIDDLE INCOME,UMC,2013,30.61840668576828,3.453739441067342
UPPER MIDDLE INCOME,UMC,2014,30.6558435584037,3.4549227621453276
UPPER MIDDLE INCOME,UMC,2015,30.618116009995777,3.453730247779662
UPPER MIDDLE INCOME,UMC,2016,30.621993783197954,3.453852884290564
UPPER MIDDLE INCOME,UMC,2017,30.714639314707668,3.4567783823176645
UPPER MIDDLE INCOME,UMC,2018,30.77965931582165,3.458826440969978
UPPER MIDDLE INCOME,UMC,2019,30.796511646223767,3.4593565871093825
UPPER MIDDLE INCOME,UMC,2020,30.765207929517413,3.4583716005657146
UPPER MIDDLE INCOME,UMC,2021,30.94057965154314,3.463877290760674
UPPER MIDDLE INCOME,UMC,2022,30.983294080857025,3.4652137065057538
UPPER MIDDLE INCOME,UMC,2023,31.012140865129954,3.4661152328802847
URUGUAY,URY,1960,20.91250783658494,3.0870576078780907
URUGUAY,URY,1961,21.193269466192145,3.0997890657121836
URUGUAY,URY,1962,21.290643630217325,3.104167022271039
URUGUAY,URY,1963,21.163668996415854,3.0984544166044614
URUGUAY,URY,1964,21.401597931721216,3.10913229255424
URUGUAY,URY,1965,21.36148335547542,3.1073399857768322
URUGUAY,URY,1966,21.314134168385937,3.105220296897643
URUGUAY,URY,1967,21.19148215561805,3.0997085285677928
URUGUAY,URY,1968,21.188679205668357,3.0995822131210957
URUGUAY,URY,1969,21.418628303882056,3.1098922339651076
URUGUAY,URY,1970,21.482714097327598,3.1127467516046297
URUGUAY,URY,1971,21.75547406615877,3.124805734745714
URUGUAY,URY,1972,21.506573855345476,3.1138074378853258
URUGUAY,URY,1973,22.100770220580507,3.139865959854159
URUGUAY,URY,1974,22.132162573965815,3.1412239683693994
URUGUAY,URY,1975,21.986831477692817,3.1349215075148504
URUGUAY,URY,1976,22.02283510793806,3.136486554178559
URUGUAY,URY,1977,22.137752743497277,3.141465601383867
URUGUAY,URY,1978,22.31464696563327,3.1490817882041156
URUGUAY,URY,1979,22.69477238857267,3.1652544494891637
URUGUAY,URY,1980,23.04196638032835,3.1798009025085845
URUGUAY,URY,1981,23.12557341924254,3.183272415615845
URUGUAY,URY,1982,22.94018420541943,3.1755583945621892
URUGUAY,URY,1983,22.352947763734107,3.150723218705191
URUGUAY,URY,1984,22.30229968993279,3.148552054839962
URUGUAY,URY,1985,22.277617560186375,3.1474922791463307
URUGUAY,URY,1986,22.49484178037527,3.156780898349311
URUGUAY,URY,1987,22.7203434691011,3.1663330541722896
URUGUAY,URY,1988,22.82904965037144,3.1709054099281406
URUGUAY,URY,1989,22.856123905143207,3.1720409518864603
URUGUAY,URY,1990,22.95315204074901,3.1760999244142685
URUGUAY,URY,1991,23.139730949922733,3.1838590702022516
URUGUAY,URY,1992,23.278797819865417,3.1896034517803646
URUGUAY,URY,1993,23.43145849264645,3.1958715843736822
URUGUAY,URY,1994,23.58401359951871,3.20209637801379
URUGUAY,URY,1995,23.683249842445825,3.2061248695597273
URUGUAY,URY,1996,23.7444444932559,3.2086009988997253
URUGUAY,URY,1997,23.900058006480656,3.2148701330454847
URUGUAY,URY,1998,23.957459225744714,3.217172744479526
URUGUAY,URY,1999,23.900650493056386,3.2148939273485624
URUGUAY,URY,2000,23.851046505557207,3.2128998645556006
URUGUAY,URY,2001,23.762955747379173,3.209348816595503
URUGUAY,URY,2002,23.33381461220697,3.191866930868536
URUGUAY,URY,2003,23.211968468856824,3.186847075734558
URUGUAY,URY,2004,23.339663353388982,3.1921072564608144
URUGUAY,URY,2005,23.57759914575662,3.201835424255754
URUGUAY,URY,2006,23.705984841000653,3.2070455155388107
URUGUAY,URY,2007,23.892857842842464,3.2145809287052463
URUGUAY,URY,2008,24.161103764286615,3.2252993006747026
URUGUAY,URY,2009,24.210895288534193,3.2272762537994826
URUGUAY,URY,2010,24.459752880357907,3.2370988868904
URUGUAY,URY,2011,24.642113621837908,3.244236063203989
URUGUAY,URY,2012,24.71654188853191,3.247134438095533
URUGUAY,URY,2013,24.83965922627626,3.2519104909898346
URUGUAY,URY,2014,24.84224100941242,3.2520104015243367
URUGUAY,URY,2015,24.77818201643032,3.2495284758790004
URUGUAY,URY,2016,24.774716613795814,3.249394035227483
URUGUAY,URY,2017,24.89774614374971,3.2541559434420586
URUGUAY,URY,2018,24.90293771845526,3.254356387696298
URUGUAY,URY,2019,24.853980706480375,3.2524645816125557
URUGUAY,URY,2020,24.706094618822647,3.2467281084880844
URUGUAY,URY,2021,24.830210658029735,3.2515447626311995
URUGUAY,URY,2022,24.974110934355778,3.257100308655746
URUGUAY,URY,2023,25.07019406072488,3.26079267175065
UZBEKISTAN,UZB,1987,23.38716247662544,3.194056865838097
UZBEKISTAN,UZB,1988,23.63330404729004,3.2040993504067217
UZBEKISTAN,UZB,1989,23.74199823472946,3.2085021330935133
UZBEKISTAN,UZB,1990,23.31570616470351,3.1911224857825173
UZBEKISTAN,UZB,1991,23.339026919868342,3.1920811081188147
UZBEKISTAN,UZB,1992,23.283689381897034,3.189804906126302
UZBEKISTAN,UZB,1993,23.29580278458788,3.190303610513758
UZBEKISTAN,UZB,1994,23.280427796613978,3.1896705853364904
UZBEKISTAN,UZB,1995,23.31481734607554,3.191085931842156
UZBEKISTAN,UZB,1996,23.358665930990227,3.1928876766043777
UZBEKISTAN,UZB,1997,23.414143006935667,3.1951625958095327
UZBEKISTAN,UZB,1998,23.430580515007073,3.1958356473699343
UZBEKISTAN,UZB,1999,23.561084207574762,3.201163247564127
UZBEKISTAN,UZB,2000,23.3450690211751,3.192329324757986
UZBEKISTAN,UZB,2001,23.15700386257498,3.1845743530658135
UZBEKISTAN,UZB,2002,22.994132013149045,3.1778093010009583
UZBEKISTAN,UZB,2003,23.039206686975888,3.1796861094126827
UZBEKISTAN,UZB,2004,23.2106713243609,3.186793499783235
UZBEKISTAN,UZB,2005,23.384050399914976,3.1939292464277464
UZBEKISTAN,UZB,2006,23.57575305566866,3.2017603087242126
UZBEKISTAN,UZB,2007,23.8283633233979,3.2119866820595244
UZBEKISTAN,UZB,2008,24.109330591915484,3.223239513790459
UZBEKISTAN,UZB,2009,24.24044385085977,3.2284476227347083
UZBEKISTAN,UZB,2010,24.630591354483133,3.243786612855931
UZBEKISTAN,UZB,2011,24.820587783976226,3.251172149837008
UZBEKISTAN,UZB,2012,24.935650427163402,3.255618486616067
UZBEKISTAN,UZB,2013,25.016188514642153,3.258718979443166
UZBEKISTAN,UZB,2014,25.11580435033848,3.26254066173324
UZBEKISTAN,UZB,2015,25.179892681372205,3.264991661213314
UZBEKISTAN,UZB,2016,25.1792198492305,3.264965960543107
UZBEKISTAN,UZB,2017,24.85171101961784,3.252376789077992
UZBEKISTAN,UZB,2018,24.69110395399845,3.2461447823276894
UZBEKISTAN,UZB,2019,24.822324332860813,3.251239402004404
UZBEKISTAN,UZB,2020,24.82134842564739,3.2512016081310633
UZBEKISTAN,UZB,2021,24.966039240272902,3.2567895011543926
UZBEKISTAN,UZB,2022,25.119452040746896,3.2626803256562824
UZBEKISTAN,UZB,2023,25.232906461441818,3.267014594505009
VANUATU,VUT,1979,18.59680677585207,2.975366633364248
VANUATU,VUT,1980,18.612832967420722,2.9761840952213845
VANUATU,VUT,1981,18.549793100459464,2.972964703278671
VANUATU,VUT,1982,18.55610208407555,2.973287364792545
VANUATU,VUT,1983,18.581008485176532,2.974560141658338
VANUATU,VUT,1984,18.78866905728439,2.985109504057488
VANUATU,VUT,1985,18.69722416660623,2.980477720567451
VANUATU,VUT,1986,18.655744449777455,2.9783696340037893
VANUATU,VUT,1987,18.753318305792387,2.9833214927172693
VANUATU,VUT,1988,18.880326972737592,2.9897306484139765
VANUATU,VUT,1989,18.852548884732524,2.9883324061809997
VANUATU,VUT,1990,18.944694267297137,2.992963156450569
VANUATU,VUT,1991,19.12047661815502,3.001738033726064
VANUATU,VUT,1992,19.15826971776946,3.003614612028184
VANUATU,VUT,1993,19.116284171306056,3.001529644840782
VANUATU,VUT,1994,19.26955436855856,3.009119975444665
VANUATU,VUT,1995,19.3343009133769,3.01230916027681
VANUATU,VUT,1996,19.38144775613253,3.014625063354542
VANUATU,VUT,1997,19.424143939924353,3.016717727501714
VANUATU,VUT,1998,19.384974323318104,3.014798076683379
VANUATU,VUT,1999,19.406523555637786,3.0158546318698676
VANUATU,VUT,2000,19.421366401620354,3.016581725366593
VANUATU,VUT,2001,19.368186698534956,3.0139742080404677
VANUATU,VUT,2002,19.38612932686334,3.014854734631884
VANUATU,VUT,2003,19.5664037333177,3.0236588577199077
VANUATU,VUT,2004,19.7153993337829,3.0308773528614372
VANUATU,VUT,2005,19.794301212087746,3.0346789689797546
VANUATU,VUT,2006,19.900826463440172,3.039788701894205
VANUATU,VUT,2007,20.062378511408543,3.047488440091603
VANUATU,VUT,2008,20.196900815376722,3.053854983037538
VANUATU,VUT,2009,20.200067855482022,3.0540043824031287
VANUATU,VUT,2010,20.3238518533235,3.059826251521426
VANUATU,VUT,2011,20.462100518140726,3.0662886130342124
VANUATU,VUT,2012,20.432699205146136,3.0649177560637346
VANUATU,VUT,2013,20.446595533467004,3.0655659163887625
VANUATU,VUT,2014,20.464904329710706,3.066419244630053
VANUATU,VUT,2015,20.409747261966523,3.0638462978596372
VANUATU,VUT,2016,20.475944348133226,3.066933441205374
VANUATU,VUT,2017,20.595502728525222,3.072485085999309
VANUATU,VUT,2018,20.634147134302356,3.0742729522528434
VANUATU,VUT,2019,20.65768812817104,3.0753605012581575
VANUATU,VUT,2020,20.62831873907911,3.0740035087460598
VANUATU,VUT,2021,20.672387200294892,3.076038971008154
VANUATU,VUT,2022,20.745241882523068,3.0793949695804264
VANUATU,VUT,2023,20.84221562210289,3.0838445936296983
"VENEZUELA, RB",VEN,1960,22.75979182735706,3.167994732981191
"VENEZUELA, RB",VEN,1961,22.811080603954817,3.170151043927341
"VENEZUELA, RB",VEN,1962,22.89964236092966,3.173863494847665
"VENEZUELA, RB",VEN,1963,22.985936574242537,3.1774676825236408
"VENEZUELA, RB",VEN,1964,22.82647441582133,3.170797332864544
"VENEZUELA, RB",VEN,1965,22.854798965404733,3.17198541157581
"VENEZUELA, RB",VEN,1966,22.895894093352364,3.1737066489217463
"VENEZUELA, RB",VEN,1967,22.947889388470745,3.175880194231274
"VENEZUELA, RB",VEN,1968,23.0292894558729,3.179273480267214
"VENEZUELA, RB",VEN,1969,23.053963163212337,3.1802997714667955
"VENEZUELA, RB",VEN,1970,23.170912812449835,3.185149960342759
"VENEZUELA, RB",VEN,1971,23.287183193546728,3.189948770605998
"VENEZUELA, RB",VEN,1972,23.360730990631097,3.192972450217049
"VENEZUELA, RB",VEN,1973,23.558570016936812,3.2010608775177642
"VENEZUELA, RB",VEN,1974,23.985236791734113,3.2182851221070363
"VENEZUELA, RB",VEN,1975,24.0361656025058,3.2203214036158223
"VENEZUELA, RB",VEN,1976,24.17069566647275,3.2256804474809257
"VENEZUELA, RB",VEN,1977,24.31262042798984,3.231303102504422
"VENEZUELA, RB",VEN,1978,24.394904495747674,3.2345485434958974
"VENEZUELA, RB",VEN,1979,24.600923670813952,3.242628431725787
"VENEZUELA, RB",VEN,1980,24.802776106904815,3.250482087181817
"VENEZUELA, RB",VEN,1981,24.91786955288451,3.254932674930278
"VENEZUELA, RB",VEN,1982,24.93889461979221,3.255743565019361
"VENEZUELA, RB",VEN,1983,24.93622685143333,3.255640711540253
"VENEZUELA, RB",VEN,1984,24.815403690642775,3.250971356041718
"VENEZUELA, RB",VEN,1985,24.849843077568057,3.252304530435744
"VENEZUELA, RB",VEN,1986,24.826175674101815,3.2513885386200894
"VENEZUELA, RB",VEN,1987,24.595071550042547,3.2423998153751663
"VENEZUELA, RB",VEN,1988,24.82137686035825,3.251202709339828
"VENEZUELA, RB",VEN,1989,24.496870306616774,3.2385557115582086
"VENEZUELA, RB",VEN,1990,24.607032406897495,3.242867017155881
"VENEZUELA, RB",VEN,1991,24.702076921108283,3.2465718026868005
"VENEZUELA, RB",VEN,1992,24.824528408135667,3.2513247537793606
"VENEZUELA, RB",VEN,1993,24.81823455073196,3.251081007818678
"VENEZUELA, RB",VEN,1994,24.7909013104115,3.250021767340417
"VENEZUELA, RB",VEN,1995,25.072116791394215,3.26086642109696
"VENEZUELA, RB",VEN,1996,24.9794912826788,3.257307429937531
"VENEZUELA, RB",VEN,1997,25.175723891098787,3.264832412194578
"VENEZUELA, RB",VEN,1998,25.23781920784876,3.267201851165123
"VENEZUELA, RB",VEN,1999,25.307956159473104,3.2698714090044296
"VENEZUELA, RB",VEN,2000,25.486690835014652,3.276642374190164
"VENEZUELA, RB",VEN,2001,25.534726652144876,3.2784543148190304
"VENEZUELA, RB",VEN,2002,25.254720457064877,3.2678457998065125
"VENEZUELA, RB",VEN,2003,25.14955607997296,3.2638322144575835
"VENEZUELA, RB",VEN,2004,25.445786969031094,3.275096862783087
"VENEZUELA, RB",VEN,2005,25.703534631644434,3.284795939851977
"VENEZUELA, RB",VEN,2006,25.935358001700244,3.2934398473640214
"VENEZUELA, RB",VEN,2007,26.162926558150346,3.301853049394828
"VENEZUELA, RB",VEN,2008,26.478860534940388,3.313417001244819
"VENEZUELA, RB",VEN,2009,26.521714735538986,3.3149753198282146
"VENEZUELA, RB",VEN,2010,26.69756478075432,3.3213444952764353
"VENEZUELA, RB",VEN,2011,26.480532807754308,3.313477856094654
"VENEZUELA, RB",VEN,2012,26.6668162104433,3.320233724310626
"VENEZUELA, RB",VEN,2013,26.639482400221127,3.3192452722487693
"VENEZUELA, RB",VEN,2014,26.901955147890614,3.328696763357369
VIET NAM,VNM,1985,23.369063813040498,3.1933144513489724
VIET NAM,VNM,1986,23.994226060713164,3.21864484062192
VIET NAM,VNM,1987,24.324900491838456,3.231788120880767
VIET NAM,VNM,1988,23.958952077636926,3.2172325585508377
VIET NAM,VNM,1989,22.562752202829895,3.159667168719324
VIET NAM,VNM,1990,22.590710967317484,3.1608530314697725
VIET NAM,VNM,1991,22.9864206249479,3.1774878629247567
VIET NAM,VNM,1992,23.01246070330396,3.17857289158335
VIET NAM,VNM,1993,23.302038715313333,3.1905602445768033
VIET NAM,VNM,1994,23.513598299637213,3.199227996215291
VIET NAM,VNM,1995,23.75514508816847,3.2090333497603987
VIET NAM,VNM,1996,23.928345757432698,3.2160055398357565
VIET NAM,VNM,1997,24.013297009947095,3.2194075638678417
VIET NAM,VNM,1998,24.02683576449846,3.2199486797334904
VIET NAM,VNM,1999,24.079593424971634,3.2220545045077853
VIET NAM,VNM,2000,24.16280272320508,3.2253668216220093
VIET NAM,VNM,2001,24.210188176555093,3.2272482055335368
VIET NAM,VNM,2002,24.280443808866128,3.2300311248550204
VIET NAM,VNM,2003,24.400895074828032,3.234784412570064
VIET NAM,VNM,2004,24.539391293354324,3.240222016857346
VIET NAM,VNM,2005,24.777365594608035,3.249496804337908
VIET NAM,VNM,2006,24.918536067668565,3.254958391018271
VIET NAM,VNM,2007,25.072438976561767,3.2608787784816498
VIET NAM,VNM,2008,25.319701024666603,3.27031774714741
VIET NAM,VNM,2009,25.386843219281257,3.2728655230221904
VIET NAM,VNM,2010,25.715066013297598,3.285227676426618
VIET NAM,VNM,2011,25.87421393142957,3.291167236956979
VIET NAM,VNM,2012,25.99928984866932,3.295810563757292
VIET NAM,VNM,2013,26.087880232232095,3.2990864039483445
VIET NAM,VNM,2014,26.176240053663822,3.3023430641157008
VIET NAM,VNM,2015,26.200809677046614,3.3032467403973858
VIET NAM,VNM,2016,26.272715397530522,3.3058867664338547
VIET NAM,VNM,2017,26.362878099473274,3.30918728091608
VIET NAM,VNM,2018,26.46018155414275,3.3127370119036477
VIET NAM,VNM,2019,26.53549985659328,3.315476076048611
VIET NAM,VNM,2020,26.571482621557625,3.3167820002150257
VIET NAM,VNM,2021,26.627195468508756,3.3188006306531954
VIET NAM,VNM,2022,26.740212998860397,3.3228830932588074
VIET NAM,VNM,2023,26.786392617405145,3.324546426670934
VIRGIN ISLANDS (U.S.),VIR,2002,21.905606341145234,3.1313816989876835
VIRGIN ISLANDS (U.S.),VIR,2003,21.959609021302796,3.1337365426174735
VIRGIN ISLANDS (U.S.),VIR,2004,22.057477118196076,3.1379901037471547
VIRGIN ISLANDS (U.S.),VIR,2005,22.211213851792802,3.1446355175742604
VIRGIN ISLANDS (U.S.),VIR,2006,22.223781342156325,3.145176811510779
VIRGIN ISLANDS (U.S.),VIR,2007,22.28854285359474,3.1479615166145587
VIRGIN ISLANDS (U.S.),VIR,2008,22.16877205769815,3.1428053399616918
VIRGIN ISLANDS (U.S.),VIR,2009,22.158588429133655,3.1423657021916354
VIRGIN ISLANDS (U.S.),VIR,2010,22.187446736723373,3.143611043296482
VIRGIN ISLANDS (U.S.),VIR,2011,22.16381161289822,3.142591216576985
VIRGIN ISLANDS (U.S.),VIR,2012,22.131566278328915,3.1411981902641006
VIRGIN ISLANDS (U.S.),VIR,2013,22.04181654597978,3.137310675861217
VIRGIN ISLANDS (U.S.),VIR,2014,21.994429890812672,3.1352520079388437
VIRGIN ISLANDS (U.S.),VIR,2015,22.02154832074309,3.136430660838287
VIRGIN ISLANDS (U.S.),VIR,2016,22.057740449336507,3.1380015243217207
VIRGIN ISLANDS (U.S.),VIR,2017,22.056686708459235,3.137955823184684
VIRGIN ISLANDS (U.S.),VIR,2018,22.090122504173827,3.1394049288600745
VIRGIN ISLANDS (U.S.),VIR,2019,22.13936168930309,3.1415351366531326
VIRGIN ISLANDS (U.S.),VIR,2020,22.15572787891131,3.1422421745028335
VIRGIN ISLANDS (U.S.),VIR,2021,22.214820708723796,3.1447908983631816
WEST BANK AND GAZA,PSE,1994,21.768231186383744,3.125366195300853
WEST BANK AND GAZA,PSE,1995,21.91196255371983,3.131659156424588
WEST BANK AND GAZA,PSE,1996,21.949860819308626,3.1333118719700224
WEST BANK AND GAZA,PSE,1997,22.047631601444134,3.137563013683818
WEST BANK AND GAZA,PSE,1998,22.12636814971567,3.140973444879362
WEST BANK AND GAZA,PSE,1999,22.17516065515025,3.1430810436889587
WEST BANK AND GAZA,PSE,2000,22.185038659242206,3.143507185266757
WEST BANK AND GAZA,PSE,2001,22.110484770517438,3.1402864007221645
WEST BANK AND GAZA,PSE,2002,21.991845910046745,3.1351396274199326
WEST BANK AND GAZA,PSE,2003,22.10152802636904,3.139898763667708
WEST BANK AND GAZA,PSE,2004,22.249995826507515,3.146304952528296
WEST BANK AND GAZA,PSE,2005,22.357532938009804,3.1509195418524394
WEST BANK AND GAZA,PSE,2006,22.400044590349523,3.1527379279323324
WEST BANK AND GAZA,PSE,2007,22.483826994004048,3.1563119712017174
WEST BANK AND GAZA,PSE,2008,22.71256382877328,3.1660050270349807
WEST BANK AND GAZA,PSE,2009,22.81336290631422,3.1702468897658616
WEST BANK AND GAZA,PSE,2010,22.993482684907725,3.1777822386747543
WEST BANK AND GAZA,PSE,2011,23.13793777305196,3.1837847842261873
WEST BANK AND GAZA,PSE,2012,23.225390076351477,3.1874012598701618
WEST BANK AND GAZA,PSE,2013,23.327103011920936,3.1915910790903004
WEST BANK AND GAZA,PSE,2014,23.361587181505385,3.1930075959533974
WEST BANK AND GAZA,PSE,2015,23.360349792167145,3.192956802022968
WEST BANK AND GAZA,PSE,2016,23.457983934253527,3.196956703896144
WEST BANK AND GAZA,PSE,2017,23.50382272883537,3.1988291351276885
WEST BANK AND GAZA,PSE,2018,23.512994330500764,3.199203357785244
WEST BANK AND GAZA,PSE,2019,23.564301448318567,3.201294228347502
WEST BANK AND GAZA,PSE,2020,23.466148933666638,3.1972904859791482
WEST BANK AND GAZA,PSE,2021,23.619674889205616,3.2035459155190624
WEST BANK AND GAZA,PSE,2022,23.67637762466376,3.2058464145478434
WEST BANK AND GAZA,PSE,2023,23.57952337687686,3.2019137132613946
WORLD,WLD,1960,27.941812293515486,3.365287341686155
WORLD,WLD,1961,27.99519153022912,3.367130006936148
WORLD,WLD,1962,28.06464891098776,3.3695226216373073
WORLD,WLD,1963,28.14083240095139,3.372140365937361
WORLD,WLD,1964,28.23412588792439,3.3753367216740293
WORLD,WLD,1965,28.3192761226845,3.378245187855712
WORLD,WLD,1966,28.398643671936735,3.3809485396728545
WORLD,WLD,1967,28.461262678376066,3.383076270889106
WORLD,WLD,1968,28.53888111809141,3.3857073995440263
WORLD,WLD,1969,28.637346814361376,3.3890352827357835
WORLD,WLD,1970,28.730153144943184,3.392161788188908
WORLD,WLD,1971,28.82979865759863,3.3955078488424175
WORLD,WLD,1972,28.97458411102178,3.4003498262892786
WORLD,WLD,1973,29.170571043700303,3.4068669805258303
WORLD,WLD,1974,29.309786121884297,3.411470634689959
WORLD,WLD,1975,29.421225066045203,3.415140557750874
WORLD,WLD,1976,29.50409576283969,3.4178609619038522
WORLD,WLD,1977,29.626644200264316,3.4218703555956287
WORLD,WLD,1978,29.794441409551354,3.4273341999763227
WORLD,WLD,1979,29.944885448339242,3.432207733401931
WORLD,WLD,1980,30.066314126691292,3.4361240851057637
WORLD,WLD,1981,30.09882253915826,3.437169957991236
WORLD,WLD,1982,30.086162980337008,3.4367627999324095
WORLD,WLD,1983,30.11360931290095,3.437645321952455
WORLD,WLD,1984,30.152419546014553,3.4388919162463507
WORLD,WLD,1985,30.197814374238007,3.440348040253917
WORLD,WLD,1986,30.362246674237316,3.4456048343139583
WORLD,WLD,1987,30.49236901650748,3.449745263039275
WORLD,WLD,1988,30.603870226630804,3.4532795886196426
WORLD,WLD,1989,30.642830677233498,3.45451160404413
WORLD,WLD,1990,30.75877282925453,3.458168996755058
WORLD,WLD,1991,30.801695771717196,3.459519614518971
WORLD,WLD,1992,30.868444400117838,3.461616316447807
WORLD,WLD,1993,30.887555628282943,3.4622158279833175
WORLD,WLD,1994,30.961039355084164,3.4645176408662954
WORLD,WLD,1995,31.06953387292433,3.467906478922924
WORLD,WLD,1996,31.092300041811026,3.468616127274696
WORLD,WLD,1997,31.088986189980613,3.4685128619140926
WORLD,WLD,1998,31.08724453535453,3.4684585846651226
WORLD,WLD,1999,31.11934370443728,3.4694584562557798
WORLD,WLD,2000,31.152646546189665,3.470494765995153
WORLD,WLD,2001,31.146349248141224,3.4702988905233583
WORLD,WLD,2002,31.184014895068326,3.4714698974571094
WORLD,WLD,2003,31.298476180287672,3.47502005203486
WORLD,WLD,2004,31.41784918816783,3.4787091719774854
WORLD,WLD,2005,31.497216300625766,3.481154433378887
WORLD,WLD,2006,31.57744185014616,3.483620081065525
WORLD,WLD,2007,31.696878201298006,3.4872796054956487
WORLD,WLD,2008,31.791033185643897,3.4901550995289212
WORLD,WLD,2009,31.737265637843784,3.488514050979455
WORLD,WLD,2010,31.82843619327926,3.491295096912018
WORLD,WLD,2011,31.934515680327923,3.494521216665811
WORLD,WLD,2012,31.956529999822695,3.495189420367441
WORLD,WLD,2013,31.984537265711047,3.4960388839486027
WORLD,WLD,2014,32.01172670039884,3.4968628529005437
WORLD,WLD,2015,31.95329319759611,3.495091201253137
WORLD,WLD,2016,31.969461920090435,3.4955817366620314
WORLD,WLD,2017,32.03224916478881,3.497484331688932
WORLD,WLD,2018,32.0933235555677,3.4993315567679155
WORLD,WLD,2019,32.107739265635864,3.499767069724405
WORLD,WLD,2020,32.08044606437664,3.498942354477413
WORLD,WLD,2021,32.21115071583,3.5028856844670804
WORLD,WLD,2022,32.24836746654863,3.504005667146063
WORLD,WLD,2023,32.289116139929476,3.505230500916939
"YEMEN, REP.",YEM,1990,23.26043451928646,3.1888468142906436
"YEMEN, REP.",YEM,1991,23.408759914783218,3.1949420807703963
"YEMEN, REP.",YEM,1992,23.61137766501292,3.203208842722899
"YEMEN, REP.",YEM,1993,23.802272636270786,3.210935287531686
"YEMEN, REP.",YEM,1994,24.05616595382868,3.2211199431033757
"YEMEN, REP.",YEM,1995,23.2724254732837,3.1893409518396387
"YEMEN, REP.",YEM,1996,22.594477626628507,3.1610126857778833
"YEMEN, REP.",YEM,1997,22.645804784793054,3.163185711667735
"YEMEN, REP.",YEM,1998,22.567329220987983,3.1598613978839767
"YEMEN, REP.",YEM,1999,22.756575124167885,3.167859339498883
"YEMEN, REP.",YEM,2000,22.99325715415158,3.177772838963213
"YEMEN, REP.",YEM,2001,23.011040869699592,3.1785137608012004
"YEMEN, REP.",YEM,2002,23.092895418965966,3.1819170011422298
"YEMEN, REP.",YEM,2003,23.189459541792946,3.185916982156262
"YEMEN, REP.",YEM,2004,23.35282349951517,3.192647797611911
"YEMEN, REP.",YEM,2005,23.540562994732596,3.200327380940247
"YEMEN, REP.",YEM,2006,23.67102264129443,3.2056293825112423
"YEMEN, REP.",YEM,2007,23.798295710223478,3.210774929447559
"YEMEN, REP.",YEM,2008,24.015795603754338,3.2195074495015312
"YEMEN, REP.",YEM,2009,23.947339259374075,3.2167671735999095
"YEMEN, REP.",YEM,2010,24.15424042849325,3.225026487840127
"YEMEN, REP.",YEM,2011,24.211448474874555,3.2272981959108202
"YEMEN, REP.",YEM,2012,24.290015272468832,3.230409664575279
"YEMEN, REP.",YEM,2013,24.422472616094176,3.235633531530217
"YEMEN, REP.",YEM,2014,24.48976781062432,3.238277109308652
"YEMEN, REP.",YEM,2015,24.471462943254668,3.2375587252395825
"YEMEN, REP.",YEM,2016,24.167453269967016,3.225551622858697
"YEMEN, REP.",YEM,2017,24.013242194952635,3.219405372431243
"YEMEN, REP.",YEM,2018,23.796244326851312,3.210692203269564
ZAMBIA,ZMB,1960,20.38499197837857,3.0626893665737547
ZAMBIA,ZMB,1961,20.361270643094112,3.0615794993589516
ZAMBIA,ZMB,1962,20.3567466789729,3.0613676934549456
ZAMBIA,ZMB,1963,20.39297445940028,3.063062571837075
ZAMBIA,ZMB,1964,20.54823194620273,3.0702937689242082
ZAMBIA,ZMB,1965,20.80286888754538,3.082041561482596
ZAMBIA,ZMB,1966,20.957773146910935,3.0891212065318725
ZAMBIA,ZMB,1967,21.03661565614677,3.092705417872706
ZAMBIA,ZMB,1968,21.196923496370758,3.099953698030405
ZAMBIA,ZMB,1969,21.399121520396296,3.1090217402525036
ZAMBIA,ZMB,1970,21.325002367500286,3.1057072328096025
ZAMBIA,ZMB,1971,21.246217640510242,3.1021720004767523
ZAMBIA,ZMB,1972,21.350940353376988,3.1068683941510917
ZAMBIA,ZMB,1973,21.613514887136358,3.1185477314007772
ZAMBIA,ZMB,1974,21.79247120401064,3.126430271078542
ZAMBIA,ZMB,1975,21.616716050308995,3.118689281117046
ZAMBIA,ZMB,1976,21.73224367709011,3.1237843429397167
ZAMBIA,ZMB,1977,21.6453121256793,3.119952860339078
ZAMBIA,ZMB,1978,21.756401447802602,3.124846488137372
ZAMBIA,ZMB,1979,21.93367438172183,3.132606327456622
ZAMBIA,ZMB,1980,22.079845490135977,3.138959747082654
ZAMBIA,ZMB,1981,22.111110719524323,3.1403134854214394
ZAMBIA,ZMB,1982,22.076539814041073,3.138816508998529
ZAMBIA,ZMB,1983,21.923546368560615,3.1321646079995684
ZAMBIA,ZMB,1984,21.723824712415688,3.1234139209006373
ZAMBIA,ZMB,1985,21.535172221990123,3.115077298535868
ZAMBIA,ZMB,1986,21.232796323462694,3.101568510594276
ZAMBIA,ZMB,1987,21.541001293266664,3.1153359305737918
ZAMBIA,ZMB,1988,22.039376285401676,3.137204764515158
ZAMBIA,ZMB,1989,22.108205581842093,3.140187774445227
ZAMBIA,ZMB,1990,21.91269866365057,3.131691283663993
ZAMBIA,ZMB,1991,21.94019182352509,3.1328904736333554
ZAMBIA,ZMB,1992,21.880751186958886,3.1302959975705056
ZAMBIA,ZMB,1993,21.90912721830335,3.1315353996377366
ZAMBIA,ZMB,1994,22.01985597109625,3.1363571465885096
ZAMBIA,ZMB,1995,22.060102957406404,3.1381039795927155
ZAMBIA,ZMB,1996,22.003427429297833,3.1356432234920946
ZAMBIA,ZMB,1997,22.182645330086856,3.143403952629215
ZAMBIA,ZMB,1998,21.986754491045215,3.1349181583461494
ZAMBIA,ZMB,1999,21.948300737025814,3.1332438918056535
ZAMBIA,ZMB,2000,22.004375253498896,3.135684426251015
ZAMBIA,ZMB,2001,22.132896110563507,3.1412556785463064
ZAMBIA,ZMB,2002,22.15688510961683,3.1422921492561926
ZAMBIA,ZMB,2003,22.312882553780092,3.149006107083018
ZAMBIA,ZMB,2004,22.55121421964358,3.15917737835383
ZAMBIA,ZMB,2005,22.843353778028554,3.171505510911422
ZAMBIA,ZMB,2006,23.269334916790864,3.1892136158521436
ZAMBIA,ZMB,2007,23.366383339767836,3.193204450377115
ZAMBIA,ZMB,2008,23.608672993684756,3.203098941522283
ZAMBIA,ZMB,2009,23.452969389864336,3.196751655984952
ZAMBIA,ZMB,2010,23.732188705027262,3.208105581661847
ZAMBIA,ZMB,2011,23.878542018218198,3.2140056655999683
ZAMBIA,ZMB,2012,23.962064298381,3.2173572443434773
ZAMBIA,ZMB,2013,24.056799444291755,3.221145225600952
ZAMBIA,ZMB,2014,24.024312204646506,3.2198478404937734
ZAMBIA,ZMB,2015,23.779679991796364,3.2100239621465194
ZAMBIA,ZMB,2016,23.76580595585493,3.2094639096598514
ZAMBIA,ZMB,2017,23.976489029518522,3.21793494355891
ZAMBIA,ZMB,2018,23.993272219360836,3.2186066774257105
ZAMBIA,ZMB,2019,23.872091136118257,3.213746336955202
ZAMBIA,ZMB,2020,23.621262061874617,3.2036103810945704
ZAMBIA,ZMB,2021,23.818681302552314,3.2115966479279354
ZAMBIA,ZMB,2022,24.09619343871065,3.2227161788085694
ZAMBIA,ZMB,2023,24.061261792633722,3.221323299063637
ZIMBABWE,ZWE,1960,20.774899953247573,3.0807579281584396
ZIMBABWE,ZWE,1961,20.815522815015832,3.0826217721383085
ZIMBABWE,ZWE,1962,20.834450797545227,3.083489034230322
ZIMBABWE,ZWE,1963,20.871264805165225,3.0851736659000606
ZIMBABWE,ZWE,1964,20.919768038114032,3.087388879820996
ZIMBABWE,ZWE,1965,20.994388404490877,3.0907873482986448
ZIMBABWE,ZWE,1966,20.971491778536336,3.0897457847985317
ZIMBABWE,ZWE,1967,21.05759434885944,3.0936569575099133
ZIMBABWE,ZWE,1968,21.115037550336737,3.096257809276648
ZIMBABWE,ZWE,1969,21.281737427680664,3.103767393512431
ZIMBABWE,ZWE,1970,21.35677250816735,3.1071292956577965
ZIMBABWE,ZWE,1971,21.502001687094257,3.11360426912418
ZIMBABWE,ZWE,1972,21.70823503355356,3.122727635508288
ZIMBABWE,ZWE,1973,21.920018720255328,3.132010708611272
ZIMBABWE,ZWE,1974,22.10509057416278,3.140052964425465
ZIMBABWE,ZWE,1975,22.198326444787607,3.1440801400698035
ZIMBABWE,ZWE,1976,22.186144316324075,3.1435548725160842
ZIMBABWE,ZWE,1977,22.19674245837121,3.144011857536575
ZIMBABWE,ZWE,1978,22.19380954541146,3.143885413127661
ZIMBABWE,ZWE,1979,22.367580309580863,3.1513496048754086
ZIMBABWE,ZWE,1980,22.622214379002163,3.1621875565443833
ZIMBABWE,ZWE,1981,22.80412809393215,3.1698590149617143
ZIMBABWE,ZWE,1982,22.867991797294327,3.172538305990191
ZIMBABWE,ZWE,1983,22.772772131788326,3.168540897701659
ZIMBABWE,ZWE,1984,22.572055381223787,3.160061916422414
ZIMBABWE,ZWE,1985,22.4526638446331,3.154984085226722
ZIMBABWE,ZWE,1986,22.55063754545604,3.159152892089874
ZIMBABWE,ZWE,1987,22.631506027520906,3.1625808228759467
ZIMBABWE,ZWE,1988,22.77928317407867,3.168814746740955
ZIMBABWE,ZWE,1989,22.837872125052062,3.1712755817140565
ZIMBABWE,ZWE,1990,22.896176854009518,3.173718481874433
ZIMBABWE,ZWE,1991,22.879839898114678,3.1730345840678678
ZIMBABWE,ZWE,1992,22.6330264217534,3.1626451584000375
ZIMBABWE,ZWE,1993,22.604837566747197,3.1614516726675284
ZIMBABWE,ZWE,1994,22.653434885243087,3.163508342668548
ZIMBABWE,ZWE,1995,22.68494678490554,3.1648396895885402
ZIMBABWE,ZWE,1996,22.869565075582894,3.1726042196394095
ZIMBABWE,ZWE,1997,22.866804974445536,3.172488580300367
ZIMBABWE,ZWE,1998,22.579871311283995,3.160393437557606
ZIMBABWE,ZWE,1999,22.64868360116321,3.163307451704342
ZIMBABWE,ZWE,2000,22.623873373248827,3.1622577843378905
ZIMBABWE,ZWE,2001,22.636857127019756,3.1628072364500412
ZIMBABWE,ZWE,2002,22.570478366725737,3.1599950123180625
ZIMBABWE,ZWE,2003,22.468561000098877,3.155661695673877
ZIMBABWE,ZWE,2004,22.482088530332188,3.156237940336855
ZIMBABWE,ZWE,2005,22.47337227199194,3.155866683903996
ZIMBABWE,ZWE,2006,22.417760909798844,3.153494747698047
ZIMBABWE,ZWE,2007,22.389452653827377,3.1522851794598368
ZIMBABWE,ZWE,2008,22.20843284293177,3.1445156972368653
ZIMBABWE,ZWE,2009,22.991859025907264,3.177714565550288
ZIMBABWE,ZWE,2010,23.21163774246131,3.1868334160168543
ZIMBABWE,ZWE,2011,23.369576816546676,3.193335502551861
ZIMBABWE,ZWE,2012,23.563212338805382,3.201249890279914
ZIMBABWE,ZWE,2013,23.672483904372445,3.205688610692648
ZIMBABWE,ZWE,2014,23.693450512013733,3.2065380470154827
ZIMBABWE,ZWE,2015,23.717152438294857,3.2074974333286974
ZIMBABWE,ZWE,2016,23.746062449785583,3.2086663834201192
ZIMBABWE,ZWE,2017,23.590305900786152,3.2023522961989617
ZIMBABWE,ZWE,2018,24.25420615001102,3.2289927220468844
ZIMBABWE,ZWE,2019,23.806653380898354,3.2111118986777303
ZIMBABWE,ZWE,2020,23.79176975902648,3.210511733536325
ZIMBABWE,ZWE,2021,24.06864174591774,3.221617732238904
ZIMBABWE,ZWE,2022,24.032590120877984,3.220178580748258
ZIMBABWE,ZWE,2023,24.001853810940407,3.218949974556661
